LineId,Date,Time,Level,Component,Content,EventId,EventTemplate,timestamp,hresult,kb_package,session_id,param_count,has_failure,has_warning,has_hresult,event_class
1,2005-12-04,04:47:44,Info,workerEnv.init,workerEnv.init() ok /etc/httpd/conf/workers2.properties,E1,workerEnv.init() ok /etc/httpd/conf/workers2.properties,2005-12-04 04:47:44,,,,0,False,False,False,INIT
2,2005-12-04,04:47:44,Error,mod_jk,mod_jk child workerEnv in error state 6,E2,mod_jk child workerEnv in error state <*>,2005-12-04 04:47:44,,,,1,True,False,False,FAILURE
3,2005-12-04,04:51:08,Info,jk2_init,jk2_init() Found child 6725 in scoreboard slot 10,E3,jk2_init() Found child <*> in scoreboard slot <*>,2005-12-04 04:51:08,,,,2,False,False,False,INIT
4,2005-12-04,04:51:09,Info,jk2_init,jk2_init() Found child 6726 in scoreboard slot 8,E4,jk2_init() Found child <*> in scoreboard slot <*>,2005-12-04 04:51:09,,,,2,False,False,False,INIT
5,2005-12-04,04:51:09,Info,jk2_init,jk2_init() Found child 6728 in scoreboard slot 6,E5,jk2_init() Found child <*> in scoreboard slot <*>,2005-12-04 04:51:09,,,,2,False,False,False,INIT
6,2005-12-04,04:51:14,Info,workerEnv.init,workerEnv.init() ok /etc/httpd/conf/workers2.properties,E6,workerEnv.init() ok /etc/httpd/conf/workers2.properties,2005-12-04 04:51:14,,,,0,False,False,False,INIT
7,2005-12-04,04:51:14,Info,workerEnv.init,workerEnv.init() ok /etc/httpd/conf/workers2.properties,E7,workerEnv.init() ok /etc/httpd/conf/workers2.properties,2005-12-04 04:51:14,,,,0,False,False,False,INIT
8,2005-12-04,04:51:14,Info,workerEnv.init,workerEnv.init() ok /etc/httpd/conf/workers2.properties,E8,workerEnv.init() ok /etc/httpd/conf/workers2.properties,2005-12-04 04:51:14,,,,0,False,False,False,INIT
9,2005-12-04,04:51:18,Error,mod_jk,mod_jk child workerEnv in error state 6,E9,mod_jk child workerEnv in error state <*>,2005-12-04 04:51:18,,,,1,True,False,False,FAILURE
10,2005-12-04,04:51:18,Error,mod_jk,mod_jk child workerEnv in error state 6,E10,mod_jk child workerEnv in error state <*>,2005-12-04 04:51:18,,,,1,True,False,False,FAILURE
11,2005-12-04,04:51:18,Error,mod_jk,mod_jk child workerEnv in error state 6,E11,mod_jk child workerEnv in error state <*>,2005-12-04 04:51:18,,,,1,True,False,False,FAILURE
12,2005-12-04,04:51:37,Info,jk2_init,jk2_init() Found child 6736 in scoreboard slot 10,E12,jk2_init() Found child <*> in scoreboard slot <*>,2005-12-04 04:51:37,,,,2,False,False,False,INIT
13,2005-12-04,04:51:38,Info,jk2_init,jk2_init() Found child 6733 in scoreboard slot 7,E13,jk2_init() Found child <*> in scoreboard slot <*>,2005-12-04 04:51:38,,,,2,False,False,False,INIT
14,2005-12-04,04:51:38,Info,jk2_init,jk2_init() Found child 6734 in scoreboard slot 9,E14,jk2_init() Found child <*> in scoreboard slot <*>,2005-12-04 04:51:38,,,,2,False,False,False,INIT
15,2005-12-04,04:51:52,Info,workerEnv.init,workerEnv.init() ok /etc/httpd/conf/workers2.properties,E15,workerEnv.init() ok /etc/httpd/conf/workers2.properties,2005-12-04 04:51:52,,,,0,False,False,False,INIT
16,2005-12-04,04:51:52,Info,workerEnv.init,workerEnv.init() ok /etc/httpd/conf/workers2.properties,E16,workerEnv.init() ok /etc/httpd/conf/workers2.properties,2005-12-04 04:51:52,,,,0,False,False,False,INIT
17,2005-12-04,04:51:55,Error,mod_jk,mod_jk child workerEnv in error state 6,E17,mod_jk child workerEnv in error state <*>,2005-12-04 04:51:55,,,,1,True,False,False,FAILURE
18,2005-12-04,04:52:04,Info,jk2_init,jk2_init() Found child 6738 in scoreboard slot 6,E18,jk2_init() Found child <*> in scoreboard slot <*>,2005-12-04 04:52:04,,,,2,False,False,False,INIT
19,2005-12-04,04:52:04,Info,jk2_init,jk2_init() Found child 6741 in scoreboard slot 9,E19,jk2_init() Found child <*> in scoreboard slot <*>,2005-12-04 04:52:04,,,,2,False,False,False,INIT
20,2005-12-04,04:52:05,Info,jk2_init,jk2_init() Found child 6740 in scoreboard slot 7,E20,jk2_init() Found child <*> in scoreboard slot <*>,2005-12-04 04:52:05,,,,2,False,False,False,INIT
21,2005-12-04,04:52:05,Info,jk2_init,jk2_init() Found child 6737 in scoreboard slot 8,E21,jk2_init() Found child <*> in scoreboard slot <*>,2005-12-04 04:52:05,,,,2,False,False,False,INIT
22,2005-12-04,04:52:12,Info,workerEnv.init,workerEnv.init() ok /etc/httpd/conf/workers2.properties,E22,workerEnv.init() ok /etc/httpd/conf/workers2.properties,2005-12-04 04:52:12,,,,0,False,False,False,INIT
23,2005-12-04,04:52:12,Info,workerEnv.init,workerEnv.init() ok /etc/httpd/conf/workers2.properties,E23,workerEnv.init() ok /etc/httpd/conf/workers2.properties,2005-12-04 04:52:12,,,,0,False,False,False,INIT
24,2005-12-04,04:52:12,Info,workerEnv.init,workerEnv.init() ok /etc/httpd/conf/workers2.properties,E24,workerEnv.init() ok /etc/httpd/conf/workers2.properties,2005-12-04 04:52:12,,,,0,False,False,False,INIT
25,2005-12-04,04:52:15,Error,mod_jk,mod_jk child workerEnv in error state 6,E25,mod_jk child workerEnv in error state <*>,2005-12-04 04:52:15,,,,1,True,False,False,FAILURE
26,2005-12-04,04:52:15,Error,mod_jk,mod_jk child workerEnv in error state 7,E26,mod_jk child workerEnv in error state <*>,2005-12-04 04:52:15,,,,1,True,False,False,FAILURE
27,2005-12-04,04:52:15,Error,mod_jk,mod_jk child workerEnv in error state 7,E27,mod_jk child workerEnv in error state <*>,2005-12-04 04:52:15,,,,1,True,False,False,FAILURE
28,2005-12-04,04:52:36,Info,jk2_init,jk2_init() Found child 6748 in scoreboard slot 6,E28,jk2_init() Found child <*> in scoreboard slot <*>,2005-12-04 04:52:36,,,,2,False,False,False,INIT
29,2005-12-04,04:52:36,Info,jk2_init,jk2_init() Found child 6744 in scoreboard slot 10,E29,jk2_init() Found child <*> in scoreboard slot <*>,2005-12-04 04:52:36,,,,2,False,False,False,INIT
30,2005-12-04,04:52:36,Info,jk2_init,jk2_init() Found child 6745 in scoreboard slot 8,E30,jk2_init() Found child <*> in scoreboard slot <*>,2005-12-04 04:52:36,,,,2,False,False,False,INIT
31,2005-12-04,04:52:49,Info,workerEnv.init,workerEnv.init() ok /etc/httpd/conf/workers2.properties,E31,workerEnv.init() ok /etc/httpd/conf/workers2.properties,2005-12-04 04:52:49,,,,0,False,False,False,INIT
32,2005-12-04,04:52:49,Info,workerEnv.init,workerEnv.init() ok /etc/httpd/conf/workers2.properties,E32,workerEnv.init() ok /etc/httpd/conf/workers2.properties,2005-12-04 04:52:49,,,,0,False,False,False,INIT
33,2005-12-04,04:52:52,Error,mod_jk,mod_jk child workerEnv in error state 7,E33,mod_jk child workerEnv in error state <*>,2005-12-04 04:52:52,,,,1,True,False,False,FAILURE
34,2005-12-04,04:52:52,Error,mod_jk,mod_jk child workerEnv in error state 6,E34,mod_jk child workerEnv in error state <*>,2005-12-04 04:52:52,,,,1,True,False,False,FAILURE
35,2005-12-04,04:53:05,Info,jk2_init,jk2_init() Found child 6750 in scoreboard slot 7,E35,jk2_init() Found child <*> in scoreboard slot <*>,2005-12-04 04:53:05,,,,2,False,False,False,INIT
36,2005-12-04,04:53:05,Info,jk2_init,jk2_init() Found child 6751 in scoreboard slot 9,E36,jk2_init() Found child <*> in scoreboard slot <*>,2005-12-04 04:53:05,,,,2,False,False,False,INIT
37,2005-12-04,04:53:05,Info,jk2_init,jk2_init() Found child 6752 in scoreboard slot 10,E37,jk2_init() Found child <*> in scoreboard slot <*>,2005-12-04 04:53:05,,,,2,False,False,False,INIT
38,2005-12-04,04:53:15,Info,workerEnv.init,workerEnv.init() ok /etc/httpd/conf/workers2.properties,E38,workerEnv.init() ok /etc/httpd/conf/workers2.properties,2005-12-04 04:53:15,,,,0,False,False,False,INIT
39,2005-12-04,04:53:15,Info,workerEnv.init,workerEnv.init() ok /etc/httpd/conf/workers2.properties,E39,workerEnv.init() ok /etc/httpd/conf/workers2.properties,2005-12-04 04:53:15,,,,0,False,False,False,INIT
40,2005-12-04,04:53:16,Error,mod_jk,mod_jk child workerEnv in error state 7,E40,mod_jk child workerEnv in error state <*>,2005-12-04 04:53:16,,,,1,True,False,False,FAILURE
41,2005-12-04,04:53:16,Error,mod_jk,mod_jk child workerEnv in error state 6,E41,mod_jk child workerEnv in error state <*>,2005-12-04 04:53:16,,,,1,True,False,False,FAILURE
42,2005-12-04,04:53:29,Info,jk2_init,jk2_init() Found child 6754 in scoreboard slot 8,E42,jk2_init() Found child <*> in scoreboard slot <*>,2005-12-04 04:53:29,,,,2,False,False,False,INIT
43,2005-12-04,04:53:29,Info,jk2_init,jk2_init() Found child 6755 in scoreboard slot 6,E43,jk2_init() Found child <*> in scoreboard slot <*>,2005-12-04 04:53:29,,,,2,False,False,False,INIT
44,2005-12-04,04:53:40,Info,jk2_init,jk2_init() Found child 6756 in scoreboard slot 7,E44,jk2_init() Found child <*> in scoreboard slot <*>,2005-12-04 04:53:40,,,,2,False,False,False,INIT
45,2005-12-04,04:53:51,Info,workerEnv.init,workerEnv.init() ok /etc/httpd/conf/workers2.properties,E45,workerEnv.init() ok /etc/httpd/conf/workers2.properties,2005-12-04 04:53:51,,,,0,False,False,False,INIT
46,2005-12-04,04:53:54,Error,mod_jk,mod_jk child workerEnv in error state 7,E46,mod_jk child workerEnv in error state <*>,2005-12-04 04:53:54,,,,1,True,False,False,FAILURE
47,2005-12-04,04:54:15,Info,jk2_init,jk2_init() Found child 6763 in scoreboard slot 10,E47,jk2_init() Found child <*> in scoreboard slot <*>,2005-12-04 04:54:15,,,,2,False,False,False,INIT
48,2005-12-04,04:54:15,Info,jk2_init,jk2_init() Found child 6766 in scoreboard slot 6,E48,jk2_init() Found child <*> in scoreboard slot <*>,2005-12-04 04:54:15,,,,2,False,False,False,INIT
49,2005-12-04,04:54:15,Info,jk2_init,jk2_init() Found child 6767 in scoreboard slot 7,E49,jk2_init() Found child <*> in scoreboard slot <*>,2005-12-04 04:54:15,,,,2,False,False,False,INIT
50,2005-12-04,04:54:15,Info,jk2_init,jk2_init() Found child 6765 in scoreboard slot 8,E50,jk2_init() Found child <*> in scoreboard slot <*>,2005-12-04 04:54:15,,,,2,False,False,False,INIT
51,2005-12-04,04:54:18,Info,workerEnv.init,workerEnv.init() ok /etc/httpd/conf/workers2.properties,E51,workerEnv.init() ok /etc/httpd/conf/workers2.properties,2005-12-04 04:54:18,,,,0,False,False,False,INIT
52,2005-12-04,04:54:18,Info,workerEnv.init,workerEnv.init() ok /etc/httpd/conf/workers2.properties,E52,workerEnv.init() ok /etc/httpd/conf/workers2.properties,2005-12-04 04:54:18,,,,0,False,False,False,INIT
53,2005-12-04,04:54:18,Info,workerEnv.init,workerEnv.init() ok /etc/httpd/conf/workers2.properties,E53,workerEnv.init() ok /etc/httpd/conf/workers2.properties,2005-12-04 04:54:18,,,,0,False,False,False,INIT
54,2005-12-04,04:54:18,Info,workerEnv.init,workerEnv.init() ok /etc/httpd/conf/workers2.properties,E54,workerEnv.init() ok /etc/httpd/conf/workers2.properties,2005-12-04 04:54:18,,,,0,False,False,False,INIT
55,2005-12-04,04:54:18,Error,mod_jk,mod_jk child workerEnv in error state 6,E55,mod_jk child workerEnv in error state <*>,2005-12-04 04:54:18,,,,1,True,False,False,FAILURE
56,2005-12-04,04:54:18,Error,mod_jk,mod_jk child workerEnv in error state 6,E56,mod_jk child workerEnv in error state <*>,2005-12-04 04:54:18,,,,1,True,False,False,FAILURE
57,2005-12-04,04:54:18,Error,mod_jk,mod_jk child workerEnv in error state 7,E57,mod_jk child workerEnv in error state <*>,2005-12-04 04:54:18,,,,1,True,False,False,FAILURE
58,2005-12-04,04:54:18,Error,mod_jk,mod_jk child workerEnv in error state 7,E58,mod_jk child workerEnv in error state <*>,2005-12-04 04:54:18,,,,1,True,False,False,FAILURE
59,2005-12-04,04:54:20,Info,jk2_init,jk2_init() Found child 6768 in scoreboard slot 9,E59,jk2_init() Found child <*> in scoreboard slot <*>,2005-12-04 04:54:20,,,,2,False,False,False,INIT
60,2005-12-04,04:54:20,Info,workerEnv.init,workerEnv.init() ok /etc/httpd/conf/workers2.properties,E60,workerEnv.init() ok /etc/httpd/conf/workers2.properties,2005-12-04 04:54:20,,,,0,False,False,False,INIT
61,2005-12-04,04:54:20,Error,mod_jk,mod_jk child workerEnv in error state 6,E61,mod_jk child workerEnv in error state <*>,2005-12-04 04:54:20,,,,1,True,False,False,FAILURE
62,2005-12-04,04:56:52,Info,jk2_init,jk2_init() Found child 8527 in scoreboard slot 10,E62,jk2_init() Found child <*> in scoreboard slot <*>,2005-12-04 04:56:52,,,,2,False,False,False,INIT
63,2005-12-04,04:56:52,Info,jk2_init,jk2_init() Found child 8533 in scoreboard slot 8,E63,jk2_init() Found child <*> in scoreboard slot <*>,2005-12-04 04:56:52,,,,2,False,False,False,INIT
64,2005-12-04,04:56:57,Info,workerEnv.init,workerEnv.init() ok /etc/httpd/conf/workers2.properties,E64,workerEnv.init() ok /etc/httpd/conf/workers2.properties,2005-12-04 04:56:57,,,,0,False,False,False,INIT
65,2005-12-04,04:56:57,Info,workerEnv.init,workerEnv.init() ok /etc/httpd/conf/workers2.properties,E65,workerEnv.init() ok /etc/httpd/conf/workers2.properties,2005-12-04 04:56:57,,,,0,False,False,False,INIT
66,2005-12-04,04:56:59,Error,mod_jk,mod_jk child workerEnv in error state 6,E66,mod_jk child workerEnv in error state <*>,2005-12-04 04:56:59,,,,1,True,False,False,FAILURE
67,2005-12-04,04:57:00,Error,mod_jk,mod_jk child workerEnv in error state 6,E67,mod_jk child workerEnv in error state <*>,2005-12-04 04:57:00,,,,1,True,False,False,FAILURE
68,2005-12-04,04:57:20,Info,jk2_init,jk2_init() Found child 8536 in scoreboard slot 6,E68,jk2_init() Found child <*> in scoreboard slot <*>,2005-12-04 04:57:20,,,,2,False,False,False,INIT
69,2005-12-04,04:57:20,Info,jk2_init,jk2_init() Found child 8539 in scoreboard slot 7,E69,jk2_init() Found child <*> in scoreboard slot <*>,2005-12-04 04:57:20,,,,2,False,False,False,INIT
70,2005-12-04,04:57:24,Info,workerEnv.init,workerEnv.init() ok /etc/httpd/conf/workers2.properties,E70,workerEnv.init() ok /etc/httpd/conf/workers2.properties,2005-12-04 04:57:24,,,,0,False,False,False,INIT
71,2005-12-04,04:57:24,Info,workerEnv.init,workerEnv.init() ok /etc/httpd/conf/workers2.properties,E71,workerEnv.init() ok /etc/httpd/conf/workers2.properties,2005-12-04 04:57:24,,,,0,False,False,False,INIT
72,2005-12-04,04:57:24,Error,mod_jk,mod_jk child workerEnv in error state 6,E72,mod_jk child workerEnv in error state <*>,2005-12-04 04:57:24,,,,1,True,False,False,FAILURE
73,2005-12-04,04:57:24,Error,mod_jk,mod_jk child workerEnv in error state 6,E73,mod_jk child workerEnv in error state <*>,2005-12-04 04:57:24,,,,1,True,False,False,FAILURE
74,2005-12-04,04:57:49,Info,jk2_init,jk2_init() Found child 8541 in scoreboard slot 9,E74,jk2_init() Found child <*> in scoreboard slot <*>,2005-12-04 04:57:49,,,,2,False,False,False,INIT
75,2005-12-04,04:58:11,Info,workerEnv.init,workerEnv.init() ok /etc/httpd/conf/workers2.properties,E75,workerEnv.init() ok /etc/httpd/conf/workers2.properties,2005-12-04 04:58:11,,,,0,False,False,False,INIT
76,2005-12-04,04:58:18,Error,mod_jk,mod_jk child workerEnv in error state 6,E76,mod_jk child workerEnv in error state <*>,2005-12-04 04:58:18,,,,1,True,False,False,FAILURE
77,2005-12-04,04:58:45,Info,jk2_init,jk2_init() Found child 8547 in scoreboard slot 10,E77,jk2_init() Found child <*> in scoreboard slot <*>,2005-12-04 04:58:45,,,,2,False,False,False,INIT
78,2005-12-04,04:58:57,Info,workerEnv.init,workerEnv.init() ok /etc/httpd/conf/workers2.properties,E78,workerEnv.init() ok /etc/httpd/conf/workers2.properties,2005-12-04 04:58:57,,,,0,False,False,False,INIT
79,2005-12-04,04:58:58,Error,mod_jk,mod_jk child workerEnv in error state 6,E79,mod_jk child workerEnv in error state <*>,2005-12-04 04:58:58,,,,1,True,False,False,FAILURE
80,2005-12-04,04:59:28,Info,jk2_init,jk2_init() Found child 8554 in scoreboard slot 6,E80,jk2_init() Found child <*> in scoreboard slot <*>,2005-12-04 04:59:28,,,,2,False,False,False,INIT
81,2005-12-04,04:59:27,Info,jk2_init,jk2_init() Found child 8553 in scoreboard slot 8,E81,jk2_init() Found child <*> in scoreboard slot <*>,2005-12-04 04:59:27,,,,2,False,False,False,INIT
82,2005-12-04,04:59:35,Info,workerEnv.init,workerEnv.init() ok /etc/httpd/conf/workers2.properties,E82,workerEnv.init() ok /etc/httpd/conf/workers2.properties,2005-12-04 04:59:35,,,,0,False,False,False,INIT
83,2005-12-04,04:59:35,Info,workerEnv.init,workerEnv.init() ok /etc/httpd/conf/workers2.properties,E83,workerEnv.init() ok /etc/httpd/conf/workers2.properties,2005-12-04 04:59:35,,,,0,False,False,False,INIT
84,2005-12-04,04:59:38,Error,mod_jk,mod_jk child workerEnv in error state 6,E84,mod_jk child workerEnv in error state <*>,2005-12-04 04:59:38,,,,1,True,False,False,FAILURE
85,2005-12-04,04:59:38,Error,mod_jk,mod_jk child workerEnv in error state 6,E85,mod_jk child workerEnv in error state <*>,2005-12-04 04:59:38,,,,1,True,False,False,FAILURE
86,2005-12-04,05:00:03,Info,jk2_init,jk2_init() Found child 8560 in scoreboard slot 7,E86,jk2_init() Found child <*> in scoreboard slot <*>,2005-12-04 05:00:03,,,,2,False,False,False,INIT
87,2005-12-04,05:00:09,Info,workerEnv.init,workerEnv.init() ok /etc/httpd/conf/workers2.properties,E87,workerEnv.init() ok /etc/httpd/conf/workers2.properties,2005-12-04 05:00:09,,,,0,False,False,False,INIT
88,2005-12-04,05:00:09,Error,mod_jk,mod_jk child workerEnv in error state 6,E88,mod_jk child workerEnv in error state <*>,2005-12-04 05:00:09,,,,1,True,False,False,FAILURE
89,2005-12-04,05:00:13,Info,jk2_init,jk2_init() Found child 8565 in scoreboard slot 9,E89,jk2_init() Found child <*> in scoreboard slot <*>,2005-12-04 05:00:13,,,,2,False,False,False,INIT
90,2005-12-04,05:00:13,Info,jk2_init,jk2_init() Found child 8573 in scoreboard slot 10,E90,jk2_init() Found child <*> in scoreboard slot <*>,2005-12-04 05:00:13,,,,2,False,False,False,INIT
91,2005-12-04,05:00:15,Info,workerEnv.init,workerEnv.init() ok /etc/httpd/conf/workers2.properties,E91,workerEnv.init() ok /etc/httpd/conf/workers2.properties,2005-12-04 05:00:15,,,,0,False,False,False,INIT
92,2005-12-04,05:00:15,Error,mod_jk,mod_jk child workerEnv in error state 6,E92,mod_jk child workerEnv in error state <*>,2005-12-04 05:00:15,,,,1,True,False,False,FAILURE
93,2005-12-04,05:00:15,Info,workerEnv.init,workerEnv.init() ok /etc/httpd/conf/workers2.properties,E93,workerEnv.init() ok /etc/httpd/conf/workers2.properties,2005-12-04 05:00:15,,,,0,False,False,False,INIT
94,2005-12-04,05:00:15,Error,mod_jk,mod_jk child workerEnv in error state 6,E94,mod_jk child workerEnv in error state <*>,2005-12-04 05:00:15,,,,1,True,False,False,FAILURE
95,2005-12-04,05:01:20,Info,jk2_init,jk2_init() Found child 8584 in scoreboard slot 7,E95,jk2_init() Found child <*> in scoreboard slot <*>,2005-12-04 05:01:20,,,,2,False,False,False,INIT
96,2005-12-04,05:01:20,Info,jk2_init,jk2_init() Found child 8587 in scoreboard slot 9,E96,jk2_init() Found child <*> in scoreboard slot <*>,2005-12-04 05:01:20,,,,2,False,False,False,INIT
97,2005-12-04,05:02:14,Info,jk2_init,jk2_init() Found child 8603 in scoreboard slot 10,E97,jk2_init() Found child <*> in scoreboard slot <*>,2005-12-04 05:02:14,,,,2,False,False,False,INIT
98,2005-12-04,05:02:14,Info,jk2_init,jk2_init() Found child 8605 in scoreboard slot 8,E98,jk2_init() Found child <*> in scoreboard slot <*>,2005-12-04 05:02:14,,,,2,False,False,False,INIT
99,2005-12-04,05:04:03,Info,jk2_init,jk2_init() Found child 8764 in scoreboard slot 10,E99,jk2_init() Found child <*> in scoreboard slot <*>,2005-12-04 05:04:03,,,,2,False,False,False,INIT
100,2005-12-04,05:04:03,Info,jk2_init,jk2_init() Found child 8765 in scoreboard slot 11,E100,jk2_init() Found child <*> in scoreboard slot <*>,2005-12-04 05:04:03,,,,2,False,False,False,INIT
101,2005-12-04,05:04:03,Info,jk2_init,jk2_init() Found child 8763 in scoreboard slot 9,E101,jk2_init() Found child <*> in scoreboard slot <*>,2005-12-04 05:04:03,,,,2,False,False,False,INIT
102,2005-12-04,05:04:03,Info,jk2_init,jk2_init() Found child 8744 in scoreboard slot 8,E102,jk2_init() Found child <*> in scoreboard slot <*>,2005-12-04 05:04:03,,,,2,False,False,False,INIT
103,2005-12-04,05:04:03,Info,jk2_init,jk2_init() Found child 8743 in scoreboard slot 7,E103,jk2_init() Found child <*> in scoreboard slot <*>,2005-12-04 05:04:03,,,,2,False,False,False,INIT
104,2005-12-04,05:04:03,Info,jk2_init,jk2_init() Found child 8738 in scoreboard slot 6,E104,jk2_init() Found child <*> in scoreboard slot <*>,2005-12-04 05:04:03,,,,2,False,False,False,INIT
105,2005-12-04,05:04:03,Info,jk2_init,jk2_init() Found child 8766 in scoreboard slot 12,E105,jk2_init() Found child <*> in scoreboard slot <*>,2005-12-04 05:04:03,,,,2,False,False,False,INIT
106,2005-12-04,05:04:04,Info,workerEnv.init,workerEnv.init() ok /etc/httpd/conf/workers2.properties,E106,workerEnv.init() ok /etc/httpd/conf/workers2.properties,2005-12-04 05:04:04,,,,0,False,False,False,INIT
107,2005-12-04,05:04:04,Error,mod_jk,mod_jk child workerEnv in error state 7,E107,mod_jk child workerEnv in error state <*>,2005-12-04 05:04:04,,,,1,True,False,False,FAILURE
108,2005-12-04,05:04:04,Info,workerEnv.init,workerEnv.init() ok /etc/httpd/conf/workers2.properties,E108,workerEnv.init() ok /etc/httpd/conf/workers2.properties,2005-12-04 05:04:04,,,,0,False,False,False,INIT
109,2005-12-04,05:04:04,Error,mod_jk,mod_jk child workerEnv in error state 6,E109,mod_jk child workerEnv in error state <*>,2005-12-04 05:04:04,,,,1,True,False,False,FAILURE
110,2005-12-04,05:04:04,Info,workerEnv.init,workerEnv.init() ok /etc/httpd/conf/workers2.properties,E110,workerEnv.init() ok /etc/httpd/conf/workers2.properties,2005-12-04 05:04:04,,,,0,False,False,False,INIT
111,2005-12-04,05:04:04,Error,mod_jk,mod_jk child workerEnv in error state 7,E111,mod_jk child workerEnv in error state <*>,2005-12-04 05:04:04,,,,1,True,False,False,FAILURE
112,2005-12-04,05:04:04,Info,workerEnv.init,workerEnv.init() ok /etc/httpd/conf/workers2.properties,E112,workerEnv.init() ok /etc/httpd/conf/workers2.properties,2005-12-04 05:04:04,,,,0,False,False,False,INIT
113,2005-12-04,05:04:04,Error,mod_jk,mod_jk child workerEnv in error state 7,E113,mod_jk child workerEnv in error state <*>,2005-12-04 05:04:04,,,,1,True,False,False,FAILURE
114,2005-12-04,05:04:04,Info,workerEnv.init,workerEnv.init() ok /etc/httpd/conf/workers2.properties,E114,workerEnv.init() ok /etc/httpd/conf/workers2.properties,2005-12-04 05:04:04,,,,0,False,False,False,INIT
115,2005-12-04,05:04:04,Error,mod_jk,mod_jk child workerEnv in error state 7,E115,mod_jk child workerEnv in error state <*>,2005-12-04 05:04:04,,,,1,True,False,False,FAILURE
116,2005-12-04,05:04:04,Info,workerEnv.init,workerEnv.init() ok /etc/httpd/conf/workers2.properties,E116,workerEnv.init() ok /etc/httpd/conf/workers2.properties,2005-12-04 05:04:04,,,,0,False,False,False,INIT
117,2005-12-04,05:04:04,Error,mod_jk,mod_jk child workerEnv in error state 6,E117,mod_jk child workerEnv in error state <*>,2005-12-04 05:04:04,,,,1,True,False,False,FAILURE
118,2005-12-04,05:04:04,Info,workerEnv.init,workerEnv.init() ok /etc/httpd/conf/workers2.properties,E118,workerEnv.init() ok /etc/httpd/conf/workers2.properties,2005-12-04 05:04:04,,,,0,False,False,False,INIT
119,2005-12-04,05:04:04,Error,mod_jk,mod_jk child workerEnv in error state 6,E119,mod_jk child workerEnv in error state <*>,2005-12-04 05:04:04,,,,1,True,False,False,FAILURE
120,2005-12-04,05:11:51,Info,jk2_init,jk2_init() Found child 25792 in scoreboard slot 6,E120,jk2_init() Found child <*> in scoreboard slot <*>,2005-12-04 05:11:51,,,,2,False,False,False,INIT
121,2005-12-04,05:12:07,Info,workerEnv.init,workerEnv.init() ok /etc/httpd/conf/workers2.properties,E121,workerEnv.init() ok /etc/httpd/conf/workers2.properties,2005-12-04 05:12:07,,,,0,False,False,False,INIT
122,2005-12-04,05:12:10,Error,mod_jk,mod_jk child workerEnv in error state 6,E122,mod_jk child workerEnv in error state <*>,2005-12-04 05:12:10,,,,1,True,False,False,FAILURE
123,2005-12-04,05:12:26,Info,jk2_init,jk2_init() Found child 25798 in scoreboard slot 7,E123,jk2_init() Found child <*> in scoreboard slot <*>,2005-12-04 05:12:26,,,,2,False,False,False,INIT
124,2005-12-04,05:12:26,Info,jk2_init,jk2_init() Found child 25803 in scoreboard slot 8,E124,jk2_init() Found child <*> in scoreboard slot <*>,2005-12-04 05:12:26,,,,2,False,False,False,INIT
125,2005-12-04,05:12:28,Info,workerEnv.init,workerEnv.init() ok /etc/httpd/conf/workers2.properties,E125,workerEnv.init() ok /etc/httpd/conf/workers2.properties,2005-12-04 05:12:28,,,,0,False,False,False,INIT
126,2005-12-04,05:12:28,Error,mod_jk,mod_jk child workerEnv in error state 6,E126,mod_jk child workerEnv in error state <*>,2005-12-04 05:12:28,,,,1,True,False,False,FAILURE
127,2005-12-04,05:12:28,Info,workerEnv.init,workerEnv.init() ok /etc/httpd/conf/workers2.properties,E127,workerEnv.init() ok /etc/httpd/conf/workers2.properties,2005-12-04 05:12:28,,,,0,False,False,False,INIT
128,2005-12-04,05:12:28,Error,mod_jk,mod_jk child workerEnv in error state 6,E128,mod_jk child workerEnv in error state <*>,2005-12-04 05:12:28,,,,1,True,False,False,FAILURE
129,2005-12-04,05:12:30,Info,jk2_init,jk2_init() Found child 25805 in scoreboard slot 9,E129,jk2_init() Found child <*> in scoreboard slot <*>,2005-12-04 05:12:30,,,,2,False,False,False,INIT
130,2005-12-04,05:12:30,Info,workerEnv.init,workerEnv.init() ok /etc/httpd/conf/workers2.properties,E130,workerEnv.init() ok /etc/httpd/conf/workers2.properties,2005-12-04 05:12:30,,,,0,False,False,False,INIT
131,2005-12-04,05:12:30,Error,mod_jk,mod_jk child workerEnv in error state 6,E131,mod_jk child workerEnv in error state <*>,2005-12-04 05:12:30,,,,1,True,False,False,FAILURE
132,2005-12-04,05:15:09,Error,client,[client 222.166.160.184] Directory index forbidden by rule: /var/www/html/,E132,[client <*>.<*>.<*>.<*>] Directory index forbidden by rule: /var/www/html/,2005-12-04 05:15:09,,,,4,True,False,False,FAILURE
133,2005-12-04,05:15:13,Info,jk2_init,jk2_init() Found child 1000 in scoreboard slot 10,E133,jk2_init() Found child <*> in scoreboard slot <*>,2005-12-04 05:15:13,,,,2,False,False,False,INIT
134,2005-12-04,05:15:16,Info,workerEnv.init,workerEnv.init() ok /etc/httpd/conf/workers2.properties,E134,workerEnv.init() ok /etc/httpd/conf/workers2.properties,2005-12-04 05:15:16,,,,0,False,False,False,INIT
135,2005-12-04,05:15:16,Error,mod_jk,mod_jk child workerEnv in error state 6,E135,mod_jk child workerEnv in error state <*>,2005-12-04 05:15:16,,,,1,True,False,False,FAILURE
136,2005-12-04,06:01:00,Info,jk2_init,jk2_init() Found child 32347 in scoreboard slot 6,E136,jk2_init() Found child <*> in scoreboard slot <*>,2005-12-04 06:01:00,,,,2,False,False,False,INIT
137,2005-12-04,06:01:00,Info,jk2_init,jk2_init() Found child 32348 in scoreboard slot 7,E137,jk2_init() Found child <*> in scoreboard slot <*>,2005-12-04 06:01:00,,,,2,False,False,False,INIT
138,2005-12-04,06:01:21,Info,workerEnv.init,workerEnv.init() ok /etc/httpd/conf/workers2.properties,E138,workerEnv.init() ok /etc/httpd/conf/workers2.properties,2005-12-04 06:01:21,,,,0,False,False,False,INIT
139,2005-12-04,06:01:21,Info,workerEnv.init,workerEnv.init() ok /etc/httpd/conf/workers2.properties,E139,workerEnv.init() ok /etc/httpd/conf/workers2.properties,2005-12-04 06:01:21,,,,0,False,False,False,INIT
140,2005-12-04,06:01:30,Error,mod_jk,mod_jk child workerEnv in error state 6,E140,mod_jk child workerEnv in error state <*>,2005-12-04 06:01:30,,,,1,True,False,False,FAILURE
141,2005-12-04,06:01:42,Info,jk2_init,jk2_init() Found child 32352 in scoreboard slot 9,E141,jk2_init() Found child <*> in scoreboard slot <*>,2005-12-04 06:01:42,,,,2,False,False,False,INIT
142,2005-12-04,06:01:42,Info,jk2_init,jk2_init() Found child 32353 in scoreboard slot 10,E142,jk2_init() Found child <*> in scoreboard slot <*>,2005-12-04 06:01:42,,,,2,False,False,False,INIT
143,2005-12-04,06:01:42,Info,jk2_init,jk2_init() Found child 32354 in scoreboard slot 6,E143,jk2_init() Found child <*> in scoreboard slot <*>,2005-12-04 06:01:42,,,,2,False,False,False,INIT
144,2005-12-04,06:02:01,Info,workerEnv.init,workerEnv.init() ok /etc/httpd/conf/workers2.properties,E144,workerEnv.init() ok /etc/httpd/conf/workers2.properties,2005-12-04 06:02:01,,,,0,False,False,False,INIT
145,2005-12-04,06:02:02,Error,mod_jk,mod_jk child workerEnv in error state 7,E145,mod_jk child workerEnv in error state <*>,2005-12-04 06:02:02,,,,1,True,False,False,FAILURE
146,2005-12-04,06:02:05,Info,jk2_init,jk2_init() Found child 32359 in scoreboard slot 9,E146,jk2_init() Found child <*> in scoreboard slot <*>,2005-12-04 06:02:05,,,,2,False,False,False,INIT
147,2005-12-04,06:02:05,Info,jk2_init,jk2_init() Found child 32360 in scoreboard slot 11,E147,jk2_init() Found child <*> in scoreboard slot <*>,2005-12-04 06:02:05,,,,2,False,False,False,INIT
148,2005-12-04,06:02:05,Info,jk2_init,jk2_init() Found child 32358 in scoreboard slot 8,E148,jk2_init() Found child <*> in scoreboard slot <*>,2005-12-04 06:02:05,,,,2,False,False,False,INIT
149,2005-12-04,06:02:05,Info,jk2_init,jk2_init() Found child 32355 in scoreboard slot 7,E149,jk2_init() Found child <*> in scoreboard slot <*>,2005-12-04 06:02:05,,,,2,False,False,False,INIT
150,2005-12-04,06:02:07,Info,workerEnv.init,workerEnv.init() ok /etc/httpd/conf/workers2.properties,E150,workerEnv.init() ok /etc/httpd/conf/workers2.properties,2005-12-04 06:02:07,,,,0,False,False,False,INIT
151,2005-12-04,06:02:07,Error,mod_jk,mod_jk child workerEnv in error state 7,E151,mod_jk child workerEnv in error state <*>,2005-12-04 06:02:07,,,,1,True,False,False,FAILURE
152,2005-12-04,06:02:07,Info,workerEnv.init,workerEnv.init() ok /etc/httpd/conf/workers2.properties,E152,workerEnv.init() ok /etc/httpd/conf/workers2.properties,2005-12-04 06:02:07,,,,0,False,False,False,INIT
153,2005-12-04,06:02:07,Error,mod_jk,mod_jk child workerEnv in error state 6,E153,mod_jk child workerEnv in error state <*>,2005-12-04 06:02:07,,,,1,True,False,False,FAILURE
154,2005-12-04,06:02:07,Info,workerEnv.init,workerEnv.init() ok /etc/httpd/conf/workers2.properties,E154,workerEnv.init() ok /etc/httpd/conf/workers2.properties,2005-12-04 06:02:07,,,,0,False,False,False,INIT
155,2005-12-04,06:02:07,Error,mod_jk,mod_jk child workerEnv in error state 6,E155,mod_jk child workerEnv in error state <*>,2005-12-04 06:02:07,,,,1,True,False,False,FAILURE
156,2005-12-04,06:02:07,Info,workerEnv.init,workerEnv.init() ok /etc/httpd/conf/workers2.properties,E156,workerEnv.init() ok /etc/httpd/conf/workers2.properties,2005-12-04 06:02:07,,,,0,False,False,False,INIT
157,2005-12-04,06:02:07,Error,mod_jk,mod_jk child workerEnv in error state 6,E157,mod_jk child workerEnv in error state <*>,2005-12-04 06:02:07,,,,1,True,False,False,FAILURE
158,2005-12-04,06:06:00,Info,jk2_init,jk2_init() Found child 32388 in scoreboard slot 8,E158,jk2_init() Found child <*> in scoreboard slot <*>,2005-12-04 06:06:00,,,,2,False,False,False,INIT
159,2005-12-04,06:06:00,Info,jk2_init,jk2_init() Found child 32387 in scoreboard slot 7,E159,jk2_init() Found child <*> in scoreboard slot <*>,2005-12-04 06:06:00,,,,2,False,False,False,INIT
160,2005-12-04,06:06:00,Info,jk2_init,jk2_init() Found child 32386 in scoreboard slot 6,E160,jk2_init() Found child <*> in scoreboard slot <*>,2005-12-04 06:06:00,,,,2,False,False,False,INIT
161,2005-12-04,06:06:10,Info,workerEnv.init,workerEnv.init() ok /etc/httpd/conf/workers2.properties,E161,workerEnv.init() ok /etc/httpd/conf/workers2.properties,2005-12-04 06:06:10,,,,0,False,False,False,INIT
162,2005-12-04,06:06:11,Info,workerEnv.init,workerEnv.init() ok /etc/httpd/conf/workers2.properties,E162,workerEnv.init() ok /etc/httpd/conf/workers2.properties,2005-12-04 06:06:11,,,,0,False,False,False,INIT
163,2005-12-04,06:06:12,Error,mod_jk,mod_jk child workerEnv in error state 6,E163,mod_jk child workerEnv in error state <*>,2005-12-04 06:06:12,,,,1,True,False,False,FAILURE
164,2005-12-04,06:06:12,Error,mod_jk,mod_jk child workerEnv in error state 6,E164,mod_jk child workerEnv in error state <*>,2005-12-04 06:06:12,,,,1,True,False,False,FAILURE
165,2005-12-04,06:06:20,Info,jk2_init,jk2_init() Found child 32389 in scoreboard slot 9,E165,jk2_init() Found child <*> in scoreboard slot <*>,2005-12-04 06:06:20,,,,2,False,False,False,INIT
166,2005-12-04,06:06:24,Info,jk2_init,jk2_init() Found child 32391 in scoreboard slot 10,E166,jk2_init() Found child <*> in scoreboard slot <*>,2005-12-04 06:06:24,,,,2,False,False,False,INIT
167,2005-12-04,06:06:24,Info,jk2_init,jk2_init() Found child 32390 in scoreboard slot 8,E167,jk2_init() Found child <*> in scoreboard slot <*>,2005-12-04 06:06:24,,,,2,False,False,False,INIT
168,2005-12-04,06:06:24,Info,jk2_init,jk2_init() Found child 32392 in scoreboard slot 6,E168,jk2_init() Found child <*> in scoreboard slot <*>,2005-12-04 06:06:24,,,,2,False,False,False,INIT
169,2005-12-04,06:06:26,Info,workerEnv.init,workerEnv.init() ok /etc/httpd/conf/workers2.properties,E169,workerEnv.init() ok /etc/httpd/conf/workers2.properties,2005-12-04 06:06:26,,,,0,False,False,False,INIT
170,2005-12-04,06:06:26,Error,mod_jk,mod_jk child workerEnv in error state 7,E170,mod_jk child workerEnv in error state <*>,2005-12-04 06:06:26,,,,1,True,False,False,FAILURE
171,2005-12-04,06:06:26,Info,workerEnv.init,workerEnv.init() ok /etc/httpd/conf/workers2.properties,E171,workerEnv.init() ok /etc/httpd/conf/workers2.properties,2005-12-04 06:06:26,,,,0,False,False,False,INIT
172,2005-12-04,06:06:26,Error,mod_jk,mod_jk child workerEnv in error state 6,E172,mod_jk child workerEnv in error state <*>,2005-12-04 06:06:26,,,,1,True,False,False,FAILURE
173,2005-12-04,06:06:26,Info,workerEnv.init,workerEnv.init() ok /etc/httpd/conf/workers2.properties,E173,workerEnv.init() ok /etc/httpd/conf/workers2.properties,2005-12-04 06:06:26,,,,0,False,False,False,INIT
174,2005-12-04,06:06:26,Error,mod_jk,mod_jk child workerEnv in error state 6,E174,mod_jk child workerEnv in error state <*>,2005-12-04 06:06:26,,,,1,True,False,False,FAILURE
175,2005-12-04,06:06:26,Info,workerEnv.init,workerEnv.init() ok /etc/httpd/conf/workers2.properties,E175,workerEnv.init() ok /etc/httpd/conf/workers2.properties,2005-12-04 06:06:26,,,,0,False,False,False,INIT
176,2005-12-04,06:06:26,Error,mod_jk,mod_jk child workerEnv in error state 7,E176,mod_jk child workerEnv in error state <*>,2005-12-04 06:06:26,,,,1,True,False,False,FAILURE
177,2005-12-04,06:11:11,Info,jk2_init,jk2_init() Found child 32410 in scoreboard slot 7,E177,jk2_init() Found child <*> in scoreboard slot <*>,2005-12-04 06:11:11,,,,2,False,False,False,INIT
178,2005-12-04,06:11:11,Info,jk2_init,jk2_init() Found child 32411 in scoreboard slot 9,E178,jk2_init() Found child <*> in scoreboard slot <*>,2005-12-04 06:11:11,,,,2,False,False,False,INIT
179,2005-12-04,06:12:31,Info,jk2_init,jk2_init() Found child 32423 in scoreboard slot 9,E179,jk2_init() Found child <*> in scoreboard slot <*>,2005-12-04 06:12:31,,,,2,False,False,False,INIT
180,2005-12-04,06:12:31,Info,jk2_init,jk2_init() Found child 32422 in scoreboard slot 8,E180,jk2_init() Found child <*> in scoreboard slot <*>,2005-12-04 06:12:31,,,,2,False,False,False,INIT
181,2005-12-04,06:12:31,Info,jk2_init,jk2_init() Found child 32419 in scoreboard slot 6,E181,jk2_init() Found child <*> in scoreboard slot <*>,2005-12-04 06:12:31,,,,2,False,False,False,INIT
182,2005-12-04,06:12:31,Info,jk2_init,jk2_init() Found child 32421 in scoreboard slot 11,E182,jk2_init() Found child <*> in scoreboard slot <*>,2005-12-04 06:12:31,,,,2,False,False,False,INIT
183,2005-12-04,06:12:31,Info,jk2_init,jk2_init() Found child 32420 in scoreboard slot 7,E183,jk2_init() Found child <*> in scoreboard slot <*>,2005-12-04 06:12:31,,,,2,False,False,False,INIT
184,2005-12-04,06:12:31,Info,jk2_init,jk2_init() Found child 32424 in scoreboard slot 10,E184,jk2_init() Found child <*> in scoreboard slot <*>,2005-12-04 06:12:31,,,,2,False,False,False,INIT
185,2005-12-04,06:12:37,Info,workerEnv.init,workerEnv.init() ok /etc/httpd/conf/workers2.properties,E185,workerEnv.init() ok /etc/httpd/conf/workers2.properties,2005-12-04 06:12:37,,,,0,False,False,False,INIT
186,2005-12-04,06:12:37,Info,workerEnv.init,workerEnv.init() ok /etc/httpd/conf/workers2.properties,E186,workerEnv.init() ok /etc/httpd/conf/workers2.properties,2005-12-04 06:12:37,,,,0,False,False,False,INIT
187,2005-12-04,06:12:37,Info,workerEnv.init,workerEnv.init() ok /etc/httpd/conf/workers2.properties,E187,workerEnv.init() ok /etc/httpd/conf/workers2.properties,2005-12-04 06:12:37,,,,0,False,False,False,INIT
188,2005-12-04,06:12:37,Info,workerEnv.init,workerEnv.init() ok /etc/httpd/conf/workers2.properties,E188,workerEnv.init() ok /etc/httpd/conf/workers2.properties,2005-12-04 06:12:37,,,,0,False,False,False,INIT
189,2005-12-04,06:12:37,Info,workerEnv.init,workerEnv.init() ok /etc/httpd/conf/workers2.properties,E189,workerEnv.init() ok /etc/httpd/conf/workers2.properties,2005-12-04 06:12:37,,,,0,False,False,False,INIT
190,2005-12-04,06:12:40,Error,mod_jk,mod_jk child workerEnv in error state 6,E190,mod_jk child workerEnv in error state <*>,2005-12-04 06:12:40,,,,1,True,False,False,FAILURE
191,2005-12-04,06:12:40,Error,mod_jk,mod_jk child workerEnv in error state 6,E191,mod_jk child workerEnv in error state <*>,2005-12-04 06:12:40,,,,1,True,False,False,FAILURE
192,2005-12-04,06:12:40,Error,mod_jk,mod_jk child workerEnv in error state 6,E192,mod_jk child workerEnv in error state <*>,2005-12-04 06:12:40,,,,1,True,False,False,FAILURE
193,2005-12-04,06:12:40,Error,mod_jk,mod_jk child workerEnv in error state 7,E193,mod_jk child workerEnv in error state <*>,2005-12-04 06:12:40,,,,1,True,False,False,FAILURE
194,2005-12-04,06:12:40,Error,mod_jk,mod_jk child workerEnv in error state 7,E194,mod_jk child workerEnv in error state <*>,2005-12-04 06:12:40,,,,1,True,False,False,FAILURE
195,2005-12-04,06:12:59,Info,jk2_init,jk2_init() Found child 32425 in scoreboard slot 6,E195,jk2_init() Found child <*> in scoreboard slot <*>,2005-12-04 06:12:59,,,,2,False,False,False,INIT
196,2005-12-04,06:13:01,Info,workerEnv.init,workerEnv.init() ok /etc/httpd/conf/workers2.properties,E196,workerEnv.init() ok /etc/httpd/conf/workers2.properties,2005-12-04 06:13:01,,,,0,False,False,False,INIT
197,2005-12-04,06:13:01,Error,mod_jk,mod_jk child workerEnv in error state 6,E197,mod_jk child workerEnv in error state <*>,2005-12-04 06:13:01,,,,1,True,False,False,FAILURE
198,2005-12-04,06:16:10,Info,jk2_init,jk2_init() Found child 32432 in scoreboard slot 7,E198,jk2_init() Found child <*> in scoreboard slot <*>,2005-12-04 06:16:10,,,,2,False,False,False,INIT
199,2005-12-04,06:16:10,Info,jk2_init,jk2_init() Found child 32434 in scoreboard slot 9,E199,jk2_init() Found child <*> in scoreboard slot <*>,2005-12-04 06:16:10,,,,2,False,False,False,INIT
200,2005-12-04,06:16:10,Info,jk2_init,jk2_init() Found child 32433 in scoreboard slot 8,E200,jk2_init() Found child <*> in scoreboard slot <*>,2005-12-04 06:16:10,,,,2,False,False,False,INIT
201,2005-12-04,06:16:21,Info,workerEnv.init,workerEnv.init() ok /etc/httpd/conf/workers2.properties,E201,workerEnv.init() ok /etc/httpd/conf/workers2.properties,2005-12-04 06:16:21,,,,0,False,False,False,INIT
202,2005-12-04,06:16:21,Info,workerEnv.init,workerEnv.init() ok /etc/httpd/conf/workers2.properties,E202,workerEnv.init() ok /etc/httpd/conf/workers2.properties,2005-12-04 06:16:21,,,,0,False,False,False,INIT
203,2005-12-04,06:16:23,Error,mod_jk,mod_jk child workerEnv in error state 6,E203,mod_jk child workerEnv in error state <*>,2005-12-04 06:16:23,,,,1,True,False,False,FAILURE
204,2005-12-04,06:16:23,Error,mod_jk,mod_jk child workerEnv in error state 7,E204,mod_jk child workerEnv in error state <*>,2005-12-04 06:16:23,,,,1,True,False,False,FAILURE
205,2005-12-04,06:16:21,Info,jk2_init,jk2_init() Found child 32435 in scoreboard slot 10,E205,jk2_init() Found child <*> in scoreboard slot <*>,2005-12-04 06:16:21,,,,2,False,False,False,INIT
206,2005-12-04,06:16:21,Info,workerEnv.init,workerEnv.init() ok /etc/httpd/conf/workers2.properties,E206,workerEnv.init() ok /etc/httpd/conf/workers2.properties,2005-12-04 06:16:21,,,,0,False,False,False,INIT
207,2005-12-04,06:16:23,Error,mod_jk,mod_jk child workerEnv in error state 6,E207,mod_jk child workerEnv in error state <*>,2005-12-04 06:16:23,,,,1,True,False,False,FAILURE
208,2005-12-04,06:16:37,Info,workerEnv.init,workerEnv.init() ok /etc/httpd/conf/workers2.properties,E208,workerEnv.init() ok /etc/httpd/conf/workers2.properties,2005-12-04 06:16:37,,,,0,False,False,False,INIT
209,2005-12-04,06:16:39,Error,mod_jk,mod_jk child workerEnv in error state 6,E209,mod_jk child workerEnv in error state <*>,2005-12-04 06:16:39,,,,1,True,False,False,FAILURE
210,2005-12-04,06:16:51,Info,jk2_init,jk2_init() Found child 32436 in scoreboard slot 6,E210,jk2_init() Found child <*> in scoreboard slot <*>,2005-12-04 06:16:51,,,,2,False,False,False,INIT
211,2005-12-04,06:16:51,Info,jk2_init,jk2_init() Found child 32437 in scoreboard slot 7,E211,jk2_init() Found child <*> in scoreboard slot <*>,2005-12-04 06:16:51,,,,2,False,False,False,INIT
212,2005-12-04,06:17:02,Info,workerEnv.init,workerEnv.init() ok /etc/httpd/conf/workers2.properties,E212,workerEnv.init() ok /etc/httpd/conf/workers2.properties,2005-12-04 06:17:02,,,,0,False,False,False,INIT
213,2005-12-04,06:17:02,Info,workerEnv.init,workerEnv.init() ok /etc/httpd/conf/workers2.properties,E213,workerEnv.init() ok /etc/httpd/conf/workers2.properties,2005-12-04 06:17:02,,,,0,False,False,False,INIT
214,2005-12-04,06:17:05,Error,mod_jk,mod_jk child workerEnv in error state 6,E214,mod_jk child workerEnv in error state <*>,2005-12-04 06:17:05,,,,1,True,False,False,FAILURE
215,2005-12-04,06:17:06,Info,jk2_init,jk2_init() Found child 32438 in scoreboard slot 8,E215,jk2_init() Found child <*> in scoreboard slot <*>,2005-12-04 06:17:06,,,,2,False,False,False,INIT
216,2005-12-04,06:17:18,Info,workerEnv.init,workerEnv.init() ok /etc/httpd/conf/workers2.properties,E216,workerEnv.init() ok /etc/httpd/conf/workers2.properties,2005-12-04 06:17:18,,,,0,False,False,False,INIT
217,2005-12-04,06:17:24,Error,mod_jk,mod_jk child workerEnv in error state 6,E217,mod_jk child workerEnv in error state <*>,2005-12-04 06:17:24,,,,1,True,False,False,FAILURE
218,2005-12-04,06:17:23,Info,jk2_init,jk2_init() Found child 32440 in scoreboard slot 10,E218,jk2_init() Found child <*> in scoreboard slot <*>,2005-12-04 06:17:23,,,,2,False,False,False,INIT
219,2005-12-04,06:17:23,Info,jk2_init,jk2_init() Found child 32439 in scoreboard slot 9,E219,jk2_init() Found child <*> in scoreboard slot <*>,2005-12-04 06:17:23,,,,2,False,False,False,INIT
220,2005-12-04,06:17:23,Info,jk2_init,jk2_init() Found child 32441 in scoreboard slot 6,E220,jk2_init() Found child <*> in scoreboard slot <*>,2005-12-04 06:17:23,,,,2,False,False,False,INIT
221,2005-12-04,06:17:33,Info,workerEnv.init,workerEnv.init() ok /etc/httpd/conf/workers2.properties,E221,workerEnv.init() ok /etc/httpd/conf/workers2.properties,2005-12-04 06:17:33,,,,0,False,False,False,INIT
222,2005-12-04,06:17:33,Info,workerEnv.init,workerEnv.init() ok /etc/httpd/conf/workers2.properties,E222,workerEnv.init() ok /etc/httpd/conf/workers2.properties,2005-12-04 06:17:33,,,,0,False,False,False,INIT
223,2005-12-04,06:17:35,Error,mod_jk,mod_jk child workerEnv in error state 6,E223,mod_jk child workerEnv in error state <*>,2005-12-04 06:17:35,,,,1,True,False,False,FAILURE
224,2005-12-04,06:17:35,Error,mod_jk,mod_jk child workerEnv in error state 7,E224,mod_jk child workerEnv in error state <*>,2005-12-04 06:17:35,,,,1,True,False,False,FAILURE
225,2005-12-04,06:17:55,Info,jk2_init,jk2_init() Found child 32442 in scoreboard slot 7,E225,jk2_init() Found child <*> in scoreboard slot <*>,2005-12-04 06:17:55,,,,2,False,False,False,INIT
226,2005-12-04,06:17:55,Info,jk2_init,jk2_init() Found child 32443 in scoreboard slot 8,E226,jk2_init() Found child <*> in scoreboard slot <*>,2005-12-04 06:17:55,,,,2,False,False,False,INIT
227,2005-12-04,06:17:55,Info,jk2_init,jk2_init() Found child 32444 in scoreboard slot 9,E227,jk2_init() Found child <*> in scoreboard slot <*>,2005-12-04 06:17:55,,,,2,False,False,False,INIT
228,2005-12-04,06:18:08,Info,workerEnv.init,workerEnv.init() ok /etc/httpd/conf/workers2.properties,E228,workerEnv.init() ok /etc/httpd/conf/workers2.properties,2005-12-04 06:18:08,,,,0,False,False,False,INIT
229,2005-12-04,06:18:08,Info,workerEnv.init,workerEnv.init() ok /etc/httpd/conf/workers2.properties,E229,workerEnv.init() ok /etc/httpd/conf/workers2.properties,2005-12-04 06:18:08,,,,0,False,False,False,INIT
230,2005-12-04,06:18:11,Error,mod_jk,mod_jk child workerEnv in error state 7,E230,mod_jk child workerEnv in error state <*>,2005-12-04 06:18:11,,,,1,True,False,False,FAILURE
231,2005-12-04,06:18:11,Error,mod_jk,mod_jk child workerEnv in error state 6,E231,mod_jk child workerEnv in error state <*>,2005-12-04 06:18:11,,,,1,True,False,False,FAILURE
232,2005-12-04,06:18:12,Info,jk2_init,jk2_init() Found child 32445 in scoreboard slot 10,E232,jk2_init() Found child <*> in scoreboard slot <*>,2005-12-04 06:18:12,,,,2,False,False,False,INIT
233,2005-12-04,06:18:23,Info,workerEnv.init,workerEnv.init() ok /etc/httpd/conf/workers2.properties,E233,workerEnv.init() ok /etc/httpd/conf/workers2.properties,2005-12-04 06:18:23,,,,0,False,False,False,INIT
234,2005-12-04,06:18:31,Error,mod_jk,mod_jk child workerEnv in error state 6,E234,mod_jk child workerEnv in error state <*>,2005-12-04 06:18:31,,,,1,True,False,False,FAILURE
235,2005-12-04,06:18:41,Info,jk2_init,jk2_init() Found child 32447 in scoreboard slot 7,E235,jk2_init() Found child <*> in scoreboard slot <*>,2005-12-04 06:18:41,,,,2,False,False,False,INIT
236,2005-12-04,06:18:39,Info,jk2_init,jk2_init() Found child 32446 in scoreboard slot 6,E236,jk2_init() Found child <*> in scoreboard slot <*>,2005-12-04 06:18:39,,,,2,False,False,False,INIT
237,2005-12-04,06:18:40,Info,jk2_init,jk2_init() Found child 32448 in scoreboard slot 8,E237,jk2_init() Found child <*> in scoreboard slot <*>,2005-12-04 06:18:40,,,,2,False,False,False,INIT
238,2005-12-04,06:18:53,Info,workerEnv.init,workerEnv.init() ok /etc/httpd/conf/workers2.properties,E238,workerEnv.init() ok /etc/httpd/conf/workers2.properties,2005-12-04 06:18:53,,,,0,False,False,False,INIT
239,2005-12-04,06:18:53,Info,workerEnv.init,workerEnv.init() ok /etc/httpd/conf/workers2.properties,E239,workerEnv.init() ok /etc/httpd/conf/workers2.properties,2005-12-04 06:18:53,,,,0,False,False,False,INIT
240,2005-12-04,06:18:55,Error,mod_jk,mod_jk child workerEnv in error state 6,E240,mod_jk child workerEnv in error state <*>,2005-12-04 06:18:55,,,,1,True,False,False,FAILURE
241,2005-12-04,06:18:55,Error,mod_jk,mod_jk child workerEnv in error state 7,E241,mod_jk child workerEnv in error state <*>,2005-12-04 06:18:55,,,,1,True,False,False,FAILURE
242,2005-12-04,06:19:05,Info,jk2_init,jk2_init() Found child 32449 in scoreboard slot 9,E242,jk2_init() Found child <*> in scoreboard slot <*>,2005-12-04 06:19:05,,,,2,False,False,False,INIT
243,2005-12-04,06:19:15,Info,workerEnv.init,workerEnv.init() ok /etc/httpd/conf/workers2.properties,E243,workerEnv.init() ok /etc/httpd/conf/workers2.properties,2005-12-04 06:19:15,,,,0,False,False,False,INIT
244,2005-12-04,06:19:19,Info,jk2_init,jk2_init() Found child 32450 in scoreboard slot 10,E244,jk2_init() Found child <*> in scoreboard slot <*>,2005-12-04 06:19:19,,,,2,False,False,False,INIT
245,2005-12-04,06:19:18,Error,mod_jk,mod_jk child workerEnv in error state 6,E245,mod_jk child workerEnv in error state <*>,2005-12-04 06:19:18,,,,1,True,False,False,FAILURE
246,2005-12-04,06:19:19,Info,jk2_init,jk2_init() Found child 32452 in scoreboard slot 7,E246,jk2_init() Found child <*> in scoreboard slot <*>,2005-12-04 06:19:19,,,,2,False,False,False,INIT
247,2005-12-04,06:19:19,Info,jk2_init,jk2_init() Found child 32451 in scoreboard slot 6,E247,jk2_init() Found child <*> in scoreboard slot <*>,2005-12-04 06:19:19,,,,2,False,False,False,INIT
248,2005-12-04,06:19:31,Info,workerEnv.init,workerEnv.init() ok /etc/httpd/conf/workers2.properties,E248,workerEnv.init() ok /etc/httpd/conf/workers2.properties,2005-12-04 06:19:31,,,,0,False,False,False,INIT
249,2005-12-04,06:19:31,Info,workerEnv.init,workerEnv.init() ok /etc/httpd/conf/workers2.properties,E249,workerEnv.init() ok /etc/httpd/conf/workers2.properties,2005-12-04 06:19:31,,,,0,False,False,False,INIT
250,2005-12-04,06:19:34,Error,mod_jk,mod_jk child workerEnv in error state 6,E250,mod_jk child workerEnv in error state <*>,2005-12-04 06:19:34,,,,1,True,False,False,FAILURE
251,2005-12-04,06:19:34,Error,mod_jk,mod_jk child workerEnv in error state 7,E251,mod_jk child workerEnv in error state <*>,2005-12-04 06:19:34,,,,1,True,False,False,FAILURE
252,2005-12-04,06:19:56,Info,jk2_init,jk2_init() Found child 32454 in scoreboard slot 7,E252,jk2_init() Found child <*> in scoreboard slot <*>,2005-12-04 06:19:56,,,,2,False,False,False,INIT
253,2005-12-04,06:19:56,Info,jk2_init,jk2_init() Found child 32453 in scoreboard slot 8,E253,jk2_init() Found child <*> in scoreboard slot <*>,2005-12-04 06:19:56,,,,2,False,False,False,INIT
254,2005-12-04,06:19:56,Info,jk2_init,jk2_init() Found child 32455 in scoreboard slot 9,E254,jk2_init() Found child <*> in scoreboard slot <*>,2005-12-04 06:19:56,,,,2,False,False,False,INIT
255,2005-12-04,06:20:30,Info,jk2_init,jk2_init() Found child 32467 in scoreboard slot 9,E255,jk2_init() Found child <*> in scoreboard slot <*>,2005-12-04 06:20:30,,,,2,False,False,False,INIT
256,2005-12-04,06:20:30,Info,jk2_init,jk2_init() Found child 32464 in scoreboard slot 8,E256,jk2_init() Found child <*> in scoreboard slot <*>,2005-12-04 06:20:30,,,,2,False,False,False,INIT
257,2005-12-04,06:20:30,Info,jk2_init,jk2_init() Found child 32465 in scoreboard slot 7,E257,jk2_init() Found child <*> in scoreboard slot <*>,2005-12-04 06:20:30,,,,2,False,False,False,INIT
258,2005-12-04,06:20:30,Info,jk2_init,jk2_init() Found child 32466 in scoreboard slot 11,E258,jk2_init() Found child <*> in scoreboard slot <*>,2005-12-04 06:20:30,,,,2,False,False,False,INIT
259,2005-12-04,06:20:30,Info,jk2_init,jk2_init() Found child 32457 in scoreboard slot 6,E259,jk2_init() Found child <*> in scoreboard slot <*>,2005-12-04 06:20:30,,,,2,False,False,False,INIT
260,2005-12-04,06:20:44,Info,workerEnv.init,workerEnv.init() ok /etc/httpd/conf/workers2.properties,E260,workerEnv.init() ok /etc/httpd/conf/workers2.properties,2005-12-04 06:20:44,,,,0,False,False,False,INIT
261,2005-12-04,06:20:44,Info,workerEnv.init,workerEnv.init() ok /etc/httpd/conf/workers2.properties,E261,workerEnv.init() ok /etc/httpd/conf/workers2.properties,2005-12-04 06:20:44,,,,0,False,False,False,INIT
262,2005-12-04,06:20:44,Info,workerEnv.init,workerEnv.init() ok /etc/httpd/conf/workers2.properties,E262,workerEnv.init() ok /etc/httpd/conf/workers2.properties,2005-12-04 06:20:44,,,,0,False,False,False,INIT
263,2005-12-04,06:20:46,Error,mod_jk,mod_jk child workerEnv in error state 6,E263,mod_jk child workerEnv in error state <*>,2005-12-04 06:20:46,,,,1,True,False,False,FAILURE
264,2005-12-04,06:20:46,Error,mod_jk,mod_jk child workerEnv in error state 7,E264,mod_jk child workerEnv in error state <*>,2005-12-04 06:20:46,,,,1,True,False,False,FAILURE
265,2005-12-04,06:20:46,Error,mod_jk,mod_jk child workerEnv in error state 8,E265,mod_jk child workerEnv in error state <*>,2005-12-04 06:20:46,,,,1,True,False,False,FAILURE
266,2005-12-04,06:22:18,Info,jk2_init,jk2_init() Found child 32475 in scoreboard slot 8,E266,jk2_init() Found child <*> in scoreboard slot <*>,2005-12-04 06:22:18,,,,2,False,False,False,INIT
267,2005-12-04,06:22:48,Info,jk2_init,jk2_init() Found child 32478 in scoreboard slot 11,E267,jk2_init() Found child <*> in scoreboard slot <*>,2005-12-04 06:22:48,,,,2,False,False,False,INIT
268,2005-12-04,06:22:48,Info,jk2_init,jk2_init() Found child 32477 in scoreboard slot 10,E268,jk2_init() Found child <*> in scoreboard slot <*>,2005-12-04 06:22:48,,,,2,False,False,False,INIT
269,2005-12-04,06:22:48,Info,jk2_init,jk2_init() Found child 32479 in scoreboard slot 6,E269,jk2_init() Found child <*> in scoreboard slot <*>,2005-12-04 06:22:48,,,,2,False,False,False,INIT
270,2005-12-04,06:22:48,Info,jk2_init,jk2_init() Found child 32480 in scoreboard slot 8,E270,jk2_init() Found child <*> in scoreboard slot <*>,2005-12-04 06:22:48,,,,2,False,False,False,INIT
271,2005-12-04,06:22:48,Info,jk2_init,jk2_init() Found child 32476 in scoreboard slot 7,E271,jk2_init() Found child <*> in scoreboard slot <*>,2005-12-04 06:22:48,,,,2,False,False,False,INIT
272,2005-12-04,06:22:53,Info,workerEnv.init,workerEnv.init() ok /etc/httpd/conf/workers2.properties,E272,workerEnv.init() ok /etc/httpd/conf/workers2.properties,2005-12-04 06:22:53,,,,0,False,False,False,INIT
273,2005-12-04,06:22:53,Info,workerEnv.init,workerEnv.init() ok /etc/httpd/conf/workers2.properties,E273,workerEnv.init() ok /etc/httpd/conf/workers2.properties,2005-12-04 06:22:53,,,,0,False,False,False,INIT
274,2005-12-04,06:22:53,Info,workerEnv.init,workerEnv.init() ok /etc/httpd/conf/workers2.properties,E274,workerEnv.init() ok /etc/httpd/conf/workers2.properties,2005-12-04 06:22:53,,,,0,False,False,False,INIT
275,2005-12-04,06:22:53,Info,workerEnv.init,workerEnv.init() ok /etc/httpd/conf/workers2.properties,E275,workerEnv.init() ok /etc/httpd/conf/workers2.properties,2005-12-04 06:22:53,,,,0,False,False,False,INIT
276,2005-12-04,06:22:53,Info,workerEnv.init,workerEnv.init() ok /etc/httpd/conf/workers2.properties,E276,workerEnv.init() ok /etc/httpd/conf/workers2.properties,2005-12-04 06:22:53,,,,0,False,False,False,INIT
277,2005-12-04,06:22:55,Error,mod_jk,mod_jk child workerEnv in error state 6,E277,mod_jk child workerEnv in error state <*>,2005-12-04 06:22:55,,,,1,True,False,False,FAILURE
278,2005-12-04,06:22:55,Error,mod_jk,mod_jk child workerEnv in error state 6,E278,mod_jk child workerEnv in error state <*>,2005-12-04 06:22:55,,,,1,True,False,False,FAILURE
279,2005-12-04,06:22:55,Error,mod_jk,mod_jk child workerEnv in error state 6,E279,mod_jk child workerEnv in error state <*>,2005-12-04 06:22:55,,,,1,True,False,False,FAILURE
280,2005-12-04,06:22:55,Error,mod_jk,mod_jk child workerEnv in error state 7,E280,mod_jk child workerEnv in error state <*>,2005-12-04 06:22:55,,,,1,True,False,False,FAILURE
281,2005-12-04,06:22:55,Error,mod_jk,mod_jk child workerEnv in error state 8,E281,mod_jk child workerEnv in error state <*>,2005-12-04 06:22:55,,,,1,True,False,False,FAILURE
282,2005-12-04,06:23:12,Info,jk2_init,jk2_init() Found child 32483 in scoreboard slot 7,E282,jk2_init() Found child <*> in scoreboard slot <*>,2005-12-04 06:23:12,,,,2,False,False,False,INIT
283,2005-12-04,06:23:15,Info,workerEnv.init,workerEnv.init() ok /etc/httpd/conf/workers2.properties,E283,workerEnv.init() ok /etc/httpd/conf/workers2.properties,2005-12-04 06:23:15,,,,0,False,False,False,INIT
284,2005-12-04,06:23:15,Error,mod_jk,mod_jk child workerEnv in error state 6,E284,mod_jk child workerEnv in error state <*>,2005-12-04 06:23:15,,,,1,True,False,False,FAILURE
285,2005-12-04,06:30:41,Info,jk2_init,jk2_init() Found child 32507 in scoreboard slot 9,E285,jk2_init() Found child <*> in scoreboard slot <*>,2005-12-04 06:30:41,,,,2,False,False,False,INIT
286,2005-12-04,06:30:43,Info,workerEnv.init,workerEnv.init() ok /etc/httpd/conf/workers2.properties,E286,workerEnv.init() ok /etc/httpd/conf/workers2.properties,2005-12-04 06:30:43,,,,0,False,False,False,INIT
287,2005-12-04,06:30:43,Error,mod_jk,mod_jk child workerEnv in error state 6,E287,mod_jk child workerEnv in error state <*>,2005-12-04 06:30:43,,,,1,True,False,False,FAILURE
288,2005-12-04,06:36:07,Info,jk2_init,jk2_init() Found child 32529 in scoreboard slot 6,E288,jk2_init() Found child <*> in scoreboard slot <*>,2005-12-04 06:36:07,,,,2,False,False,False,INIT
289,2005-12-04,06:36:07,Info,jk2_init,jk2_init() Found child 32528 in scoreboard slot 10,E289,jk2_init() Found child <*> in scoreboard slot <*>,2005-12-04 06:36:07,,,,2,False,False,False,INIT
290,2005-12-04,06:36:10,Info,workerEnv.init,workerEnv.init() ok /etc/httpd/conf/workers2.properties,E290,workerEnv.init() ok /etc/httpd/conf/workers2.properties,2005-12-04 06:36:10,,,,0,False,False,False,INIT
291,2005-12-04,06:36:10,Error,mod_jk,mod_jk child workerEnv in error state 6,E291,mod_jk child workerEnv in error state <*>,2005-12-04 06:36:10,,,,1,True,False,False,FAILURE
292,2005-12-04,06:36:10,Info,workerEnv.init,workerEnv.init() ok /etc/httpd/conf/workers2.properties,E292,workerEnv.init() ok /etc/httpd/conf/workers2.properties,2005-12-04 06:36:10,,,,0,False,False,False,INIT
293,2005-12-04,06:36:10,Error,mod_jk,mod_jk child workerEnv in error state 6,E293,mod_jk child workerEnv in error state <*>,2005-12-04 06:36:10,,,,1,True,False,False,FAILURE
294,2005-12-04,06:40:54,Info,jk2_init,jk2_init() Found child 32548 in scoreboard slot 9,E294,jk2_init() Found child <*> in scoreboard slot <*>,2005-12-04 06:40:54,,,,2,False,False,False,INIT
295,2005-12-04,06:40:54,Info,jk2_init,jk2_init() Found child 32546 in scoreboard slot 8,E295,jk2_init() Found child <*> in scoreboard slot <*>,2005-12-04 06:40:54,,,,2,False,False,False,INIT
296,2005-12-04,06:40:55,Info,jk2_init,jk2_init() Found child 32547 in scoreboard slot 7,E296,jk2_init() Found child <*> in scoreboard slot <*>,2005-12-04 06:40:55,,,,2,False,False,False,INIT
297,2005-12-04,06:41:04,Info,workerEnv.init,workerEnv.init() ok /etc/httpd/conf/workers2.properties,E297,workerEnv.init() ok /etc/httpd/conf/workers2.properties,2005-12-04 06:41:04,,,,0,False,False,False,INIT
298,2005-12-04,06:41:04,Info,workerEnv.init,workerEnv.init() ok /etc/httpd/conf/workers2.properties,E298,workerEnv.init() ok /etc/httpd/conf/workers2.properties,2005-12-04 06:41:04,,,,0,False,False,False,INIT
299,2005-12-04,06:41:04,Info,workerEnv.init,workerEnv.init() ok /etc/httpd/conf/workers2.properties,E299,workerEnv.init() ok /etc/httpd/conf/workers2.properties,2005-12-04 06:41:04,,,,0,False,False,False,INIT
300,2005-12-04,06:41:07,Error,mod_jk,mod_jk child workerEnv in error state 6,E300,mod_jk child workerEnv in error state <*>,2005-12-04 06:41:07,,,,1,True,False,False,FAILURE
301,2005-12-04,06:41:08,Error,mod_jk,mod_jk child workerEnv in error state 6,E301,mod_jk child workerEnv in error state <*>,2005-12-04 06:41:08,,,,1,True,False,False,FAILURE
302,2005-12-04,06:41:08,Error,mod_jk,mod_jk child workerEnv in error state 6,E302,mod_jk child workerEnv in error state <*>,2005-12-04 06:41:08,,,,1,True,False,False,FAILURE
303,2005-12-04,06:41:29,Info,jk2_init,jk2_init() Found child 32549 in scoreboard slot 10,E303,jk2_init() Found child <*> in scoreboard slot <*>,2005-12-04 06:41:29,,,,2,False,False,False,INIT
304,2005-12-04,06:41:29,Info,jk2_init,jk2_init() Found child 32550 in scoreboard slot 6,E304,jk2_init() Found child <*> in scoreboard slot <*>,2005-12-04 06:41:29,,,,2,False,False,False,INIT
305,2005-12-04,06:41:45,Info,workerEnv.init,workerEnv.init() ok /etc/httpd/conf/workers2.properties,E305,workerEnv.init() ok /etc/httpd/conf/workers2.properties,2005-12-04 06:41:45,,,,0,False,False,False,INIT
306,2005-12-04,06:41:45,Info,workerEnv.init,workerEnv.init() ok /etc/httpd/conf/workers2.properties,E306,workerEnv.init() ok /etc/httpd/conf/workers2.properties,2005-12-04 06:41:45,,,,0,False,False,False,INIT
307,2005-12-04,06:41:46,Error,mod_jk,mod_jk child workerEnv in error state 6,E307,mod_jk child workerEnv in error state <*>,2005-12-04 06:41:46,,,,1,True,False,False,FAILURE
308,2005-12-04,06:41:46,Error,mod_jk,mod_jk child workerEnv in error state 6,E308,mod_jk child workerEnv in error state <*>,2005-12-04 06:41:46,,,,1,True,False,False,FAILURE
309,2005-12-04,06:42:11,Info,jk2_init,jk2_init() Found child 32551 in scoreboard slot 8,E309,jk2_init() Found child <*> in scoreboard slot <*>,2005-12-04 06:42:11,,,,2,False,False,False,INIT
310,2005-12-04,06:42:11,Info,jk2_init,jk2_init() Found child 32552 in scoreboard slot 7,E310,jk2_init() Found child <*> in scoreboard slot <*>,2005-12-04 06:42:11,,,,2,False,False,False,INIT
311,2005-12-04,06:42:25,Info,workerEnv.init,workerEnv.init() ok /etc/httpd/conf/workers2.properties,E311,workerEnv.init() ok /etc/httpd/conf/workers2.properties,2005-12-04 06:42:25,,,,0,False,False,False,INIT
312,2005-12-04,06:42:23,Info,jk2_init,jk2_init() Found child 32554 in scoreboard slot 10,E312,jk2_init() Found child <*> in scoreboard slot <*>,2005-12-04 06:42:23,,,,2,False,False,False,INIT
313,2005-12-04,06:42:25,Info,workerEnv.init,workerEnv.init() ok /etc/httpd/conf/workers2.properties,E313,workerEnv.init() ok /etc/httpd/conf/workers2.properties,2005-12-04 06:42:25,,,,0,False,False,False,INIT
314,2005-12-04,06:42:23,Info,jk2_init,jk2_init() Found child 32553 in scoreboard slot 9,E314,jk2_init() Found child <*> in scoreboard slot <*>,2005-12-04 06:42:23,,,,2,False,False,False,INIT
315,2005-12-04,06:42:30,Error,mod_jk,mod_jk child workerEnv in error state 6,E315,mod_jk child workerEnv in error state <*>,2005-12-04 06:42:30,,,,1,True,False,False,FAILURE
316,2005-12-04,06:42:30,Error,mod_jk,mod_jk child workerEnv in error state 6,E316,mod_jk child workerEnv in error state <*>,2005-12-04 06:42:30,,,,1,True,False,False,FAILURE
317,2005-12-04,06:42:53,Info,workerEnv.init,workerEnv.init() ok /etc/httpd/conf/workers2.properties,E317,workerEnv.init() ok /etc/httpd/conf/workers2.properties,2005-12-04 06:42:53,,,,0,False,False,False,INIT
318,2005-12-04,06:42:53,Info,workerEnv.init,workerEnv.init() ok /etc/httpd/conf/workers2.properties,E318,workerEnv.init() ok /etc/httpd/conf/workers2.properties,2005-12-04 06:42:53,,,,0,False,False,False,INIT
319,2005-12-04,06:42:58,Error,mod_jk,mod_jk child workerEnv in error state 6,E319,mod_jk child workerEnv in error state <*>,2005-12-04 06:42:58,,,,1,True,False,False,FAILURE
320,2005-12-04,06:42:58,Error,mod_jk,mod_jk child workerEnv in error state 6,E320,mod_jk child workerEnv in error state <*>,2005-12-04 06:42:58,,,,1,True,False,False,FAILURE
321,2005-12-04,06:43:20,Info,jk2_init,jk2_init() Found child 32556 in scoreboard slot 8,E321,jk2_init() Found child <*> in scoreboard slot <*>,2005-12-04 06:43:20,,,,2,False,False,False,INIT
322,2005-12-04,06:43:20,Info,jk2_init,jk2_init() Found child 32555 in scoreboard slot 6,E322,jk2_init() Found child <*> in scoreboard slot <*>,2005-12-04 06:43:20,,,,2,False,False,False,INIT
323,2005-12-04,06:43:20,Info,jk2_init,jk2_init() Found child 32557 in scoreboard slot 7,E323,jk2_init() Found child <*> in scoreboard slot <*>,2005-12-04 06:43:20,,,,2,False,False,False,INIT
324,2005-12-04,06:43:34,Info,workerEnv.init,workerEnv.init() ok /etc/httpd/conf/workers2.properties,E324,workerEnv.init() ok /etc/httpd/conf/workers2.properties,2005-12-04 06:43:34,,,,0,False,False,False,INIT
325,2005-12-04,06:43:34,Info,workerEnv.init,workerEnv.init() ok /etc/httpd/conf/workers2.properties,E325,workerEnv.init() ok /etc/httpd/conf/workers2.properties,2005-12-04 06:43:34,,,,0,False,False,False,INIT
326,2005-12-04,06:43:34,Info,workerEnv.init,workerEnv.init() ok /etc/httpd/conf/workers2.properties,E326,workerEnv.init() ok /etc/httpd/conf/workers2.properties,2005-12-04 06:43:34,,,,0,False,False,False,INIT
327,2005-12-04,06:43:40,Error,mod_jk,mod_jk child workerEnv in error state 6,E327,mod_jk child workerEnv in error state <*>,2005-12-04 06:43:40,,,,1,True,False,False,FAILURE
328,2005-12-04,06:43:40,Error,mod_jk,mod_jk child workerEnv in error state 6,E328,mod_jk child workerEnv in error state <*>,2005-12-04 06:43:40,,,,1,True,False,False,FAILURE
329,2005-12-04,06:43:56,Info,jk2_init,jk2_init() Found child 32558 in scoreboard slot 9,E329,jk2_init() Found child <*> in scoreboard slot <*>,2005-12-04 06:43:56,,,,2,False,False,False,INIT
330,2005-12-04,06:44:18,Info,jk2_init,jk2_init() Found child 32560 in scoreboard slot 6,E330,jk2_init() Found child <*> in scoreboard slot <*>,2005-12-04 06:44:18,,,,2,False,False,False,INIT
331,2005-12-04,06:44:18,Info,jk2_init,jk2_init() Found child 32561 in scoreboard slot 8,E331,jk2_init() Found child <*> in scoreboard slot <*>,2005-12-04 06:44:18,,,,2,False,False,False,INIT
332,2005-12-04,06:44:39,Info,jk2_init,jk2_init() Found child 32563 in scoreboard slot 9,E332,jk2_init() Found child <*> in scoreboard slot <*>,2005-12-04 06:44:39,,,,2,False,False,False,INIT
333,2005-12-04,06:44:39,Info,jk2_init,jk2_init() Found child 32564 in scoreboard slot 10,E333,jk2_init() Found child <*> in scoreboard slot <*>,2005-12-04 06:44:39,,,,2,False,False,False,INIT
334,2005-12-04,06:44:39,Info,jk2_init,jk2_init() Found child 32565 in scoreboard slot 11,E334,jk2_init() Found child <*> in scoreboard slot <*>,2005-12-04 06:44:39,,,,2,False,False,False,INIT
335,2005-12-04,06:45:32,Info,jk2_init,jk2_init() Found child 32575 in scoreboard slot 6,E335,jk2_init() Found child <*> in scoreboard slot <*>,2005-12-04 06:45:32,,,,2,False,False,False,INIT
336,2005-12-04,06:45:32,Info,jk2_init,jk2_init() Found child 32576 in scoreboard slot 7,E336,jk2_init() Found child <*> in scoreboard slot <*>,2005-12-04 06:45:32,,,,2,False,False,False,INIT
337,2005-12-04,06:45:32,Info,jk2_init,jk2_init() Found child 32569 in scoreboard slot 9,E337,jk2_init() Found child <*> in scoreboard slot <*>,2005-12-04 06:45:32,,,,2,False,False,False,INIT
338,2005-12-04,06:45:32,Info,jk2_init,jk2_init() Found child 32572 in scoreboard slot 10,E338,jk2_init() Found child <*> in scoreboard slot <*>,2005-12-04 06:45:32,,,,2,False,False,False,INIT
339,2005-12-04,06:45:32,Info,jk2_init,jk2_init() Found child 32577 in scoreboard slot 11,E339,jk2_init() Found child <*> in scoreboard slot <*>,2005-12-04 06:45:32,,,,2,False,False,False,INIT
340,2005-12-04,06:45:50,Info,workerEnv.init,workerEnv.init() ok /etc/httpd/conf/workers2.properties,E340,workerEnv.init() ok /etc/httpd/conf/workers2.properties,2005-12-04 06:45:50,,,,0,False,False,False,INIT
341,2005-12-04,06:45:50,Info,workerEnv.init,workerEnv.init() ok /etc/httpd/conf/workers2.properties,E341,workerEnv.init() ok /etc/httpd/conf/workers2.properties,2005-12-04 06:45:50,,,,0,False,False,False,INIT
342,2005-12-04,06:45:57,Error,mod_jk,mod_jk child workerEnv in error state 7,E342,mod_jk child workerEnv in error state <*>,2005-12-04 06:45:57,,,,1,True,False,False,FAILURE
343,2005-12-04,06:46:13,Info,jk2_init,jk2_init() Found child 32578 in scoreboard slot 8,E343,jk2_init() Found child <*> in scoreboard slot <*>,2005-12-04 06:46:13,,,,2,False,False,False,INIT
344,2005-12-04,06:46:13,Info,jk2_init,jk2_init() Found child 32580 in scoreboard slot 6,E344,jk2_init() Found child <*> in scoreboard slot <*>,2005-12-04 06:46:13,,,,2,False,False,False,INIT
345,2005-12-04,06:46:12,Info,jk2_init,jk2_init() Found child 32581 in scoreboard slot 7,E345,jk2_init() Found child <*> in scoreboard slot <*>,2005-12-04 06:46:12,,,,2,False,False,False,INIT
346,2005-12-04,06:46:13,Info,jk2_init,jk2_init() Found child 32579 in scoreboard slot 9,E346,jk2_init() Found child <*> in scoreboard slot <*>,2005-12-04 06:46:13,,,,2,False,False,False,INIT
347,2005-12-04,06:46:30,Info,workerEnv.init,workerEnv.init() ok /etc/httpd/conf/workers2.properties,E347,workerEnv.init() ok /etc/httpd/conf/workers2.properties,2005-12-04 06:46:30,,,,0,False,False,False,INIT
348,2005-12-04,06:46:30,Info,workerEnv.init,workerEnv.init() ok /etc/httpd/conf/workers2.properties,E348,workerEnv.init() ok /etc/httpd/conf/workers2.properties,2005-12-04 06:46:30,,,,0,False,False,False,INIT
349,2005-12-04,06:46:31,Error,mod_jk,mod_jk child workerEnv in error state 8,E349,mod_jk child workerEnv in error state <*>,2005-12-04 06:46:31,,,,1,True,False,False,FAILURE
350,2005-12-04,06:46:31,Error,mod_jk,mod_jk child workerEnv in error state 7,E350,mod_jk child workerEnv in error state <*>,2005-12-04 06:46:31,,,,1,True,False,False,FAILURE
351,2005-12-04,06:46:32,Info,jk2_init,jk2_init() Found child 32582 in scoreboard slot 10,E351,jk2_init() Found child <*> in scoreboard slot <*>,2005-12-04 06:46:32,,,,2,False,False,False,INIT
352,2005-12-04,06:46:32,Info,jk2_init,jk2_init() Found child 32584 in scoreboard slot 9,E352,jk2_init() Found child <*> in scoreboard slot <*>,2005-12-04 06:46:32,,,,2,False,False,False,INIT
353,2005-12-04,06:46:32,Info,jk2_init,jk2_init() Found child 32583 in scoreboard slot 8,E353,jk2_init() Found child <*> in scoreboard slot <*>,2005-12-04 06:46:32,,,,2,False,False,False,INIT
354,2005-12-04,06:46:33,Info,workerEnv.init,workerEnv.init() ok /etc/httpd/conf/workers2.properties,E354,workerEnv.init() ok /etc/httpd/conf/workers2.properties,2005-12-04 06:46:33,,,,0,False,False,False,INIT
355,2005-12-04,06:46:33,Error,mod_jk,mod_jk child workerEnv in error state 8,E355,mod_jk child workerEnv in error state <*>,2005-12-04 06:46:33,,,,1,True,False,False,FAILURE
356,2005-12-04,06:46:34,Info,workerEnv.init,workerEnv.init() ok /etc/httpd/conf/workers2.properties,E356,workerEnv.init() ok /etc/httpd/conf/workers2.properties,2005-12-04 06:46:34,,,,0,False,False,False,INIT
357,2005-12-04,06:46:34,Error,mod_jk,mod_jk child workerEnv in error state 10,E357,mod_jk child workerEnv in error state <*>,2005-12-04 06:46:34,,,,1,True,False,False,FAILURE
358,2005-12-04,06:46:34,Info,workerEnv.init,workerEnv.init() ok /etc/httpd/conf/workers2.properties,E358,workerEnv.init() ok /etc/httpd/conf/workers2.properties,2005-12-04 06:46:34,,,,0,False,False,False,INIT
359,2005-12-04,06:46:34,Error,mod_jk,mod_jk child workerEnv in error state 8,E359,mod_jk child workerEnv in error state <*>,2005-12-04 06:46:34,,,,1,True,False,False,FAILURE
360,2005-12-04,06:47:19,Info,jk2_init,jk2_init() Found child 32585 in scoreboard slot 6,E360,jk2_init() Found child <*> in scoreboard slot <*>,2005-12-04 06:47:19,,,,2,False,False,False,INIT
361,2005-12-04,06:47:30,Info,jk2_init,jk2_init() Found child 32587 in scoreboard slot 10,E361,jk2_init() Found child <*> in scoreboard slot <*>,2005-12-04 06:47:30,,,,2,False,False,False,INIT
362,2005-12-04,06:47:30,Info,jk2_init,jk2_init() Found child 32586 in scoreboard slot 7,E362,jk2_init() Found child <*> in scoreboard slot <*>,2005-12-04 06:47:30,,,,2,False,False,False,INIT
363,2005-12-04,06:47:34,Info,jk2_init,jk2_init() Found child 32588 in scoreboard slot 8,E363,jk2_init() Found child <*> in scoreboard slot <*>,2005-12-04 06:47:34,,,,2,False,False,False,INIT
364,2005-12-04,06:47:38,Info,workerEnv.init,workerEnv.init() ok /etc/httpd/conf/workers2.properties,E364,workerEnv.init() ok /etc/httpd/conf/workers2.properties,2005-12-04 06:47:38,,,,0,False,False,False,INIT
365,2005-12-04,06:47:39,Info,workerEnv.init,workerEnv.init() ok /etc/httpd/conf/workers2.properties,E365,workerEnv.init() ok /etc/httpd/conf/workers2.properties,2005-12-04 06:47:39,,,,0,False,False,False,INIT
366,2005-12-04,06:47:39,Info,workerEnv.init,workerEnv.init() ok /etc/httpd/conf/workers2.properties,E366,workerEnv.init() ok /etc/httpd/conf/workers2.properties,2005-12-04 06:47:39,,,,0,False,False,False,INIT
367,2005-12-04,06:47:43,Error,mod_jk,mod_jk child workerEnv in error state 6,E367,mod_jk child workerEnv in error state <*>,2005-12-04 06:47:43,,,,1,True,False,False,FAILURE
368,2005-12-04,06:48:09,Info,jk2_init,jk2_init() Found child 32592 in scoreboard slot 10,E368,jk2_init() Found child <*> in scoreboard slot <*>,2005-12-04 06:48:09,,,,2,False,False,False,INIT
369,2005-12-04,06:48:09,Info,jk2_init,jk2_init() Found child 32591 in scoreboard slot 7,E369,jk2_init() Found child <*> in scoreboard slot <*>,2005-12-04 06:48:09,,,,2,False,False,False,INIT
370,2005-12-04,06:48:22,Info,jk2_init,jk2_init() Found child 32594 in scoreboard slot 6,E370,jk2_init() Found child <*> in scoreboard slot <*>,2005-12-04 06:48:22,,,,2,False,False,False,INIT
371,2005-12-04,06:48:22,Info,jk2_init,jk2_init() Found child 32593 in scoreboard slot 8,E371,jk2_init() Found child <*> in scoreboard slot <*>,2005-12-04 06:48:22,,,,2,False,False,False,INIT
372,2005-12-04,06:48:48,Info,jk2_init,jk2_init() Found child 32597 in scoreboard slot 10,E372,jk2_init() Found child <*> in scoreboard slot <*>,2005-12-04 06:48:48,,,,2,False,False,False,INIT
373,2005-12-04,06:49:06,Info,jk2_init,jk2_init() Found child 32600 in scoreboard slot 9,E373,jk2_init() Found child <*> in scoreboard slot <*>,2005-12-04 06:49:06,,,,2,False,False,False,INIT
374,2005-12-04,06:49:06,Info,jk2_init,jk2_init() Found child 32601 in scoreboard slot 7,E374,jk2_init() Found child <*> in scoreboard slot <*>,2005-12-04 06:49:06,,,,2,False,False,False,INIT
375,2005-12-04,06:49:23,Info,workerEnv.init,workerEnv.init() ok /etc/httpd/conf/workers2.properties,E375,workerEnv.init() ok /etc/httpd/conf/workers2.properties,2005-12-04 06:49:23,,,,0,False,False,False,INIT
376,2005-12-04,06:49:24,Error,mod_jk,mod_jk child workerEnv in error state 8,E376,mod_jk child workerEnv in error state <*>,2005-12-04 06:49:24,,,,1,True,False,False,FAILURE
377,2005-12-04,06:49:40,Info,jk2_init,jk2_init() Found child 32605 in scoreboard slot 9,E377,jk2_init() Found child <*> in scoreboard slot <*>,2005-12-04 06:49:40,,,,2,False,False,False,INIT
378,2005-12-04,06:49:40,Info,jk2_init,jk2_init() Found child 32604 in scoreboard slot 6,E378,jk2_init() Found child <*> in scoreboard slot <*>,2005-12-04 06:49:40,,,,2,False,False,False,INIT
379,2005-12-04,06:51:13,Info,jk2_init,jk2_init() Found child 32622 in scoreboard slot 7,E379,jk2_init() Found child <*> in scoreboard slot <*>,2005-12-04 06:51:13,,,,2,False,False,False,INIT
380,2005-12-04,06:51:14,Info,jk2_init,jk2_init() Found child 32623 in scoreboard slot 11,E380,jk2_init() Found child <*> in scoreboard slot <*>,2005-12-04 06:51:14,,,,2,False,False,False,INIT
381,2005-12-04,06:51:13,Info,jk2_init,jk2_init() Found child 32624 in scoreboard slot 8,E381,jk2_init() Found child <*> in scoreboard slot <*>,2005-12-04 06:51:13,,,,2,False,False,False,INIT
382,2005-12-04,06:51:13,Info,jk2_init,jk2_init() Found child 32621 in scoreboard slot 9,E382,jk2_init() Found child <*> in scoreboard slot <*>,2005-12-04 06:51:13,,,,2,False,False,False,INIT
383,2005-12-04,06:51:23,Info,workerEnv.init,workerEnv.init() ok /etc/httpd/conf/workers2.properties,E383,workerEnv.init() ok /etc/httpd/conf/workers2.properties,2005-12-04 06:51:23,,,,0,False,False,False,INIT
384,2005-12-04,06:51:23,Error,mod_jk,mod_jk child workerEnv in error state 7,E384,mod_jk child workerEnv in error state <*>,2005-12-04 06:51:23,,,,1,True,False,False,FAILURE
385,2005-12-04,06:51:23,Info,workerEnv.init,workerEnv.init() ok /etc/httpd/conf/workers2.properties,E385,workerEnv.init() ok /etc/httpd/conf/workers2.properties,2005-12-04 06:51:23,,,,0,False,False,False,INIT
386,2005-12-04,06:51:23,Error,mod_jk,mod_jk child workerEnv in error state 6,E386,mod_jk child workerEnv in error state <*>,2005-12-04 06:51:23,,,,1,True,False,False,FAILURE
387,2005-12-04,06:51:23,Info,workerEnv.init,workerEnv.init() ok /etc/httpd/conf/workers2.properties,E387,workerEnv.init() ok /etc/httpd/conf/workers2.properties,2005-12-04 06:51:23,,,,0,False,False,False,INIT
388,2005-12-04,06:51:23,Error,mod_jk,mod_jk child workerEnv in error state 8,E388,mod_jk child workerEnv in error state <*>,2005-12-04 06:51:23,,,,1,True,False,False,FAILURE
389,2005-12-04,06:51:23,Info,workerEnv.init,workerEnv.init() ok /etc/httpd/conf/workers2.properties,E389,workerEnv.init() ok /etc/httpd/conf/workers2.properties,2005-12-04 06:51:23,,,,0,False,False,False,INIT
390,2005-12-04,06:51:23,Error,mod_jk,mod_jk child workerEnv in error state 6,E390,mod_jk child workerEnv in error state <*>,2005-12-04 06:51:23,,,,1,True,False,False,FAILURE
391,2005-12-04,06:51:25,Info,jk2_init,jk2_init() Found child 32626 in scoreboard slot 6,E391,jk2_init() Found child <*> in scoreboard slot <*>,2005-12-04 06:51:25,,,,2,False,False,False,INIT
392,2005-12-04,06:51:26,Info,workerEnv.init,workerEnv.init() ok /etc/httpd/conf/workers2.properties,E392,workerEnv.init() ok /etc/httpd/conf/workers2.properties,2005-12-04 06:51:26,,,,0,False,False,False,INIT
393,2005-12-04,06:51:26,Error,mod_jk,mod_jk child workerEnv in error state 9,E393,mod_jk child workerEnv in error state <*>,2005-12-04 06:51:26,,,,1,True,False,False,FAILURE
394,2005-12-04,06:52:07,Info,jk2_init,jk2_init() Found child 32627 in scoreboard slot 9,E394,jk2_init() Found child <*> in scoreboard slot <*>,2005-12-04 06:52:07,,,,2,False,False,False,INIT
395,2005-12-04,06:52:08,Info,jk2_init,jk2_init() Found child 32628 in scoreboard slot 7,E395,jk2_init() Found child <*> in scoreboard slot <*>,2005-12-04 06:52:08,,,,2,False,False,False,INIT
396,2005-12-04,06:52:13,Info,workerEnv.init,workerEnv.init() ok /etc/httpd/conf/workers2.properties,E396,workerEnv.init() ok /etc/httpd/conf/workers2.properties,2005-12-04 06:52:13,,,,0,False,False,False,INIT
397,2005-12-04,06:52:14,Info,workerEnv.init,workerEnv.init() ok /etc/httpd/conf/workers2.properties,E397,workerEnv.init() ok /etc/httpd/conf/workers2.properties,2005-12-04 06:52:14,,,,0,False,False,False,INIT
398,2005-12-04,06:52:15,Error,mod_jk,mod_jk child workerEnv in error state 6,E398,mod_jk child workerEnv in error state <*>,2005-12-04 06:52:15,,,,1,True,False,False,FAILURE
399,2005-12-04,06:52:15,Error,mod_jk,mod_jk child workerEnv in error state 6,E399,mod_jk child workerEnv in error state <*>,2005-12-04 06:52:15,,,,1,True,False,False,FAILURE
400,2005-12-04,06:52:27,Info,jk2_init,jk2_init() Found child 32630 in scoreboard slot 8,E400,jk2_init() Found child <*> in scoreboard slot <*>,2005-12-04 06:52:27,,,,2,False,False,False,INIT
401,2005-12-04,06:52:27,Info,jk2_init,jk2_init() Found child 32629 in scoreboard slot 10,E401,jk2_init() Found child <*> in scoreboard slot <*>,2005-12-04 06:52:27,,,,2,False,False,False,INIT
402,2005-12-04,06:52:39,Info,workerEnv.init,workerEnv.init() ok /etc/httpd/conf/workers2.properties,E402,workerEnv.init() ok /etc/httpd/conf/workers2.properties,2005-12-04 06:52:39,,,,0,False,False,False,INIT
403,2005-12-04,06:52:39,Info,workerEnv.init,workerEnv.init() ok /etc/httpd/conf/workers2.properties,E403,workerEnv.init() ok /etc/httpd/conf/workers2.properties,2005-12-04 06:52:39,,,,0,False,False,False,INIT
404,2005-12-04,06:52:41,Error,mod_jk,mod_jk child workerEnv in error state 9,E404,mod_jk child workerEnv in error state <*>,2005-12-04 06:52:41,,,,1,True,False,False,FAILURE
405,2005-12-04,06:52:41,Error,mod_jk,mod_jk child workerEnv in error state 6,E405,mod_jk child workerEnv in error state <*>,2005-12-04 06:52:41,,,,1,True,False,False,FAILURE
406,2005-12-04,06:53:04,Info,jk2_init,jk2_init() Found child 32633 in scoreboard slot 9,E406,jk2_init() Found child <*> in scoreboard slot <*>,2005-12-04 06:53:04,,,,2,False,False,False,INIT
407,2005-12-04,06:53:04,Info,jk2_init,jk2_init() Found child 32634 in scoreboard slot 11,E407,jk2_init() Found child <*> in scoreboard slot <*>,2005-12-04 06:53:04,,,,2,False,False,False,INIT
408,2005-12-04,06:53:04,Info,jk2_init,jk2_init() Found child 32632 in scoreboard slot 7,E408,jk2_init() Found child <*> in scoreboard slot <*>,2005-12-04 06:53:04,,,,2,False,False,False,INIT
409,2005-12-04,06:53:23,Info,workerEnv.init,workerEnv.init() ok /etc/httpd/conf/workers2.properties,E409,workerEnv.init() ok /etc/httpd/conf/workers2.properties,2005-12-04 06:53:23,,,,0,False,False,False,INIT
410,2005-12-04,06:53:26,Error,mod_jk,mod_jk child workerEnv in error state 6,E410,mod_jk child workerEnv in error state <*>,2005-12-04 06:53:26,,,,1,True,False,False,FAILURE
411,2005-12-04,06:53:38,Info,jk2_init,jk2_init() Found child 32636 in scoreboard slot 6,E411,jk2_init() Found child <*> in scoreboard slot <*>,2005-12-04 06:53:38,,,,2,False,False,False,INIT
412,2005-12-04,06:53:37,Info,jk2_init,jk2_init() Found child 32637 in scoreboard slot 7,E412,jk2_init() Found child <*> in scoreboard slot <*>,2005-12-04 06:53:37,,,,2,False,False,False,INIT
413,2005-12-04,06:53:37,Info,jk2_init,jk2_init() Found child 32638 in scoreboard slot 9,E413,jk2_init() Found child <*> in scoreboard slot <*>,2005-12-04 06:53:37,,,,2,False,False,False,INIT
414,2005-12-04,06:54:04,Info,jk2_init,jk2_init() Found child 32640 in scoreboard slot 8,E414,jk2_init() Found child <*> in scoreboard slot <*>,2005-12-04 06:54:04,,,,2,False,False,False,INIT
415,2005-12-04,06:54:04,Info,jk2_init,jk2_init() Found child 32641 in scoreboard slot 6,E415,jk2_init() Found child <*> in scoreboard slot <*>,2005-12-04 06:54:04,,,,2,False,False,False,INIT
416,2005-12-04,06:54:04,Info,jk2_init,jk2_init() Found child 32642 in scoreboard slot 7,E416,jk2_init() Found child <*> in scoreboard slot <*>,2005-12-04 06:54:04,,,,2,False,False,False,INIT
417,2005-12-04,06:54:35,Info,jk2_init,jk2_init() Found child 32646 in scoreboard slot 6,E417,jk2_init() Found child <*> in scoreboard slot <*>,2005-12-04 06:54:35,,,,2,False,False,False,INIT
418,2005-12-04,06:55:00,Info,jk2_init,jk2_init() Found child 32648 in scoreboard slot 9,E418,jk2_init() Found child <*> in scoreboard slot <*>,2005-12-04 06:55:00,,,,2,False,False,False,INIT
419,2005-12-04,06:55:00,Info,jk2_init,jk2_init() Found child 32652 in scoreboard slot 7,E419,jk2_init() Found child <*> in scoreboard slot <*>,2005-12-04 06:55:00,,,,2,False,False,False,INIT
420,2005-12-04,06:55:00,Info,jk2_init,jk2_init() Found child 32649 in scoreboard slot 10,E420,jk2_init() Found child <*> in scoreboard slot <*>,2005-12-04 06:55:00,,,,2,False,False,False,INIT
421,2005-12-04,06:55:00,Info,jk2_init,jk2_init() Found child 32651 in scoreboard slot 6,E421,jk2_init() Found child <*> in scoreboard slot <*>,2005-12-04 06:55:00,,,,2,False,False,False,INIT
422,2005-12-04,06:55:00,Info,jk2_init,jk2_init() Found child 32650 in scoreboard slot 8,E422,jk2_init() Found child <*> in scoreboard slot <*>,2005-12-04 06:55:00,,,,2,False,False,False,INIT
423,2005-12-04,06:55:19,Info,workerEnv.init,workerEnv.init() ok /etc/httpd/conf/workers2.properties,E423,workerEnv.init() ok /etc/httpd/conf/workers2.properties,2005-12-04 06:55:19,,,,0,False,False,False,INIT
424,2005-12-04,06:55:19,Info,workerEnv.init,workerEnv.init() ok /etc/httpd/conf/workers2.properties,E424,workerEnv.init() ok /etc/httpd/conf/workers2.properties,2005-12-04 06:55:19,,,,0,False,False,False,INIT
425,2005-12-04,06:55:19,Info,workerEnv.init,workerEnv.init() ok /etc/httpd/conf/workers2.properties,E425,workerEnv.init() ok /etc/httpd/conf/workers2.properties,2005-12-04 06:55:19,,,,0,False,False,False,INIT
426,2005-12-04,06:55:23,Error,mod_jk,mod_jk child workerEnv in error state 6,E426,mod_jk child workerEnv in error state <*>,2005-12-04 06:55:23,,,,1,True,False,False,FAILURE
427,2005-12-04,06:55:23,Error,mod_jk,mod_jk child workerEnv in error state 8,E427,mod_jk child workerEnv in error state <*>,2005-12-04 06:55:23,,,,1,True,False,False,FAILURE
428,2005-12-04,06:55:23,Error,mod_jk,mod_jk child workerEnv in error state 9,E428,mod_jk child workerEnv in error state <*>,2005-12-04 06:55:23,,,,1,True,False,False,FAILURE
429,2005-12-04,06:55:55,Info,jk2_init,jk2_init() Found child 32660 in scoreboard slot 6,E429,jk2_init() Found child <*> in scoreboard slot <*>,2005-12-04 06:55:55,,,,2,False,False,False,INIT
430,2005-12-04,06:55:54,Info,jk2_init,jk2_init() Found child 32658 in scoreboard slot 10,E430,jk2_init() Found child <*> in scoreboard slot <*>,2005-12-04 06:55:54,,,,2,False,False,False,INIT
431,2005-12-04,06:55:54,Info,jk2_init,jk2_init() Found child 32659 in scoreboard slot 8,E431,jk2_init() Found child <*> in scoreboard slot <*>,2005-12-04 06:55:54,,,,2,False,False,False,INIT
432,2005-12-04,06:55:54,Info,jk2_init,jk2_init() Found child 32657 in scoreboard slot 9,E432,jk2_init() Found child <*> in scoreboard slot <*>,2005-12-04 06:55:54,,,,2,False,False,False,INIT
433,2005-12-04,06:56:10,Info,workerEnv.init,workerEnv.init() ok /etc/httpd/conf/workers2.properties,E433,workerEnv.init() ok /etc/httpd/conf/workers2.properties,2005-12-04 06:56:10,,,,0,False,False,False,INIT
434,2005-12-04,06:56:17,Error,mod_jk,mod_jk child workerEnv in error state 6,E434,mod_jk child workerEnv in error state <*>,2005-12-04 06:56:17,,,,1,True,False,False,FAILURE
435,2005-12-04,06:56:37,Info,jk2_init,jk2_init() Found child 32663 in scoreboard slot 10,E435,jk2_init() Found child <*> in scoreboard slot <*>,2005-12-04 06:56:37,,,,2,False,False,False,INIT
436,2005-12-04,06:56:37,Info,jk2_init,jk2_init() Found child 32664 in scoreboard slot 8,E436,jk2_init() Found child <*> in scoreboard slot <*>,2005-12-04 06:56:37,,,,2,False,False,False,INIT
437,2005-12-04,06:57:19,Info,jk2_init,jk2_init() Found child 32670 in scoreboard slot 6,E437,jk2_init() Found child <*> in scoreboard slot <*>,2005-12-04 06:57:19,,,,2,False,False,False,INIT
438,2005-12-04,06:57:19,Info,jk2_init,jk2_init() Found child 32667 in scoreboard slot 9,E438,jk2_init() Found child <*> in scoreboard slot <*>,2005-12-04 06:57:19,,,,2,False,False,False,INIT
439,2005-12-04,06:57:19,Info,jk2_init,jk2_init() Found child 32668 in scoreboard slot 10,E439,jk2_init() Found child <*> in scoreboard slot <*>,2005-12-04 06:57:19,,,,2,False,False,False,INIT
440,2005-12-04,06:57:19,Info,jk2_init,jk2_init() Found child 32669 in scoreboard slot 8,E440,jk2_init() Found child <*> in scoreboard slot <*>,2005-12-04 06:57:19,,,,2,False,False,False,INIT
441,2005-12-04,06:57:19,Info,jk2_init,jk2_init() Found child 32671 in scoreboard slot 7,E441,jk2_init() Found child <*> in scoreboard slot <*>,2005-12-04 06:57:19,,,,2,False,False,False,INIT
442,2005-12-04,06:57:23,Info,workerEnv.init,workerEnv.init() ok /etc/httpd/conf/workers2.properties,E442,workerEnv.init() ok /etc/httpd/conf/workers2.properties,2005-12-04 06:57:23,,,,0,False,False,False,INIT
443,2005-12-04,06:57:23,Info,workerEnv.init,workerEnv.init() ok /etc/httpd/conf/workers2.properties,E443,workerEnv.init() ok /etc/httpd/conf/workers2.properties,2005-12-04 06:57:23,,,,0,False,False,False,INIT
444,2005-12-04,06:57:23,Error,mod_jk,mod_jk child workerEnv in error state 6,E444,mod_jk child workerEnv in error state <*>,2005-12-04 06:57:23,,,,1,True,False,False,FAILURE
445,2005-12-04,06:57:23,Error,mod_jk,mod_jk child workerEnv in error state 6,E445,mod_jk child workerEnv in error state <*>,2005-12-04 06:57:23,,,,1,True,False,False,FAILURE
446,2005-12-04,06:57:23,Info,workerEnv.init,workerEnv.init() ok /etc/httpd/conf/workers2.properties,E446,workerEnv.init() ok /etc/httpd/conf/workers2.properties,2005-12-04 06:57:23,,,,0,False,False,False,INIT
447,2005-12-04,06:57:23,Error,mod_jk,mod_jk child workerEnv in error state 9,E447,mod_jk child workerEnv in error state <*>,2005-12-04 06:57:23,,,,1,True,False,False,FAILURE
448,2005-12-04,06:57:23,Info,workerEnv.init,workerEnv.init() ok /etc/httpd/conf/workers2.properties,E448,workerEnv.init() ok /etc/httpd/conf/workers2.properties,2005-12-04 06:57:23,,,,0,False,False,False,INIT
449,2005-12-04,06:57:23,Error,mod_jk,mod_jk child workerEnv in error state 8,E449,mod_jk child workerEnv in error state <*>,2005-12-04 06:57:23,,,,1,True,False,False,FAILURE
450,2005-12-04,06:57:24,Info,workerEnv.init,workerEnv.init() ok /etc/httpd/conf/workers2.properties,E450,workerEnv.init() ok /etc/httpd/conf/workers2.properties,2005-12-04 06:57:24,,,,0,False,False,False,INIT
451,2005-12-04,06:57:24,Error,mod_jk,mod_jk child workerEnv in error state 9,E451,mod_jk child workerEnv in error state <*>,2005-12-04 06:57:24,,,,1,True,False,False,FAILURE
452,2005-12-04,06:58:12,Info,jk2_init,jk2_init() Found child 32674 in scoreboard slot 8,E452,jk2_init() Found child <*> in scoreboard slot <*>,2005-12-04 06:58:12,,,,2,False,False,False,INIT
453,2005-12-04,06:58:13,Info,jk2_init,jk2_init() Found child 32672 in scoreboard slot 9,E453,jk2_init() Found child <*> in scoreboard slot <*>,2005-12-04 06:58:13,,,,2,False,False,False,INIT
454,2005-12-04,06:58:13,Info,jk2_init,jk2_init() Found child 32673 in scoreboard slot 10,E454,jk2_init() Found child <*> in scoreboard slot <*>,2005-12-04 06:58:13,,,,2,False,False,False,INIT
455,2005-12-04,06:58:27,Info,jk2_init,jk2_init() Found child 32675 in scoreboard slot 6,E455,jk2_init() Found child <*> in scoreboard slot <*>,2005-12-04 06:58:27,,,,2,False,False,False,INIT
456,2005-12-04,06:58:28,Info,workerEnv.init,workerEnv.init() ok /etc/httpd/conf/workers2.properties,E456,workerEnv.init() ok /etc/httpd/conf/workers2.properties,2005-12-04 06:58:28,,,,0,False,False,False,INIT
457,2005-12-04,06:58:28,Info,workerEnv.init,workerEnv.init() ok /etc/httpd/conf/workers2.properties,E457,workerEnv.init() ok /etc/httpd/conf/workers2.properties,2005-12-04 06:58:28,,,,0,False,False,False,INIT
458,2005-12-04,06:58:29,Error,mod_jk,mod_jk child workerEnv in error state 6,E458,mod_jk child workerEnv in error state <*>,2005-12-04 06:58:29,,,,1,True,False,False,FAILURE
459,2005-12-04,06:58:29,Error,mod_jk,mod_jk child workerEnv in error state 6,E459,mod_jk child workerEnv in error state <*>,2005-12-04 06:58:29,,,,1,True,False,False,FAILURE
460,2005-12-04,06:58:51,Info,workerEnv.init,workerEnv.init() ok /etc/httpd/conf/workers2.properties,E460,workerEnv.init() ok /etc/httpd/conf/workers2.properties,2005-12-04 06:58:51,,,,0,False,False,False,INIT
461,2005-12-04,06:58:53,Error,mod_jk,mod_jk child workerEnv in error state 6,E461,mod_jk child workerEnv in error state <*>,2005-12-04 06:58:53,,,,1,True,False,False,FAILURE
462,2005-12-04,06:58:54,Info,jk2_init,jk2_init() Found child 32677 in scoreboard slot 7,E462,jk2_init() Found child <*> in scoreboard slot <*>,2005-12-04 06:58:54,,,,2,False,False,False,INIT
463,2005-12-04,06:58:54,Info,jk2_init,jk2_init() Found child 32676 in scoreboard slot 9,E463,jk2_init() Found child <*> in scoreboard slot <*>,2005-12-04 06:58:54,,,,2,False,False,False,INIT
464,2005-12-04,06:58:54,Info,jk2_init,jk2_init() Found child 32678 in scoreboard slot 10,E464,jk2_init() Found child <*> in scoreboard slot <*>,2005-12-04 06:58:54,,,,2,False,False,False,INIT
465,2005-12-04,06:59:28,Info,jk2_init,jk2_init() Found child 32679 in scoreboard slot 8,E465,jk2_init() Found child <*> in scoreboard slot <*>,2005-12-04 06:59:28,,,,2,False,False,False,INIT
466,2005-12-04,06:59:28,Info,jk2_init,jk2_init() Found child 32680 in scoreboard slot 6,E466,jk2_init() Found child <*> in scoreboard slot <*>,2005-12-04 06:59:28,,,,2,False,False,False,INIT
467,2005-12-04,06:59:34,Info,jk2_init,jk2_init() Found child 32681 in scoreboard slot 9,E467,jk2_init() Found child <*> in scoreboard slot <*>,2005-12-04 06:59:34,,,,2,False,False,False,INIT
468,2005-12-04,06:59:34,Info,jk2_init,jk2_init() Found child 32682 in scoreboard slot 7,E468,jk2_init() Found child <*> in scoreboard slot <*>,2005-12-04 06:59:34,,,,2,False,False,False,INIT
469,2005-12-04,06:59:38,Info,workerEnv.init,workerEnv.init() ok /etc/httpd/conf/workers2.properties,E469,workerEnv.init() ok /etc/httpd/conf/workers2.properties,2005-12-04 06:59:38,,,,0,False,False,False,INIT
470,2005-12-04,06:59:40,Error,mod_jk,mod_jk child workerEnv in error state 6,E470,mod_jk child workerEnv in error state <*>,2005-12-04 06:59:40,,,,1,True,False,False,FAILURE
471,2005-12-04,06:59:45,Info,workerEnv.init,workerEnv.init() ok /etc/httpd/conf/workers2.properties,E471,workerEnv.init() ok /etc/httpd/conf/workers2.properties,2005-12-04 06:59:45,,,,0,False,False,False,INIT
472,2005-12-04,06:59:45,Info,workerEnv.init,workerEnv.init() ok /etc/httpd/conf/workers2.properties,E472,workerEnv.init() ok /etc/httpd/conf/workers2.properties,2005-12-04 06:59:45,,,,0,False,False,False,INIT
473,2005-12-04,06:59:47,Error,mod_jk,mod_jk child workerEnv in error state 8,E473,mod_jk child workerEnv in error state <*>,2005-12-04 06:59:47,,,,1,True,False,False,FAILURE
474,2005-12-04,06:59:47,Error,mod_jk,mod_jk child workerEnv in error state 7,E474,mod_jk child workerEnv in error state <*>,2005-12-04 06:59:47,,,,1,True,False,False,FAILURE
475,2005-12-04,06:59:59,Info,jk2_init,jk2_init() Found child 32683 in scoreboard slot 10,E475,jk2_init() Found child <*> in scoreboard slot <*>,2005-12-04 06:59:59,,,,2,False,False,False,INIT
476,2005-12-04,07:00:06,Info,jk2_init,jk2_init() Found child 32685 in scoreboard slot 6,E476,jk2_init() Found child <*> in scoreboard slot <*>,2005-12-04 07:00:06,,,,2,False,False,False,INIT
477,2005-12-04,07:00:32,Info,jk2_init,jk2_init() Found child 32688 in scoreboard slot 11,E477,jk2_init() Found child <*> in scoreboard slot <*>,2005-12-04 07:00:32,,,,2,False,False,False,INIT
478,2005-12-04,07:00:32,Info,jk2_init,jk2_init() Found child 32695 in scoreboard slot 8,E478,jk2_init() Found child <*> in scoreboard slot <*>,2005-12-04 07:00:32,,,,2,False,False,False,INIT
479,2005-12-04,07:00:32,Info,jk2_init,jk2_init() Found child 32696 in scoreboard slot 6,E479,jk2_init() Found child <*> in scoreboard slot <*>,2005-12-04 07:00:32,,,,2,False,False,False,INIT
480,2005-12-04,07:01:25,Info,jk2_init,jk2_init() Found child 32701 in scoreboard slot 10,E480,jk2_init() Found child <*> in scoreboard slot <*>,2005-12-04 07:01:25,,,,2,False,False,False,INIT
481,2005-12-04,07:01:26,Info,jk2_init,jk2_init() Found child 32702 in scoreboard slot 11,E481,jk2_init() Found child <*> in scoreboard slot <*>,2005-12-04 07:01:26,,,,2,False,False,False,INIT
482,2005-12-04,07:01:55,Info,jk2_init,jk2_init() Found child 32711 in scoreboard slot 10,E482,jk2_init() Found child <*> in scoreboard slot <*>,2005-12-04 07:01:55,,,,2,False,False,False,INIT
483,2005-12-04,07:01:55,Info,jk2_init,jk2_init() Found child 32708 in scoreboard slot 7,E483,jk2_init() Found child <*> in scoreboard slot <*>,2005-12-04 07:01:55,,,,2,False,False,False,INIT
484,2005-12-04,07:01:55,Info,jk2_init,jk2_init() Found child 32710 in scoreboard slot 9,E484,jk2_init() Found child <*> in scoreboard slot <*>,2005-12-04 07:01:55,,,,2,False,False,False,INIT
485,2005-12-04,07:01:55,Info,jk2_init,jk2_init() Found child 32709 in scoreboard slot 8,E485,jk2_init() Found child <*> in scoreboard slot <*>,2005-12-04 07:01:55,,,,2,False,False,False,INIT
486,2005-12-04,07:01:57,Info,jk2_init,jk2_init() Found child 32712 in scoreboard slot 6,E486,jk2_init() Found child <*> in scoreboard slot <*>,2005-12-04 07:01:57,,,,2,False,False,False,INIT
487,2005-12-04,07:02:01,Info,workerEnv.init,workerEnv.init() ok /etc/httpd/conf/workers2.properties,E487,workerEnv.init() ok /etc/httpd/conf/workers2.properties,2005-12-04 07:02:01,,,,0,False,False,False,INIT
488,2005-12-04,07:02:01,Info,workerEnv.init,workerEnv.init() ok /etc/httpd/conf/workers2.properties,E488,workerEnv.init() ok /etc/httpd/conf/workers2.properties,2005-12-04 07:02:01,,,,0,False,False,False,INIT
489,2005-12-04,07:02:01,Info,workerEnv.init,workerEnv.init() ok /etc/httpd/conf/workers2.properties,E489,workerEnv.init() ok /etc/httpd/conf/workers2.properties,2005-12-04 07:02:01,,,,0,False,False,False,INIT
490,2005-12-04,07:02:01,Info,workerEnv.init,workerEnv.init() ok /etc/httpd/conf/workers2.properties,E490,workerEnv.init() ok /etc/httpd/conf/workers2.properties,2005-12-04 07:02:01,,,,0,False,False,False,INIT
491,2005-12-04,07:02:01,Info,workerEnv.init,workerEnv.init() ok /etc/httpd/conf/workers2.properties,E491,workerEnv.init() ok /etc/httpd/conf/workers2.properties,2005-12-04 07:02:01,,,,0,False,False,False,INIT
492,2005-12-04,07:02:03,Error,mod_jk,mod_jk child workerEnv in error state 9,E492,mod_jk child workerEnv in error state <*>,2005-12-04 07:02:03,,,,1,True,False,False,FAILURE
493,2005-12-04,07:02:03,Error,mod_jk,mod_jk child workerEnv in error state 8,E493,mod_jk child workerEnv in error state <*>,2005-12-04 07:02:03,,,,1,True,False,False,FAILURE
494,2005-12-04,07:02:03,Error,mod_jk,mod_jk child workerEnv in error state 8,E494,mod_jk child workerEnv in error state <*>,2005-12-04 07:02:03,,,,1,True,False,False,FAILURE
495,2005-12-04,07:02:03,Error,mod_jk,mod_jk child workerEnv in error state 6,E495,mod_jk child workerEnv in error state <*>,2005-12-04 07:02:03,,,,1,True,False,False,FAILURE
496,2005-12-04,07:02:03,Error,mod_jk,mod_jk child workerEnv in error state 6,E496,mod_jk child workerEnv in error state <*>,2005-12-04 07:02:03,,,,1,True,False,False,FAILURE
497,2005-12-04,07:02:52,Info,jk2_init,jk2_init() Found child 32713 in scoreboard slot 7,E497,jk2_init() Found child <*> in scoreboard slot <*>,2005-12-04 07:02:52,,,,2,False,False,False,INIT
498,2005-12-04,07:03:23,Info,jk2_init,jk2_init() Found child 32717 in scoreboard slot 10,E498,jk2_init() Found child <*> in scoreboard slot <*>,2005-12-04 07:03:23,,,,2,False,False,False,INIT
499,2005-12-04,07:03:48,Info,jk2_init,jk2_init() Found child 32720 in scoreboard slot 8,E499,jk2_init() Found child <*> in scoreboard slot <*>,2005-12-04 07:03:48,,,,2,False,False,False,INIT
500,2005-12-04,07:04:27,Info,jk2_init,jk2_init() Found child 32726 in scoreboard slot 8,E500,jk2_init() Found child <*> in scoreboard slot <*>,2005-12-04 07:04:27,,,,2,False,False,False,INIT
501,2005-12-04,07:04:55,Info,jk2_init,jk2_init() Found child 32730 in scoreboard slot 7,E501,jk2_init() Found child <*> in scoreboard slot <*>,2005-12-04 07:04:55,,,,2,False,False,False,INIT
502,2005-12-04,07:04:55,Info,jk2_init,jk2_init() Found child 32729 in scoreboard slot 6,E502,jk2_init() Found child <*> in scoreboard slot <*>,2005-12-04 07:04:55,,,,2,False,False,False,INIT
503,2005-12-04,07:04:55,Info,jk2_init,jk2_init() Found child 32731 in scoreboard slot 8,E503,jk2_init() Found child <*> in scoreboard slot <*>,2005-12-04 07:04:55,,,,2,False,False,False,INIT
504,2005-12-04,07:05:44,Info,jk2_init,jk2_init() Found child 32739 in scoreboard slot 7,E504,jk2_init() Found child <*> in scoreboard slot <*>,2005-12-04 07:05:44,,,,2,False,False,False,INIT
505,2005-12-04,07:05:44,Info,jk2_init,jk2_init() Found child 32740 in scoreboard slot 8,E505,jk2_init() Found child <*> in scoreboard slot <*>,2005-12-04 07:05:44,,,,2,False,False,False,INIT
506,2005-12-04,07:06:11,Info,jk2_init,jk2_init() Found child 32742 in scoreboard slot 10,E506,jk2_init() Found child <*> in scoreboard slot <*>,2005-12-04 07:06:11,,,,2,False,False,False,INIT
507,2005-12-04,07:07:23,Info,jk2_init,jk2_init() Found child 32758 in scoreboard slot 7,E507,jk2_init() Found child <*> in scoreboard slot <*>,2005-12-04 07:07:23,,,,2,False,False,False,INIT
508,2005-12-04,07:07:23,Info,jk2_init,jk2_init() Found child 32755 in scoreboard slot 8,E508,jk2_init() Found child <*> in scoreboard slot <*>,2005-12-04 07:07:23,,,,2,False,False,False,INIT
509,2005-12-04,07:07:23,Info,jk2_init,jk2_init() Found child 32754 in scoreboard slot 11,E509,jk2_init() Found child <*> in scoreboard slot <*>,2005-12-04 07:07:23,,,,2,False,False,False,INIT
510,2005-12-04,07:07:30,Info,workerEnv.init,workerEnv.init() ok /etc/httpd/conf/workers2.properties,E510,workerEnv.init() ok /etc/httpd/conf/workers2.properties,2005-12-04 07:07:30,,,,0,False,False,False,INIT
511,2005-12-04,07:07:30,Info,workerEnv.init,workerEnv.init() ok /etc/httpd/conf/workers2.properties,E511,workerEnv.init() ok /etc/httpd/conf/workers2.properties,2005-12-04 07:07:30,,,,0,False,False,False,INIT
512,2005-12-04,07:07:30,Info,workerEnv.init,workerEnv.init() ok /etc/httpd/conf/workers2.properties,E512,workerEnv.init() ok /etc/httpd/conf/workers2.properties,2005-12-04 07:07:30,,,,0,False,False,False,INIT
513,2005-12-04,07:07:30,Error,mod_jk,mod_jk child workerEnv in error state 9,E513,mod_jk child workerEnv in error state <*>,2005-12-04 07:07:30,,,,1,True,False,False,FAILURE
514,2005-12-04,07:07:30,Error,mod_jk,mod_jk child workerEnv in error state 10,E514,mod_jk child workerEnv in error state <*>,2005-12-04 07:07:30,,,,1,True,False,False,FAILURE
515,2005-12-04,07:07:30,Error,mod_jk,mod_jk child workerEnv in error state 8,E515,mod_jk child workerEnv in error state <*>,2005-12-04 07:07:30,,,,1,True,False,False,FAILURE
516,2005-12-04,07:08:02,Info,jk2_init,jk2_init() Found child 32761 in scoreboard slot 6,E516,jk2_init() Found child <*> in scoreboard slot <*>,2005-12-04 07:08:02,,,,2,False,False,False,INIT
517,2005-12-04,07:08:02,Info,jk2_init,jk2_init() Found child 32762 in scoreboard slot 9,E517,jk2_init() Found child <*> in scoreboard slot <*>,2005-12-04 07:08:02,,,,2,False,False,False,INIT
518,2005-12-04,07:08:02,Info,jk2_init,jk2_init() Found child 32763 in scoreboard slot 10,E518,jk2_init() Found child <*> in scoreboard slot <*>,2005-12-04 07:08:02,,,,2,False,False,False,INIT
519,2005-12-04,07:08:04,Info,workerEnv.init,workerEnv.init() ok /etc/httpd/conf/workers2.properties,E519,workerEnv.init() ok /etc/httpd/conf/workers2.properties,2005-12-04 07:08:04,,,,0,False,False,False,INIT
520,2005-12-04,07:08:04,Error,mod_jk,mod_jk child workerEnv in error state 7,E520,mod_jk child workerEnv in error state <*>,2005-12-04 07:08:04,,,,1,True,False,False,FAILURE
521,2005-12-04,07:08:04,Info,workerEnv.init,workerEnv.init() ok /etc/httpd/conf/workers2.properties,E521,workerEnv.init() ok /etc/httpd/conf/workers2.properties,2005-12-04 07:08:04,,,,0,False,False,False,INIT
522,2005-12-04,07:08:04,Error,mod_jk,mod_jk child workerEnv in error state 6,E522,mod_jk child workerEnv in error state <*>,2005-12-04 07:08:04,,,,1,True,False,False,FAILURE
523,2005-12-04,07:08:04,Info,workerEnv.init,workerEnv.init() ok /etc/httpd/conf/workers2.properties,E523,workerEnv.init() ok /etc/httpd/conf/workers2.properties,2005-12-04 07:08:04,,,,0,False,False,False,INIT
524,2005-12-04,07:08:04,Error,mod_jk,mod_jk child workerEnv in error state 7,E524,mod_jk child workerEnv in error state <*>,2005-12-04 07:08:04,,,,1,True,False,False,FAILURE
525,2005-12-04,07:10:54,Info,jk2_init,jk2_init() Found child 308 in scoreboard slot 8,E525,jk2_init() Found child <*> in scoreboard slot <*>,2005-12-04 07:10:54,,,,2,False,False,False,INIT
526,2005-12-04,07:11:04,Info,jk2_init,jk2_init() Found child 310 in scoreboard slot 6,E526,jk2_init() Found child <*> in scoreboard slot <*>,2005-12-04 07:11:04,,,,2,False,False,False,INIT
527,2005-12-04,07:11:04,Info,jk2_init,jk2_init() Found child 309 in scoreboard slot 7,E527,jk2_init() Found child <*> in scoreboard slot <*>,2005-12-04 07:11:04,,,,2,False,False,False,INIT
528,2005-12-04,07:11:05,Info,workerEnv.init,workerEnv.init() ok /etc/httpd/conf/workers2.properties,E528,workerEnv.init() ok /etc/httpd/conf/workers2.properties,2005-12-04 07:11:05,,,,0,False,False,False,INIT
529,2005-12-04,07:11:05,Error,mod_jk,mod_jk child workerEnv in error state 6,E529,mod_jk child workerEnv in error state <*>,2005-12-04 07:11:05,,,,1,True,False,False,FAILURE
530,2005-12-04,07:11:13,Info,workerEnv.init,workerEnv.init() ok /etc/httpd/conf/workers2.properties,E530,workerEnv.init() ok /etc/httpd/conf/workers2.properties,2005-12-04 07:11:13,,,,0,False,False,False,INIT
531,2005-12-04,07:11:13,Info,workerEnv.init,workerEnv.init() ok /etc/httpd/conf/workers2.properties,E531,workerEnv.init() ok /etc/httpd/conf/workers2.properties,2005-12-04 07:11:13,,,,0,False,False,False,INIT
532,2005-12-04,07:11:22,Error,mod_jk,mod_jk child workerEnv in error state 6,E532,mod_jk child workerEnv in error state <*>,2005-12-04 07:11:22,,,,1,True,False,False,FAILURE
533,2005-12-04,07:11:22,Error,mod_jk,mod_jk child workerEnv in error state 6,E533,mod_jk child workerEnv in error state <*>,2005-12-04 07:11:22,,,,1,True,False,False,FAILURE
534,2005-12-04,07:11:49,Info,jk2_init,jk2_init() Found child 311 in scoreboard slot 9,E534,jk2_init() Found child <*> in scoreboard slot <*>,2005-12-04 07:11:49,,,,2,False,False,False,INIT
535,2005-12-04,07:12:05,Info,workerEnv.init,workerEnv.init() ok /etc/httpd/conf/workers2.properties,E535,workerEnv.init() ok /etc/httpd/conf/workers2.properties,2005-12-04 07:12:05,,,,0,False,False,False,INIT
536,2005-12-04,07:12:08,Error,mod_jk,mod_jk child workerEnv in error state 6,E536,mod_jk child workerEnv in error state <*>,2005-12-04 07:12:08,,,,1,True,False,False,FAILURE
537,2005-12-04,07:12:22,Info,jk2_init,jk2_init() Found child 312 in scoreboard slot 10,E537,jk2_init() Found child <*> in scoreboard slot <*>,2005-12-04 07:12:22,,,,2,False,False,False,INIT
538,2005-12-04,07:12:22,Info,jk2_init,jk2_init() Found child 313 in scoreboard slot 8,E538,jk2_init() Found child <*> in scoreboard slot <*>,2005-12-04 07:12:22,,,,2,False,False,False,INIT
539,2005-12-04,07:12:40,Info,workerEnv.init,workerEnv.init() ok /etc/httpd/conf/workers2.properties,E539,workerEnv.init() ok /etc/httpd/conf/workers2.properties,2005-12-04 07:12:40,,,,0,False,False,False,INIT
540,2005-12-04,07:12:40,Info,workerEnv.init,workerEnv.init() ok /etc/httpd/conf/workers2.properties,E540,workerEnv.init() ok /etc/httpd/conf/workers2.properties,2005-12-04 07:12:40,,,,0,False,False,False,INIT
541,2005-12-04,07:12:44,Error,mod_jk,mod_jk child workerEnv in error state 6,E541,mod_jk child workerEnv in error state <*>,2005-12-04 07:12:44,,,,1,True,False,False,FAILURE
542,2005-12-04,07:12:44,Error,mod_jk,mod_jk child workerEnv in error state 6,E542,mod_jk child workerEnv in error state <*>,2005-12-04 07:12:44,,,,1,True,False,False,FAILURE
543,2005-12-04,07:13:09,Info,jk2_init,jk2_init() Found child 314 in scoreboard slot 7,E543,jk2_init() Found child <*> in scoreboard slot <*>,2005-12-04 07:13:09,,,,2,False,False,False,INIT
544,2005-12-04,07:13:09,Info,jk2_init,jk2_init() Found child 315 in scoreboard slot 6,E544,jk2_init() Found child <*> in scoreboard slot <*>,2005-12-04 07:13:09,,,,2,False,False,False,INIT
545,2005-12-04,07:13:10,Info,jk2_init,jk2_init() Found child 316 in scoreboard slot 9,E545,jk2_init() Found child <*> in scoreboard slot <*>,2005-12-04 07:13:10,,,,2,False,False,False,INIT
546,2005-12-04,07:13:36,Info,workerEnv.init,workerEnv.init() ok /etc/httpd/conf/workers2.properties,E546,workerEnv.init() ok /etc/httpd/conf/workers2.properties,2005-12-04 07:13:36,,,,0,False,False,False,INIT
547,2005-12-04,07:13:36,Info,workerEnv.init,workerEnv.init() ok /etc/httpd/conf/workers2.properties,E547,workerEnv.init() ok /etc/httpd/conf/workers2.properties,2005-12-04 07:13:36,,,,0,False,False,False,INIT
548,2005-12-04,07:13:36,Info,workerEnv.init,workerEnv.init() ok /etc/httpd/conf/workers2.properties,E548,workerEnv.init() ok /etc/httpd/conf/workers2.properties,2005-12-04 07:13:36,,,,0,False,False,False,INIT
549,2005-12-04,07:13:41,Error,mod_jk,mod_jk child workerEnv in error state 6,E549,mod_jk child workerEnv in error state <*>,2005-12-04 07:13:41,,,,1,True,False,False,FAILURE
550,2005-12-04,07:13:41,Error,mod_jk,mod_jk child workerEnv in error state 6,E550,mod_jk child workerEnv in error state <*>,2005-12-04 07:13:41,,,,1,True,False,False,FAILURE
551,2005-12-04,07:14:07,Info,jk2_init,jk2_init() Found child 319 in scoreboard slot 7,E551,jk2_init() Found child <*> in scoreboard slot <*>,2005-12-04 07:14:07,,,,2,False,False,False,INIT
552,2005-12-04,07:14:07,Info,jk2_init,jk2_init() Found child 317 in scoreboard slot 10,E552,jk2_init() Found child <*> in scoreboard slot <*>,2005-12-04 07:14:07,,,,2,False,False,False,INIT
553,2005-12-04,07:14:08,Info,jk2_init,jk2_init() Found child 318 in scoreboard slot 8,E553,jk2_init() Found child <*> in scoreboard slot <*>,2005-12-04 07:14:08,,,,2,False,False,False,INIT
554,2005-12-04,07:14:21,Info,workerEnv.init,workerEnv.init() ok /etc/httpd/conf/workers2.properties,E554,workerEnv.init() ok /etc/httpd/conf/workers2.properties,2005-12-04 07:14:21,,,,0,False,False,False,INIT
555,2005-12-04,07:14:29,Error,mod_jk,mod_jk child workerEnv in error state 7,E555,mod_jk child workerEnv in error state <*>,2005-12-04 07:14:29,,,,1,True,False,False,FAILURE
556,2005-12-04,07:14:47,Info,jk2_init,jk2_init() Found child 321 in scoreboard slot 9,E556,jk2_init() Found child <*> in scoreboard slot <*>,2005-12-04 07:14:47,,,,2,False,False,False,INIT
557,2005-12-04,07:15:09,Info,jk2_init,jk2_init() Found child 324 in scoreboard slot 11,E557,jk2_init() Found child <*> in scoreboard slot <*>,2005-12-04 07:15:09,,,,2,False,False,False,INIT
558,2005-12-04,07:15:09,Info,jk2_init,jk2_init() Found child 323 in scoreboard slot 8,E558,jk2_init() Found child <*> in scoreboard slot <*>,2005-12-04 07:15:09,,,,2,False,False,False,INIT
559,2005-12-04,07:17:56,Info,jk2_init,jk2_init() Found child 350 in scoreboard slot 9,E559,jk2_init() Found child <*> in scoreboard slot <*>,2005-12-04 07:17:56,,,,2,False,False,False,INIT
560,2005-12-04,07:17:56,Info,jk2_init,jk2_init() Found child 353 in scoreboard slot 12,E560,jk2_init() Found child <*> in scoreboard slot <*>,2005-12-04 07:17:56,,,,2,False,False,False,INIT
561,2005-12-04,07:17:56,Info,jk2_init,jk2_init() Found child 352 in scoreboard slot 11,E561,jk2_init() Found child <*> in scoreboard slot <*>,2005-12-04 07:17:56,,,,2,False,False,False,INIT
562,2005-12-04,07:17:56,Info,jk2_init,jk2_init() Found child 349 in scoreboard slot 8,E562,jk2_init() Found child <*> in scoreboard slot <*>,2005-12-04 07:17:56,,,,2,False,False,False,INIT
563,2005-12-04,07:17:56,Info,jk2_init,jk2_init() Found child 348 in scoreboard slot 7,E563,jk2_init() Found child <*> in scoreboard slot <*>,2005-12-04 07:17:56,,,,2,False,False,False,INIT
564,2005-12-04,07:17:56,Info,jk2_init,jk2_init() Found child 347 in scoreboard slot 6,E564,jk2_init() Found child <*> in scoreboard slot <*>,2005-12-04 07:17:56,,,,2,False,False,False,INIT
565,2005-12-04,07:17:56,Info,jk2_init,jk2_init() Found child 351 in scoreboard slot 10,E565,jk2_init() Found child <*> in scoreboard slot <*>,2005-12-04 07:17:56,,,,2,False,False,False,INIT
566,2005-12-04,07:18:00,Info,workerEnv.init,workerEnv.init() ok /etc/httpd/conf/workers2.properties,E566,workerEnv.init() ok /etc/httpd/conf/workers2.properties,2005-12-04 07:18:00,,,,0,False,False,False,INIT
567,2005-12-04,07:18:00,Error,mod_jk,mod_jk child workerEnv in error state 7,E567,mod_jk child workerEnv in error state <*>,2005-12-04 07:18:00,,,,1,True,False,False,FAILURE
568,2005-12-04,07:18:00,Info,workerEnv.init,workerEnv.init() ok /etc/httpd/conf/workers2.properties,E568,workerEnv.init() ok /etc/httpd/conf/workers2.properties,2005-12-04 07:18:00,,,,0,False,False,False,INIT
569,2005-12-04,07:18:00,Error,mod_jk,mod_jk child workerEnv in error state 6,E569,mod_jk child workerEnv in error state <*>,2005-12-04 07:18:00,,,,1,True,False,False,FAILURE
570,2005-12-04,07:18:00,Info,workerEnv.init,workerEnv.init() ok /etc/httpd/conf/workers2.properties,E570,workerEnv.init() ok /etc/httpd/conf/workers2.properties,2005-12-04 07:18:00,,,,0,False,False,False,INIT
571,2005-12-04,07:18:00,Error,mod_jk,mod_jk child workerEnv in error state 7,E571,mod_jk child workerEnv in error state <*>,2005-12-04 07:18:00,,,,1,True,False,False,FAILURE
572,2005-12-04,07:18:00,Info,workerEnv.init,workerEnv.init() ok /etc/httpd/conf/workers2.properties,E572,workerEnv.init() ok /etc/httpd/conf/workers2.properties,2005-12-04 07:18:00,,,,0,False,False,False,INIT
573,2005-12-04,07:18:00,Error,mod_jk,mod_jk child workerEnv in error state 8,E573,mod_jk child workerEnv in error state <*>,2005-12-04 07:18:00,,,,1,True,False,False,FAILURE
574,2005-12-04,07:18:00,Info,workerEnv.init,workerEnv.init() ok /etc/httpd/conf/workers2.properties,E574,workerEnv.init() ok /etc/httpd/conf/workers2.properties,2005-12-04 07:18:00,,,,0,False,False,False,INIT
575,2005-12-04,07:18:00,Error,mod_jk,mod_jk child workerEnv in error state 7,E575,mod_jk child workerEnv in error state <*>,2005-12-04 07:18:00,,,,1,True,False,False,FAILURE
576,2005-12-04,07:18:00,Info,workerEnv.init,workerEnv.init() ok /etc/httpd/conf/workers2.properties,E576,workerEnv.init() ok /etc/httpd/conf/workers2.properties,2005-12-04 07:18:00,,,,0,False,False,False,INIT
577,2005-12-04,07:18:00,Error,mod_jk,mod_jk child workerEnv in error state 6,E577,mod_jk child workerEnv in error state <*>,2005-12-04 07:18:00,,,,1,True,False,False,FAILURE
578,2005-12-04,07:18:00,Info,workerEnv.init,workerEnv.init() ok /etc/httpd/conf/workers2.properties,E578,workerEnv.init() ok /etc/httpd/conf/workers2.properties,2005-12-04 07:18:00,,,,0,False,False,False,INIT
579,2005-12-04,07:18:00,Error,mod_jk,mod_jk child workerEnv in error state 7,E579,mod_jk child workerEnv in error state <*>,2005-12-04 07:18:00,,,,1,True,False,False,FAILURE
580,2005-12-04,07:45:45,Error,client,[client 63.13.186.196] Directory index forbidden by rule: /var/www/html/,E580,[client <*>.<*>.<*>.<*>] Directory index forbidden by rule: /var/www/html/,2005-12-04 07:45:45,,,,4,True,False,False,FAILURE
581,2005-12-04,08:54:17,Error,client,[client 147.31.138.75] Directory index forbidden by rule: /var/www/html/,E581,[client <*>.<*>.<*>.<*>] Directory index forbidden by rule: /var/www/html/,2005-12-04 08:54:17,,,,4,True,False,False,FAILURE
582,2005-12-04,09:35:12,Error,client,[client 207.203.80.15] Directory index forbidden by rule: /var/www/html/,E582,[client <*>.<*>.<*>.<*>] Directory index forbidden by rule: /var/www/html/,2005-12-04 09:35:12,,,,4,True,False,False,FAILURE
583,2005-12-04,10:53:30,Error,client,[client 218.76.139.20] Directory index forbidden by rule: /var/www/html/,E583,[client <*>.<*>.<*>.<*>] Directory index forbidden by rule: /var/www/html/,2005-12-04 10:53:30,,,,4,True,False,False,FAILURE
584,2005-12-04,11:11:07,Error,client,[client 24.147.151.74] Directory index forbidden by rule: /var/www/html/,E584,[client <*>.<*>.<*>.<*>] Directory index forbidden by rule: /var/www/html/,2005-12-04 11:11:07,,,,4,True,False,False,FAILURE
585,2005-12-04,11:33:18,Error,client,[client 211.141.93.88] Directory index forbidden by rule: /var/www/html/,E585,[client <*>.<*>.<*>.<*>] Directory index forbidden by rule: /var/www/html/,2005-12-04 11:33:18,,,,4,True,False,False,FAILURE
586,2005-12-04,11:42:43,Error,client,[client 216.127.124.16] Directory index forbidden by rule: /var/www/html/,E586,[client <*>.<*>.<*>.<*>] Directory index forbidden by rule: /var/www/html/,2005-12-04 11:42:43,,,,4,True,False,False,FAILURE
587,2005-12-04,12:33:13,Error,client,[client 208.51.151.210] Directory index forbidden by rule: /var/www/html/,E587,[client <*>.<*>.<*>.<*>] Directory index forbidden by rule: /var/www/html/,2005-12-04 12:33:13,,,,4,True,False,False,FAILURE
588,2005-12-04,13:32:32,Error,client,[client 65.68.235.27] Directory index forbidden by rule: /var/www/html/,E588,[client <*>.<*>.<*>.<*>] Directory index forbidden by rule: /var/www/html/,2005-12-04 13:32:32,,,,4,True,False,False,FAILURE
589,2005-12-04,14:29:00,Error,client,[client 4.245.93.87] Directory index forbidden by rule: /var/www/html/,E589,[client <*>.<*>.<*>.<*>] Directory index forbidden by rule: /var/www/html/,2005-12-04 14:29:00,,,,4,True,False,False,FAILURE
590,2005-12-04,15:18:36,Error,client,[client 67.154.58.130] Directory index forbidden by rule: /var/www/html/,E590,[client <*>.<*>.<*>.<*>] Directory index forbidden by rule: /var/www/html/,2005-12-04 15:18:36,,,,4,True,False,False,FAILURE
591,2005-12-04,15:59:01,Error,client,[client 24.83.37.136] Directory index forbidden by rule: /var/www/html/,E591,[client <*>.<*>.<*>.<*>] Directory index forbidden by rule: /var/www/html/,2005-12-04 15:59:01,,,,4,True,False,False,FAILURE
592,2005-12-04,16:24:03,Info,jk2_init,jk2_init() Found child 1219 in scoreboard slot 6,E592,jk2_init() Found child <*> in scoreboard slot <*>,2005-12-04 16:24:03,,,,2,False,False,False,INIT
593,2005-12-04,16:24:05,Error,client,[client 58.225.62.140] Directory index forbidden by rule: /var/www/html/,E593,[client <*>.<*>.<*>.<*>] Directory index forbidden by rule: /var/www/html/,2005-12-04 16:24:05,,,,4,True,False,False,FAILURE
594,2005-12-04,16:24:06,Info,workerEnv.init,workerEnv.init() ok /etc/httpd/conf/workers2.properties,E594,workerEnv.init() ok /etc/httpd/conf/workers2.properties,2005-12-04 16:24:06,,,,0,False,False,False,INIT
595,2005-12-04,16:24:06,Error,mod_jk,mod_jk child workerEnv in error state 6,E595,mod_jk child workerEnv in error state <*>,2005-12-04 16:24:06,,,,1,True,False,False,FAILURE
596,2005-12-04,16:31:07,Info,jk2_init,jk2_init() Found child 1248 in scoreboard slot 7,E596,jk2_init() Found child <*> in scoreboard slot <*>,2005-12-04 16:31:07,,,,2,False,False,False,INIT
597,2005-12-04,16:32:37,Info,jk2_init,jk2_init() Found child 1253 in scoreboard slot 9,E597,jk2_init() Found child <*> in scoreboard slot <*>,2005-12-04 16:32:37,,,,2,False,False,False,INIT
598,2005-12-04,16:32:56,Info,workerEnv.init,workerEnv.init() ok /etc/httpd/conf/workers2.properties,E598,workerEnv.init() ok /etc/httpd/conf/workers2.properties,2005-12-04 16:32:56,,,,0,False,False,False,INIT
599,2005-12-04,16:32:56,Error,mod_jk,mod_jk child workerEnv in error state 6,E599,mod_jk child workerEnv in error state <*>,2005-12-04 16:32:56,,,,1,True,False,False,FAILURE
600,2005-12-04,16:32:58,Info,jk2_init,jk2_init() Found child 1254 in scoreboard slot 7,E600,jk2_init() Found child <*> in scoreboard slot <*>,2005-12-04 16:32:58,,,,2,False,False,False,INIT
601,2005-12-04,16:32:58,Info,jk2_init,jk2_init() Found child 1256 in scoreboard slot 6,E601,jk2_init() Found child <*> in scoreboard slot <*>,2005-12-04 16:32:58,,,,2,False,False,False,INIT
602,2005-12-04,16:32:58,Info,jk2_init,jk2_init() Found child 1255 in scoreboard slot 8,E602,jk2_init() Found child <*> in scoreboard slot <*>,2005-12-04 16:32:58,,,,2,False,False,False,INIT
603,2005-12-04,16:32:58,Info,workerEnv.init,workerEnv.init() ok /etc/httpd/conf/workers2.properties,E603,workerEnv.init() ok /etc/httpd/conf/workers2.properties,2005-12-04 16:32:58,,,,0,False,False,False,INIT
604,2005-12-04,16:32:58,Error,mod_jk,mod_jk child workerEnv in error state 7,E604,mod_jk child workerEnv in error state <*>,2005-12-04 16:32:58,,,,1,True,False,False,FAILURE
605,2005-12-04,16:32:58,Info,workerEnv.init,workerEnv.init() ok /etc/httpd/conf/workers2.properties,E605,workerEnv.init() ok /etc/httpd/conf/workers2.properties,2005-12-04 16:32:58,,,,0,False,False,False,INIT
606,2005-12-04,16:32:58,Error,mod_jk,mod_jk child workerEnv in error state 6,E606,mod_jk child workerEnv in error state <*>,2005-12-04 16:32:58,,,,1,True,False,False,FAILURE
607,2005-12-04,16:32:58,Info,workerEnv.init,workerEnv.init() ok /etc/httpd/conf/workers2.properties,E607,workerEnv.init() ok /etc/httpd/conf/workers2.properties,2005-12-04 16:32:58,,,,0,False,False,False,INIT
608,2005-12-04,16:32:58,Error,mod_jk,mod_jk child workerEnv in error state 6,E608,mod_jk child workerEnv in error state <*>,2005-12-04 16:32:58,,,,1,True,False,False,FAILURE
609,2005-12-04,16:35:49,Info,jk2_init,jk2_init() Found child 1262 in scoreboard slot 9,E609,jk2_init() Found child <*> in scoreboard slot <*>,2005-12-04 16:35:49,,,,2,False,False,False,INIT
610,2005-12-04,16:35:52,Info,workerEnv.init,workerEnv.init() ok /etc/httpd/conf/workers2.properties,E610,workerEnv.init() ok /etc/httpd/conf/workers2.properties,2005-12-04 16:35:52,,,,0,False,False,False,INIT
611,2005-12-04,16:35:52,Error,mod_jk,mod_jk child workerEnv in error state 6,E611,mod_jk child workerEnv in error state <*>,2005-12-04 16:35:52,,,,1,True,False,False,FAILURE
612,2005-12-04,16:41:15,Info,jk2_init,jk2_init() Found child 1275 in scoreboard slot 6,E612,jk2_init() Found child <*> in scoreboard slot <*>,2005-12-04 16:41:15,,,,2,False,False,False,INIT
613,2005-12-04,16:41:16,Info,jk2_init,jk2_init() Found child 1276 in scoreboard slot 9,E613,jk2_init() Found child <*> in scoreboard slot <*>,2005-12-04 16:41:16,,,,2,False,False,False,INIT
614,2005-12-04,16:41:22,Info,jk2_init,jk2_init() Found child 1277 in scoreboard slot 7,E614,jk2_init() Found child <*> in scoreboard slot <*>,2005-12-04 16:41:22,,,,2,False,False,False,INIT
615,2005-12-04,16:41:22,Info,jk2_init,jk2_init() Found child 1278 in scoreboard slot 8,E615,jk2_init() Found child <*> in scoreboard slot <*>,2005-12-04 16:41:22,,,,2,False,False,False,INIT
616,2005-12-04,16:41:22,Info,workerEnv.init,workerEnv.init() ok /etc/httpd/conf/workers2.properties,E616,workerEnv.init() ok /etc/httpd/conf/workers2.properties,2005-12-04 16:41:22,,,,0,False,False,False,INIT
617,2005-12-04,16:41:22,Info,workerEnv.init,workerEnv.init() ok /etc/httpd/conf/workers2.properties,E617,workerEnv.init() ok /etc/httpd/conf/workers2.properties,2005-12-04 16:41:22,,,,0,False,False,False,INIT
618,2005-12-04,16:41:22,Info,workerEnv.init,workerEnv.init() ok /etc/httpd/conf/workers2.properties,E618,workerEnv.init() ok /etc/httpd/conf/workers2.properties,2005-12-04 16:41:22,,,,0,False,False,False,INIT
619,2005-12-04,16:41:22,Info,workerEnv.init,workerEnv.init() ok /etc/httpd/conf/workers2.properties,E619,workerEnv.init() ok /etc/httpd/conf/workers2.properties,2005-12-04 16:41:22,,,,0,False,False,False,INIT
620,2005-12-04,16:41:22,Error,mod_jk,mod_jk child workerEnv in error state 6,E620,mod_jk child workerEnv in error state <*>,2005-12-04 16:41:22,,,,1,True,False,False,FAILURE
621,2005-12-04,16:41:22,Error,mod_jk,mod_jk child workerEnv in error state 6,E621,mod_jk child workerEnv in error state <*>,2005-12-04 16:41:22,,,,1,True,False,False,FAILURE
622,2005-12-04,16:41:22,Error,mod_jk,mod_jk child workerEnv in error state 6,E622,mod_jk child workerEnv in error state <*>,2005-12-04 16:41:22,,,,1,True,False,False,FAILURE
623,2005-12-04,16:41:22,Error,mod_jk,mod_jk child workerEnv in error state 6,E623,mod_jk child workerEnv in error state <*>,2005-12-04 16:41:22,,,,1,True,False,False,FAILURE
624,2005-12-04,16:45:52,Info,jk2_init,jk2_init() Found child 1283 in scoreboard slot 6,E624,jk2_init() Found child <*> in scoreboard slot <*>,2005-12-04 16:45:52,,,,2,False,False,False,INIT
625,2005-12-04,16:45:52,Info,jk2_init,jk2_init() Found child 1284 in scoreboard slot 9,E625,jk2_init() Found child <*> in scoreboard slot <*>,2005-12-04 16:45:52,,,,2,False,False,False,INIT
626,2005-12-04,16:46:09,Info,workerEnv.init,workerEnv.init() ok /etc/httpd/conf/workers2.properties,E626,workerEnv.init() ok /etc/httpd/conf/workers2.properties,2005-12-04 16:46:09,,,,0,False,False,False,INIT
627,2005-12-04,16:46:13,Error,mod_jk,mod_jk child workerEnv in error state 6,E627,mod_jk child workerEnv in error state <*>,2005-12-04 16:46:13,,,,1,True,False,False,FAILURE
628,2005-12-04,16:46:45,Info,jk2_init,jk2_init() Found child 1288 in scoreboard slot 9,E628,jk2_init() Found child <*> in scoreboard slot <*>,2005-12-04 16:46:45,,,,2,False,False,False,INIT
629,2005-12-04,16:47:11,Info,jk2_init,jk2_init() Found child 1291 in scoreboard slot 6,E629,jk2_init() Found child <*> in scoreboard slot <*>,2005-12-04 16:47:11,,,,2,False,False,False,INIT
630,2005-12-04,16:47:59,Info,jk2_init,jk2_init() Found child 1296 in scoreboard slot 6,E630,jk2_init() Found child <*> in scoreboard slot <*>,2005-12-04 16:47:59,,,,2,False,False,False,INIT
631,2005-12-04,16:47:59,Info,jk2_init,jk2_init() Found child 1300 in scoreboard slot 10,E631,jk2_init() Found child <*> in scoreboard slot <*>,2005-12-04 16:47:59,,,,2,False,False,False,INIT
632,2005-12-04,16:47:59,Info,jk2_init,jk2_init() Found child 1298 in scoreboard slot 8,E632,jk2_init() Found child <*> in scoreboard slot <*>,2005-12-04 16:47:59,,,,2,False,False,False,INIT
633,2005-12-04,16:47:59,Info,jk2_init,jk2_init() Found child 1297 in scoreboard slot 7,E633,jk2_init() Found child <*> in scoreboard slot <*>,2005-12-04 16:47:59,,,,2,False,False,False,INIT
634,2005-12-04,16:47:59,Info,jk2_init,jk2_init() Found child 1299 in scoreboard slot 9,E634,jk2_init() Found child <*> in scoreboard slot <*>,2005-12-04 16:47:59,,,,2,False,False,False,INIT
635,2005-12-04,16:48:01,Info,workerEnv.init,workerEnv.init() ok /etc/httpd/conf/workers2.properties,E635,workerEnv.init() ok /etc/httpd/conf/workers2.properties,2005-12-04 16:48:01,,,,0,False,False,False,INIT
636,2005-12-04,16:48:01,Error,mod_jk,mod_jk child workerEnv in error state 8,E636,mod_jk child workerEnv in error state <*>,2005-12-04 16:48:01,,,,1,True,False,False,FAILURE
637,2005-12-04,16:48:01,Info,workerEnv.init,workerEnv.init() ok /etc/httpd/conf/workers2.properties,E637,workerEnv.init() ok /etc/httpd/conf/workers2.properties,2005-12-04 16:48:01,,,,0,False,False,False,INIT
638,2005-12-04,16:48:01,Error,mod_jk,mod_jk child workerEnv in error state 7,E638,mod_jk child workerEnv in error state <*>,2005-12-04 16:48:01,,,,1,True,False,False,FAILURE
639,2005-12-04,16:48:01,Info,workerEnv.init,workerEnv.init() ok /etc/httpd/conf/workers2.properties,E639,workerEnv.init() ok /etc/httpd/conf/workers2.properties,2005-12-04 16:48:01,,,,0,False,False,False,INIT
640,2005-12-04,16:48:01,Error,mod_jk,mod_jk child workerEnv in error state 6,E640,mod_jk child workerEnv in error state <*>,2005-12-04 16:48:01,,,,1,True,False,False,FAILURE
641,2005-12-04,16:48:01,Info,workerEnv.init,workerEnv.init() ok /etc/httpd/conf/workers2.properties,E641,workerEnv.init() ok /etc/httpd/conf/workers2.properties,2005-12-04 16:48:01,,,,0,False,False,False,INIT
642,2005-12-04,16:48:01,Error,mod_jk,mod_jk child workerEnv in error state 6,E642,mod_jk child workerEnv in error state <*>,2005-12-04 16:48:01,,,,1,True,False,False,FAILURE
643,2005-12-04,16:48:01,Info,workerEnv.init,workerEnv.init() ok /etc/httpd/conf/workers2.properties,E643,workerEnv.init() ok /etc/httpd/conf/workers2.properties,2005-12-04 16:48:01,,,,0,False,False,False,INIT
644,2005-12-04,16:48:01,Error,mod_jk,mod_jk child workerEnv in error state 6,E644,mod_jk child workerEnv in error state <*>,2005-12-04 16:48:01,,,,1,True,False,False,FAILURE
645,2005-12-04,16:50:53,Info,jk2_init,jk2_init() Found child 1308 in scoreboard slot 6,E645,jk2_init() Found child <*> in scoreboard slot <*>,2005-12-04 16:50:53,,,,2,False,False,False,INIT
646,2005-12-04,16:50:53,Info,jk2_init,jk2_init() Found child 1309 in scoreboard slot 7,E646,jk2_init() Found child <*> in scoreboard slot <*>,2005-12-04 16:50:53,,,,2,False,False,False,INIT
647,2005-12-04,16:51:26,Info,jk2_init,jk2_init() Found child 1313 in scoreboard slot 6,E647,jk2_init() Found child <*> in scoreboard slot <*>,2005-12-04 16:51:26,,,,2,False,False,False,INIT
648,2005-12-04,16:51:26,Info,jk2_init,jk2_init() Found child 1312 in scoreboard slot 10,E648,jk2_init() Found child <*> in scoreboard slot <*>,2005-12-04 16:51:26,,,,2,False,False,False,INIT
649,2005-12-04,16:52:34,Info,jk2_init,jk2_init() Found child 1320 in scoreboard slot 8,E649,jk2_init() Found child <*> in scoreboard slot <*>,2005-12-04 16:52:34,,,,2,False,False,False,INIT
650,2005-12-04,16:52:45,Info,jk2_init,jk2_init() Found child 1321 in scoreboard slot 9,E650,jk2_init() Found child <*> in scoreboard slot <*>,2005-12-04 16:52:45,,,,2,False,False,False,INIT
651,2005-12-04,16:52:45,Info,jk2_init,jk2_init() Found child 1322 in scoreboard slot 10,E651,jk2_init() Found child <*> in scoreboard slot <*>,2005-12-04 16:52:45,,,,2,False,False,False,INIT
652,2005-12-04,16:52:45,Info,jk2_init,jk2_init() Found child 1323 in scoreboard slot 6,E652,jk2_init() Found child <*> in scoreboard slot <*>,2005-12-04 16:52:45,,,,2,False,False,False,INIT
653,2005-12-04,16:52:46,Info,jk2_init,jk2_init() Found child 1324 in scoreboard slot 7,E653,jk2_init() Found child <*> in scoreboard slot <*>,2005-12-04 16:52:46,,,,2,False,False,False,INIT
654,2005-12-04,16:52:46,Info,jk2_init,jk2_init() Found child 1325 in scoreboard slot 8,E654,jk2_init() Found child <*> in scoreboard slot <*>,2005-12-04 16:52:46,,,,2,False,False,False,INIT
655,2005-12-04,16:52:49,Info,workerEnv.init,workerEnv.init() ok /etc/httpd/conf/workers2.properties,E655,workerEnv.init() ok /etc/httpd/conf/workers2.properties,2005-12-04 16:52:49,,,,0,False,False,False,INIT
656,2005-12-04,16:52:49,Info,workerEnv.init,workerEnv.init() ok /etc/httpd/conf/workers2.properties,E656,workerEnv.init() ok /etc/httpd/conf/workers2.properties,2005-12-04 16:52:49,,,,0,False,False,False,INIT
657,2005-12-04,16:52:49,Info,workerEnv.init,workerEnv.init() ok /etc/httpd/conf/workers2.properties,E657,workerEnv.init() ok /etc/httpd/conf/workers2.properties,2005-12-04 16:52:49,,,,0,False,False,False,INIT
658,2005-12-04,16:52:49,Info,workerEnv.init,workerEnv.init() ok /etc/httpd/conf/workers2.properties,E658,workerEnv.init() ok /etc/httpd/conf/workers2.properties,2005-12-04 16:52:49,,,,0,False,False,False,INIT
659,2005-12-04,16:52:49,Info,workerEnv.init,workerEnv.init() ok /etc/httpd/conf/workers2.properties,E659,workerEnv.init() ok /etc/httpd/conf/workers2.properties,2005-12-04 16:52:49,,,,0,False,False,False,INIT
660,2005-12-04,16:52:49,Error,mod_jk,mod_jk child workerEnv in error state 6,E660,mod_jk child workerEnv in error state <*>,2005-12-04 16:52:49,,,,1,True,False,False,FAILURE
661,2005-12-04,16:52:49,Error,mod_jk,mod_jk child workerEnv in error state 7,E661,mod_jk child workerEnv in error state <*>,2005-12-04 16:52:49,,,,1,True,False,False,FAILURE
662,2005-12-04,16:52:49,Error,mod_jk,mod_jk child workerEnv in error state 7,E662,mod_jk child workerEnv in error state <*>,2005-12-04 16:52:49,,,,1,True,False,False,FAILURE
663,2005-12-04,16:52:49,Error,mod_jk,mod_jk child workerEnv in error state 8,E663,mod_jk child workerEnv in error state <*>,2005-12-04 16:52:49,,,,1,True,False,False,FAILURE
664,2005-12-04,16:52:49,Error,mod_jk,mod_jk child workerEnv in error state 6,E664,mod_jk child workerEnv in error state <*>,2005-12-04 16:52:49,,,,1,True,False,False,FAILURE
665,2005-12-04,16:55:54,Info,jk2_init,jk2_init() Found child 1331 in scoreboard slot 10,E665,jk2_init() Found child <*> in scoreboard slot <*>,2005-12-04 16:55:54,,,,2,False,False,False,INIT
666,2005-12-04,16:56:25,Info,jk2_init,jk2_init() Found child 1338 in scoreboard slot 7,E666,jk2_init() Found child <*> in scoreboard slot <*>,2005-12-04 16:56:25,,,,2,False,False,False,INIT
667,2005-12-04,16:56:25,Info,jk2_init,jk2_init() Found child 1334 in scoreboard slot 8,E667,jk2_init() Found child <*> in scoreboard slot <*>,2005-12-04 16:56:25,,,,2,False,False,False,INIT
668,2005-12-04,16:56:25,Info,jk2_init,jk2_init() Found child 1336 in scoreboard slot 10,E668,jk2_init() Found child <*> in scoreboard slot <*>,2005-12-04 16:56:25,,,,2,False,False,False,INIT
669,2005-12-04,16:56:25,Info,jk2_init,jk2_init() Found child 1337 in scoreboard slot 6,E669,jk2_init() Found child <*> in scoreboard slot <*>,2005-12-04 16:56:25,,,,2,False,False,False,INIT
670,2005-12-04,16:56:25,Info,jk2_init,jk2_init() Found child 1335 in scoreboard slot 9,E670,jk2_init() Found child <*> in scoreboard slot <*>,2005-12-04 16:56:25,,,,2,False,False,False,INIT
671,2005-12-04,16:56:27,Info,workerEnv.init,workerEnv.init() ok /etc/httpd/conf/workers2.properties,E671,workerEnv.init() ok /etc/httpd/conf/workers2.properties,2005-12-04 16:56:27,,,,0,False,False,False,INIT
672,2005-12-04,16:56:27,Error,mod_jk,mod_jk child workerEnv in error state 6,E672,mod_jk child workerEnv in error state <*>,2005-12-04 16:56:27,,,,1,True,False,False,FAILURE
673,2005-12-04,16:56:27,Info,workerEnv.init,workerEnv.init() ok /etc/httpd/conf/workers2.properties,E673,workerEnv.init() ok /etc/httpd/conf/workers2.properties,2005-12-04 16:56:27,,,,0,False,False,False,INIT
674,2005-12-04,16:56:27,Error,mod_jk,mod_jk child workerEnv in error state 7,E674,mod_jk child workerEnv in error state <*>,2005-12-04 16:56:27,,,,1,True,False,False,FAILURE
675,2005-12-04,16:56:27,Info,workerEnv.init,workerEnv.init() ok /etc/httpd/conf/workers2.properties,E675,workerEnv.init() ok /etc/httpd/conf/workers2.properties,2005-12-04 16:56:27,,,,0,False,False,False,INIT
676,2005-12-04,16:56:27,Error,mod_jk,mod_jk child workerEnv in error state 6,E676,mod_jk child workerEnv in error state <*>,2005-12-04 16:56:27,,,,1,True,False,False,FAILURE
677,2005-12-04,16:56:27,Info,workerEnv.init,workerEnv.init() ok /etc/httpd/conf/workers2.properties,E677,workerEnv.init() ok /etc/httpd/conf/workers2.properties,2005-12-04 16:56:27,,,,0,False,False,False,INIT
678,2005-12-04,16:56:27,Error,mod_jk,mod_jk child workerEnv in error state 6,E678,mod_jk child workerEnv in error state <*>,2005-12-04 16:56:27,,,,1,True,False,False,FAILURE
679,2005-12-04,16:56:27,Info,workerEnv.init,workerEnv.init() ok /etc/httpd/conf/workers2.properties,E679,workerEnv.init() ok /etc/httpd/conf/workers2.properties,2005-12-04 16:56:27,,,,0,False,False,False,INIT
680,2005-12-04,16:56:27,Error,mod_jk,mod_jk child workerEnv in error state 6,E680,mod_jk child workerEnv in error state <*>,2005-12-04 16:56:27,,,,1,True,False,False,FAILURE
681,2005-12-04,17:01:43,Info,jk2_init,jk2_init() Found child 1358 in scoreboard slot 8,E681,jk2_init() Found child <*> in scoreboard slot <*>,2005-12-04 17:01:43,,,,2,False,False,False,INIT
682,2005-12-04,17:01:43,Info,jk2_init,jk2_init() Found child 1356 in scoreboard slot 6,E682,jk2_init() Found child <*> in scoreboard slot <*>,2005-12-04 17:01:43,,,,2,False,False,False,INIT
683,2005-12-04,17:01:43,Info,jk2_init,jk2_init() Found child 1354 in scoreboard slot 9,E683,jk2_init() Found child <*> in scoreboard slot <*>,2005-12-04 17:01:43,,,,2,False,False,False,INIT
684,2005-12-04,17:01:43,Info,jk2_init,jk2_init() Found child 1357 in scoreboard slot 7,E684,jk2_init() Found child <*> in scoreboard slot <*>,2005-12-04 17:01:43,,,,2,False,False,False,INIT
685,2005-12-04,17:01:43,Info,jk2_init,jk2_init() Found child 1355 in scoreboard slot 10,E685,jk2_init() Found child <*> in scoreboard slot <*>,2005-12-04 17:01:43,,,,2,False,False,False,INIT
686,2005-12-04,17:01:47,Info,workerEnv.init,workerEnv.init() ok /etc/httpd/conf/workers2.properties,E686,workerEnv.init() ok /etc/httpd/conf/workers2.properties,2005-12-04 17:01:47,,,,0,False,False,False,INIT
687,2005-12-04,17:01:47,Error,mod_jk,mod_jk child workerEnv in error state 6,E687,mod_jk child workerEnv in error state <*>,2005-12-04 17:01:47,,,,1,True,False,False,FAILURE
688,2005-12-04,17:01:47,Info,workerEnv.init,workerEnv.init() ok /etc/httpd/conf/workers2.properties,E688,workerEnv.init() ok /etc/httpd/conf/workers2.properties,2005-12-04 17:01:47,,,,0,False,False,False,INIT
689,2005-12-04,17:01:47,Error,mod_jk,mod_jk child workerEnv in error state 6,E689,mod_jk child workerEnv in error state <*>,2005-12-04 17:01:47,,,,1,True,False,False,FAILURE
690,2005-12-04,17:01:47,Info,workerEnv.init,workerEnv.init() ok /etc/httpd/conf/workers2.properties,E690,workerEnv.init() ok /etc/httpd/conf/workers2.properties,2005-12-04 17:01:47,,,,0,False,False,False,INIT
691,2005-12-04,17:01:47,Error,mod_jk,mod_jk child workerEnv in error state 6,E691,mod_jk child workerEnv in error state <*>,2005-12-04 17:01:47,,,,1,True,False,False,FAILURE
692,2005-12-04,17:01:47,Info,workerEnv.init,workerEnv.init() ok /etc/httpd/conf/workers2.properties,E692,workerEnv.init() ok /etc/httpd/conf/workers2.properties,2005-12-04 17:01:47,,,,0,False,False,False,INIT
693,2005-12-04,17:01:47,Error,mod_jk,mod_jk child workerEnv in error state 6,E693,mod_jk child workerEnv in error state <*>,2005-12-04 17:01:47,,,,1,True,False,False,FAILURE
694,2005-12-04,17:01:47,Info,workerEnv.init,workerEnv.init() ok /etc/httpd/conf/workers2.properties,E694,workerEnv.init() ok /etc/httpd/conf/workers2.properties,2005-12-04 17:01:47,,,,0,False,False,False,INIT
695,2005-12-04,17:01:47,Error,mod_jk,mod_jk child workerEnv in error state 6,E695,mod_jk child workerEnv in error state <*>,2005-12-04 17:01:47,,,,1,True,False,False,FAILURE
696,2005-12-04,17:05:45,Info,jk2_init,jk2_init() Found child 1375 in scoreboard slot 9,E696,jk2_init() Found child <*> in scoreboard slot <*>,2005-12-04 17:05:45,,,,2,False,False,False,INIT
697,2005-12-04,17:05:45,Info,jk2_init,jk2_init() Found child 1376 in scoreboard slot 10,E697,jk2_init() Found child <*> in scoreboard slot <*>,2005-12-04 17:05:45,,,,2,False,False,False,INIT
698,2005-12-04,17:05:45,Info,jk2_init,jk2_init() Found child 1377 in scoreboard slot 6,E698,jk2_init() Found child <*> in scoreboard slot <*>,2005-12-04 17:05:45,,,,2,False,False,False,INIT
699,2005-12-04,17:05:48,Info,workerEnv.init,workerEnv.init() ok /etc/httpd/conf/workers2.properties,E699,workerEnv.init() ok /etc/httpd/conf/workers2.properties,2005-12-04 17:05:48,,,,0,False,False,False,INIT
700,2005-12-04,17:05:48,Info,workerEnv.init,workerEnv.init() ok /etc/httpd/conf/workers2.properties,E700,workerEnv.init() ok /etc/httpd/conf/workers2.properties,2005-12-04 17:05:48,,,,0,False,False,False,INIT
701,2005-12-04,17:05:48,Info,workerEnv.init,workerEnv.init() ok /etc/httpd/conf/workers2.properties,E701,workerEnv.init() ok /etc/httpd/conf/workers2.properties,2005-12-04 17:05:48,,,,0,False,False,False,INIT
702,2005-12-04,17:05:48,Error,mod_jk,mod_jk child workerEnv in error state 6,E702,mod_jk child workerEnv in error state <*>,2005-12-04 17:05:48,,,,1,True,False,False,FAILURE
703,2005-12-04,17:05:48,Error,mod_jk,mod_jk child workerEnv in error state 6,E703,mod_jk child workerEnv in error state <*>,2005-12-04 17:05:48,,,,1,True,False,False,FAILURE
704,2005-12-04,17:05:48,Error,mod_jk,mod_jk child workerEnv in error state 6,E704,mod_jk child workerEnv in error state <*>,2005-12-04 17:05:48,,,,1,True,False,False,FAILURE
705,2005-12-04,17:11:23,Info,jk2_init,jk2_init() Found child 1387 in scoreboard slot 7,E705,jk2_init() Found child <*> in scoreboard slot <*>,2005-12-04 17:11:23,,,,2,False,False,False,INIT
706,2005-12-04,17:11:37,Info,jk2_init,jk2_init() Found child 1390 in scoreboard slot 10,E706,jk2_init() Found child <*> in scoreboard slot <*>,2005-12-04 17:11:37,,,,2,False,False,False,INIT
707,2005-12-04,17:11:37,Info,jk2_init,jk2_init() Found child 1388 in scoreboard slot 8,E707,jk2_init() Found child <*> in scoreboard slot <*>,2005-12-04 17:11:37,,,,2,False,False,False,INIT
708,2005-12-04,17:11:37,Info,jk2_init,jk2_init() Found child 1389 in scoreboard slot 9,E708,jk2_init() Found child <*> in scoreboard slot <*>,2005-12-04 17:11:37,,,,2,False,False,False,INIT
709,2005-12-04,17:12:42,Info,jk2_init,jk2_init() Found child 1393 in scoreboard slot 8,E709,jk2_init() Found child <*> in scoreboard slot <*>,2005-12-04 17:12:42,,,,2,False,False,False,INIT
710,2005-12-04,17:12:50,Info,jk2_init,jk2_init() Found child 1395 in scoreboard slot 10,E710,jk2_init() Found child <*> in scoreboard slot <*>,2005-12-04 17:12:50,,,,2,False,False,False,INIT
711,2005-12-04,17:12:50,Info,jk2_init,jk2_init() Found child 1396 in scoreboard slot 6,E711,jk2_init() Found child <*> in scoreboard slot <*>,2005-12-04 17:12:50,,,,2,False,False,False,INIT
712,2005-12-04,17:12:50,Info,jk2_init,jk2_init() Found child 1394 in scoreboard slot 9,E712,jk2_init() Found child <*> in scoreboard slot <*>,2005-12-04 17:12:50,,,,2,False,False,False,INIT
713,2005-12-04,17:12:54,Info,workerEnv.init,workerEnv.init() ok /etc/httpd/conf/workers2.properties,E713,workerEnv.init() ok /etc/httpd/conf/workers2.properties,2005-12-04 17:12:54,,,,0,False,False,False,INIT
714,2005-12-04,17:12:54,Info,workerEnv.init,workerEnv.init() ok /etc/httpd/conf/workers2.properties,E714,workerEnv.init() ok /etc/httpd/conf/workers2.properties,2005-12-04 17:12:54,,,,0,False,False,False,INIT
715,2005-12-04,17:12:54,Info,workerEnv.init,workerEnv.init() ok /etc/httpd/conf/workers2.properties,E715,workerEnv.init() ok /etc/httpd/conf/workers2.properties,2005-12-04 17:12:54,,,,0,False,False,False,INIT
716,2005-12-04,17:12:54,Info,workerEnv.init,workerEnv.init() ok /etc/httpd/conf/workers2.properties,E716,workerEnv.init() ok /etc/httpd/conf/workers2.properties,2005-12-04 17:12:54,,,,0,False,False,False,INIT
717,2005-12-04,17:12:55,Error,mod_jk,mod_jk child workerEnv in error state 6,E717,mod_jk child workerEnv in error state <*>,2005-12-04 17:12:55,,,,1,True,False,False,FAILURE
718,2005-12-04,17:12:55,Error,mod_jk,mod_jk child workerEnv in error state 7,E718,mod_jk child workerEnv in error state <*>,2005-12-04 17:12:55,,,,1,True,False,False,FAILURE
719,2005-12-04,17:12:55,Error,mod_jk,mod_jk child workerEnv in error state 7,E719,mod_jk child workerEnv in error state <*>,2005-12-04 17:12:55,,,,1,True,False,False,FAILURE
720,2005-12-04,17:12:55,Error,mod_jk,mod_jk child workerEnv in error state 7,E720,mod_jk child workerEnv in error state <*>,2005-12-04 17:12:55,,,,1,True,False,False,FAILURE
721,2005-12-04,17:12:56,Info,jk2_init,jk2_init() Found child 1397 in scoreboard slot 7,E721,jk2_init() Found child <*> in scoreboard slot <*>,2005-12-04 17:12:56,,,,2,False,False,False,INIT
722,2005-12-04,17:12:57,Info,workerEnv.init,workerEnv.init() ok /etc/httpd/conf/workers2.properties,E722,workerEnv.init() ok /etc/httpd/conf/workers2.properties,2005-12-04 17:12:57,,,,0,False,False,False,INIT
723,2005-12-04,17:12:57,Error,mod_jk,mod_jk child workerEnv in error state 7,E723,mod_jk child workerEnv in error state <*>,2005-12-04 17:12:57,,,,1,True,False,False,FAILURE
724,2005-12-04,17:17:07,Info,jk2_init,jk2_init() Found child 1414 in scoreboard slot 7,E724,jk2_init() Found child <*> in scoreboard slot <*>,2005-12-04 17:17:07,,,,2,False,False,False,INIT
725,2005-12-04,17:17:07,Info,jk2_init,jk2_init() Found child 1412 in scoreboard slot 10,E725,jk2_init() Found child <*> in scoreboard slot <*>,2005-12-04 17:17:07,,,,2,False,False,False,INIT
726,2005-12-04,17:17:07,Info,jk2_init,jk2_init() Found child 1413 in scoreboard slot 6,E726,jk2_init() Found child <*> in scoreboard slot <*>,2005-12-04 17:17:07,,,,2,False,False,False,INIT
727,2005-12-04,17:20:38,Info,jk2_init,jk2_init() Found child 1448 in scoreboard slot 6,E727,jk2_init() Found child <*> in scoreboard slot <*>,2005-12-04 17:20:38,,,,2,False,False,False,INIT
728,2005-12-04,17:20:38,Info,jk2_init,jk2_init() Found child 1439 in scoreboard slot 7,E728,jk2_init() Found child <*> in scoreboard slot <*>,2005-12-04 17:20:38,,,,2,False,False,False,INIT
729,2005-12-04,17:20:38,Info,jk2_init,jk2_init() Found child 1441 in scoreboard slot 9,E729,jk2_init() Found child <*> in scoreboard slot <*>,2005-12-04 17:20:38,,,,2,False,False,False,INIT
730,2005-12-04,17:20:38,Info,jk2_init,jk2_init() Found child 1450 in scoreboard slot 11,E730,jk2_init() Found child <*> in scoreboard slot <*>,2005-12-04 17:20:38,,,,2,False,False,False,INIT
731,2005-12-04,17:20:39,Info,jk2_init,jk2_init() Found child 1449 in scoreboard slot 10,E731,jk2_init() Found child <*> in scoreboard slot <*>,2005-12-04 17:20:39,,,,2,False,False,False,INIT
732,2005-12-04,17:20:39,Info,jk2_init,jk2_init() Found child 1440 in scoreboard slot 8,E732,jk2_init() Found child <*> in scoreboard slot <*>,2005-12-04 17:20:39,,,,2,False,False,False,INIT
733,2005-12-04,17:20:44,Info,workerEnv.init,workerEnv.init() ok /etc/httpd/conf/workers2.properties,E733,workerEnv.init() ok /etc/httpd/conf/workers2.properties,2005-12-04 17:20:44,,,,0,False,False,False,INIT
734,2005-12-04,17:20:44,Info,workerEnv.init,workerEnv.init() ok /etc/httpd/conf/workers2.properties,E734,workerEnv.init() ok /etc/httpd/conf/workers2.properties,2005-12-04 17:20:44,,,,0,False,False,False,INIT
735,2005-12-04,17:20:44,Info,workerEnv.init,workerEnv.init() ok /etc/httpd/conf/workers2.properties,E735,workerEnv.init() ok /etc/httpd/conf/workers2.properties,2005-12-04 17:20:44,,,,0,False,False,False,INIT
736,2005-12-04,17:20:44,Info,workerEnv.init,workerEnv.init() ok /etc/httpd/conf/workers2.properties,E736,workerEnv.init() ok /etc/httpd/conf/workers2.properties,2005-12-04 17:20:44,,,,0,False,False,False,INIT
737,2005-12-04,17:20:44,Info,workerEnv.init,workerEnv.init() ok /etc/httpd/conf/workers2.properties,E737,workerEnv.init() ok /etc/httpd/conf/workers2.properties,2005-12-04 17:20:44,,,,0,False,False,False,INIT
738,2005-12-04,17:20:46,Error,mod_jk,mod_jk child workerEnv in error state 7,E738,mod_jk child workerEnv in error state <*>,2005-12-04 17:20:46,,,,1,True,False,False,FAILURE
739,2005-12-04,17:20:46,Error,mod_jk,mod_jk child workerEnv in error state 6,E739,mod_jk child workerEnv in error state <*>,2005-12-04 17:20:46,,,,1,True,False,False,FAILURE
740,2005-12-04,17:20:46,Error,mod_jk,mod_jk child workerEnv in error state 6,E740,mod_jk child workerEnv in error state <*>,2005-12-04 17:20:46,,,,1,True,False,False,FAILURE
741,2005-12-04,17:20:46,Error,mod_jk,mod_jk child workerEnv in error state 7,E741,mod_jk child workerEnv in error state <*>,2005-12-04 17:20:46,,,,1,True,False,False,FAILURE
742,2005-12-04,17:20:46,Error,mod_jk,mod_jk child workerEnv in error state 6,E742,mod_jk child workerEnv in error state <*>,2005-12-04 17:20:46,,,,1,True,False,False,FAILURE
743,2005-12-04,17:21:01,Info,jk2_init,jk2_init() Found child 1452 in scoreboard slot 7,E743,jk2_init() Found child <*> in scoreboard slot <*>,2005-12-04 17:21:01,,,,2,False,False,False,INIT
744,2005-12-04,17:21:04,Info,workerEnv.init,workerEnv.init() ok /etc/httpd/conf/workers2.properties,E744,workerEnv.init() ok /etc/httpd/conf/workers2.properties,2005-12-04 17:21:04,,,,0,False,False,False,INIT
745,2005-12-04,17:21:04,Error,mod_jk,mod_jk child workerEnv in error state 8,E745,mod_jk child workerEnv in error state <*>,2005-12-04 17:21:04,,,,1,True,False,False,FAILURE
746,2005-12-04,17:26:04,Info,jk2_init,jk2_init() Found child 1461 in scoreboard slot 8,E746,jk2_init() Found child <*> in scoreboard slot <*>,2005-12-04 17:26:04,,,,2,False,False,False,INIT
747,2005-12-04,17:26:39,Info,jk2_init,jk2_init() Found child 1462 in scoreboard slot 6,E747,jk2_init() Found child <*> in scoreboard slot <*>,2005-12-04 17:26:39,,,,2,False,False,False,INIT
748,2005-12-04,17:27:13,Info,jk2_init,jk2_init() Found child 1466 in scoreboard slot 8,E748,jk2_init() Found child <*> in scoreboard slot <*>,2005-12-04 17:27:13,,,,2,False,False,False,INIT
749,2005-12-04,17:28:00,Info,jk2_init,jk2_init() Found child 1470 in scoreboard slot 7,E749,jk2_init() Found child <*> in scoreboard slot <*>,2005-12-04 17:28:00,,,,2,False,False,False,INIT
750,2005-12-04,17:28:42,Info,jk2_init,jk2_init() Found child 1477 in scoreboard slot 6,E750,jk2_init() Found child <*> in scoreboard slot <*>,2005-12-04 17:28:42,,,,2,False,False,False,INIT
751,2005-12-04,17:28:41,Info,jk2_init,jk2_init() Found child 1476 in scoreboard slot 8,E751,jk2_init() Found child <*> in scoreboard slot <*>,2005-12-04 17:28:41,,,,2,False,False,False,INIT
752,2005-12-04,17:31:00,Info,jk2_init,jk2_init() Found child 1501 in scoreboard slot 7,E752,jk2_init() Found child <*> in scoreboard slot <*>,2005-12-04 17:31:00,,,,2,False,False,False,INIT
753,2005-12-04,17:31:00,Info,jk2_init,jk2_init() Found child 1502 in scoreboard slot 6,E753,jk2_init() Found child <*> in scoreboard slot <*>,2005-12-04 17:31:00,,,,2,False,False,False,INIT
754,2005-12-04,17:31:00,Info,jk2_init,jk2_init() Found child 1498 in scoreboard slot 8,E754,jk2_init() Found child <*> in scoreboard slot <*>,2005-12-04 17:31:00,,,,2,False,False,False,INIT
755,2005-12-04,17:31:00,Info,jk2_init,jk2_init() Found child 1499 in scoreboard slot 11,E755,jk2_init() Found child <*> in scoreboard slot <*>,2005-12-04 17:31:00,,,,2,False,False,False,INIT
756,2005-12-04,17:31:10,Info,workerEnv.init,workerEnv.init() ok /etc/httpd/conf/workers2.properties,E756,workerEnv.init() ok /etc/httpd/conf/workers2.properties,2005-12-04 17:31:10,,,,0,False,False,False,INIT
757,2005-12-04,17:31:10,Info,workerEnv.init,workerEnv.init() ok /etc/httpd/conf/workers2.properties,E757,workerEnv.init() ok /etc/httpd/conf/workers2.properties,2005-12-04 17:31:10,,,,0,False,False,False,INIT
758,2005-12-04,17:31:10,Info,workerEnv.init,workerEnv.init() ok /etc/httpd/conf/workers2.properties,E758,workerEnv.init() ok /etc/httpd/conf/workers2.properties,2005-12-04 17:31:10,,,,0,False,False,False,INIT
759,2005-12-04,17:31:11,Info,workerEnv.init,workerEnv.init() ok /etc/httpd/conf/workers2.properties,E759,workerEnv.init() ok /etc/httpd/conf/workers2.properties,2005-12-04 17:31:11,,,,0,False,False,False,INIT
760,2005-12-04,17:31:12,Error,mod_jk,mod_jk child workerEnv in error state 6,E760,mod_jk child workerEnv in error state <*>,2005-12-04 17:31:12,,,,1,True,False,False,FAILURE
761,2005-12-04,17:31:12,Error,mod_jk,mod_jk child workerEnv in error state 6,E761,mod_jk child workerEnv in error state <*>,2005-12-04 17:31:12,,,,1,True,False,False,FAILURE
762,2005-12-04,17:31:12,Error,mod_jk,mod_jk child workerEnv in error state 8,E762,mod_jk child workerEnv in error state <*>,2005-12-04 17:31:12,,,,1,True,False,False,FAILURE
763,2005-12-04,17:31:12,Error,mod_jk,mod_jk child workerEnv in error state 9,E763,mod_jk child workerEnv in error state <*>,2005-12-04 17:31:12,,,,1,True,False,False,FAILURE
764,2005-12-04,17:31:43,Info,jk2_init,jk2_init() Found child 1503 in scoreboard slot 9,E764,jk2_init() Found child <*> in scoreboard slot <*>,2005-12-04 17:31:43,,,,2,False,False,False,INIT
765,2005-12-04,17:31:43,Info,jk2_init,jk2_init() Found child 1504 in scoreboard slot 8,E765,jk2_init() Found child <*> in scoreboard slot <*>,2005-12-04 17:31:43,,,,2,False,False,False,INIT
766,2005-12-04,17:31:45,Info,workerEnv.init,workerEnv.init() ok /etc/httpd/conf/workers2.properties,E766,workerEnv.init() ok /etc/httpd/conf/workers2.properties,2005-12-04 17:31:45,,,,0,False,False,False,INIT
767,2005-12-04,17:31:45,Info,workerEnv.init,workerEnv.init() ok /etc/httpd/conf/workers2.properties,E767,workerEnv.init() ok /etc/httpd/conf/workers2.properties,2005-12-04 17:31:45,,,,0,False,False,False,INIT
768,2005-12-04,17:31:45,Error,mod_jk,mod_jk child workerEnv in error state 6,E768,mod_jk child workerEnv in error state <*>,2005-12-04 17:31:45,,,,1,True,False,False,FAILURE
769,2005-12-04,17:31:45,Error,mod_jk,mod_jk child workerEnv in error state 6,E769,mod_jk child workerEnv in error state <*>,2005-12-04 17:31:45,,,,1,True,False,False,FAILURE
770,2005-12-04,17:34:52,Info,jk2_init,jk2_init() Found child 1507 in scoreboard slot 10,E770,jk2_init() Found child <*> in scoreboard slot <*>,2005-12-04 17:34:52,,,,2,False,False,False,INIT
771,2005-12-04,17:34:57,Info,workerEnv.init,workerEnv.init() ok /etc/httpd/conf/workers2.properties,E771,workerEnv.init() ok /etc/httpd/conf/workers2.properties,2005-12-04 17:34:57,,,,0,False,False,False,INIT
772,2005-12-04,17:34:57,Error,mod_jk,mod_jk child workerEnv in error state 6,E772,mod_jk child workerEnv in error state <*>,2005-12-04 17:34:57,,,,1,True,False,False,FAILURE
773,2005-12-04,17:34:57,Error,client,[client 61.138.216.82] Directory index forbidden by rule: /var/www/html/,E773,[client <*>.<*>.<*>.<*>] Directory index forbidden by rule: /var/www/html/,2005-12-04 17:34:57,,,,4,True,False,False,FAILURE
774,2005-12-04,17:36:14,Info,jk2_init,jk2_init() Found child 1512 in scoreboard slot 7,E774,jk2_init() Found child <*> in scoreboard slot <*>,2005-12-04 17:36:14,,,,2,False,False,False,INIT
775,2005-12-04,17:36:14,Info,jk2_init,jk2_init() Found child 1513 in scoreboard slot 6,E775,jk2_init() Found child <*> in scoreboard slot <*>,2005-12-04 17:36:14,,,,2,False,False,False,INIT
776,2005-12-04,17:37:08,Info,jk2_init,jk2_init() Found child 1517 in scoreboard slot 7,E776,jk2_init() Found child <*> in scoreboard slot <*>,2005-12-04 17:37:08,,,,2,False,False,False,INIT
777,2005-12-04,17:37:08,Info,jk2_init,jk2_init() Found child 1518 in scoreboard slot 6,E777,jk2_init() Found child <*> in scoreboard slot <*>,2005-12-04 17:37:08,,,,2,False,False,False,INIT
778,2005-12-04,17:37:47,Info,jk2_init,jk2_init() Found child 1520 in scoreboard slot 8,E778,jk2_init() Found child <*> in scoreboard slot <*>,2005-12-04 17:37:47,,,,2,False,False,False,INIT
779,2005-12-04,17:37:47,Info,jk2_init,jk2_init() Found child 1521 in scoreboard slot 10,E779,jk2_init() Found child <*> in scoreboard slot <*>,2005-12-04 17:37:47,,,,2,False,False,False,INIT
780,2005-12-04,17:39:00,Info,jk2_init,jk2_init() Found child 1529 in scoreboard slot 9,E780,jk2_init() Found child <*> in scoreboard slot <*>,2005-12-04 17:39:00,,,,2,False,False,False,INIT
781,2005-12-04,17:39:01,Info,jk2_init,jk2_init() Found child 1530 in scoreboard slot 8,E781,jk2_init() Found child <*> in scoreboard slot <*>,2005-12-04 17:39:01,,,,2,False,False,False,INIT
782,2005-12-04,17:39:00,Info,jk2_init,jk2_init() Found child 1528 in scoreboard slot 7,E782,jk2_init() Found child <*> in scoreboard slot <*>,2005-12-04 17:39:00,,,,2,False,False,False,INIT
783,2005-12-04,17:39:00,Info,jk2_init,jk2_init() Found child 1527 in scoreboard slot 6,E783,jk2_init() Found child <*> in scoreboard slot <*>,2005-12-04 17:39:00,,,,2,False,False,False,INIT
784,2005-12-04,17:43:08,Info,jk2_init,jk2_init() Found child 1565 in scoreboard slot 9,E784,jk2_init() Found child <*> in scoreboard slot <*>,2005-12-04 17:43:08,,,,2,False,False,False,INIT
785,2005-12-04,17:43:08,Error,jk2_init,jk2_init() Can't find child 1566 in scoreboard,E785,jk2_init() Can't find child <*> in scoreboard,2005-12-04 17:43:08,,,,1,True,False,False,FAILURE
786,2005-12-04,17:43:08,Info,jk2_init,jk2_init() Found child 1561 in scoreboard slot 6,E786,jk2_init() Found child <*> in scoreboard slot <*>,2005-12-04 17:43:08,,,,2,False,False,False,INIT
787,2005-12-04,17:43:08,Info,jk2_init,jk2_init() Found child 1563 in scoreboard slot 8,E787,jk2_init() Found child <*> in scoreboard slot <*>,2005-12-04 17:43:08,,,,2,False,False,False,INIT
788,2005-12-04,17:43:08,Info,jk2_init,jk2_init() Found child 1562 in scoreboard slot 7,E788,jk2_init() Found child <*> in scoreboard slot <*>,2005-12-04 17:43:08,,,,2,False,False,False,INIT
789,2005-12-04,17:43:08,Error,jk2_init,jk2_init() Can't find child 1567 in scoreboard,E789,jk2_init() Can't find child <*> in scoreboard,2005-12-04 17:43:08,,,,1,True,False,False,FAILURE
790,2005-12-04,17:43:08,Info,jk2_init,jk2_init() Found child 1568 in scoreboard slot 13,E790,jk2_init() Found child <*> in scoreboard slot <*>,2005-12-04 17:43:08,,,,2,False,False,False,INIT
791,2005-12-04,17:43:12,Info,workerEnv.init,workerEnv.init() ok /etc/httpd/conf/workers2.properties,E791,workerEnv.init() ok /etc/httpd/conf/workers2.properties,2005-12-04 17:43:12,,,,0,False,False,False,INIT
792,2005-12-04,17:43:12,Error,mod_jk,mod_jk child workerEnv in error state 9,E792,mod_jk child workerEnv in error state <*>,2005-12-04 17:43:12,,,,1,True,False,False,FAILURE
793,2005-12-04,17:43:12,Info,workerEnv.init,workerEnv.init() ok /etc/httpd/conf/workers2.properties,E793,workerEnv.init() ok /etc/httpd/conf/workers2.properties,2005-12-04 17:43:12,,,,0,False,False,False,INIT
794,2005-12-04,17:43:12,Error,mod_jk,mod_jk child workerEnv in error state 8,E794,mod_jk child workerEnv in error state <*>,2005-12-04 17:43:12,,,,1,True,False,False,FAILURE
795,2005-12-04,17:43:12,Info,workerEnv.init,workerEnv.init() ok /etc/httpd/conf/workers2.properties,E795,workerEnv.init() ok /etc/httpd/conf/workers2.properties,2005-12-04 17:43:12,,,,0,False,False,False,INIT
796,2005-12-04,17:43:12,Error,mod_jk,mod_jk child init 1 -2,E796,mod_jk child init <*> -<*>,2005-12-04 17:43:12,,,,2,True,False,False,FAILURE
797,2005-12-04,17:43:12,Info,workerEnv.init,workerEnv.init() ok /etc/httpd/conf/workers2.properties,E797,workerEnv.init() ok /etc/httpd/conf/workers2.properties,2005-12-04 17:43:12,,,,0,False,False,False,INIT
798,2005-12-04,17:43:12,Error,mod_jk,mod_jk child workerEnv in error state 7,E798,mod_jk child workerEnv in error state <*>,2005-12-04 17:43:12,,,,1,True,False,False,FAILURE
799,2005-12-04,17:43:12,Info,workerEnv.init,workerEnv.init() ok /etc/httpd/conf/workers2.properties,E799,workerEnv.init() ok /etc/httpd/conf/workers2.properties,2005-12-04 17:43:12,,,,0,False,False,False,INIT
800,2005-12-04,17:43:12,Error,mod_jk,mod_jk child workerEnv in error state 9,E800,mod_jk child workerEnv in error state <*>,2005-12-04 17:43:12,,,,1,True,False,False,FAILURE
801,2005-12-04,17:43:12,Info,workerEnv.init,workerEnv.init() ok /etc/httpd/conf/workers2.properties,E801,workerEnv.init() ok /etc/httpd/conf/workers2.properties,2005-12-04 17:43:12,,,,0,False,False,False,INIT
802,2005-12-04,17:43:12,Error,mod_jk,mod_jk child init 1 -2,E802,mod_jk child init <*> -<*>,2005-12-04 17:43:12,,,,2,True,False,False,FAILURE
803,2005-12-04,17:43:12,Info,workerEnv.init,workerEnv.init() ok /etc/httpd/conf/workers2.properties,E803,workerEnv.init() ok /etc/httpd/conf/workers2.properties,2005-12-04 17:43:12,,,,0,False,False,False,INIT
804,2005-12-04,17:43:12,Error,mod_jk,mod_jk child workerEnv in error state 6,E804,mod_jk child workerEnv in error state <*>,2005-12-04 17:43:12,,,,1,True,False,False,FAILURE
805,2005-12-04,17:53:43,Error,client,[client 218.39.132.175] Directory index forbidden by rule: /var/www/html/,E805,[client <*>.<*>.<*>.<*>] Directory index forbidden by rule: /var/www/html/,2005-12-04 17:53:43,,,,4,True,False,False,FAILURE
806,2005-12-04,18:24:22,Error,client,[client 125.30.38.52] Directory index forbidden by rule: /var/www/html/,E806,[client <*>.<*>.<*>.<*>] Directory index forbidden by rule: /var/www/html/,2005-12-04 18:24:22,,,,4,True,False,False,FAILURE
807,2005-12-04,19:25:51,Info,jk2_init,jk2_init() Found child 1763 in scoreboard slot 6,E807,jk2_init() Found child <*> in scoreboard slot <*>,2005-12-04 19:25:51,,,,2,False,False,False,INIT
808,2005-12-04,19:25:53,Info,workerEnv.init,workerEnv.init() ok /etc/httpd/conf/workers2.properties,E808,workerEnv.init() ok /etc/httpd/conf/workers2.properties,2005-12-04 19:25:53,,,,0,False,False,False,INIT
809,2005-12-04,19:25:53,Error,mod_jk,mod_jk child workerEnv in error state 6,E809,mod_jk child workerEnv in error state <*>,2005-12-04 19:25:53,,,,1,True,False,False,FAILURE
810,2005-12-04,19:32:20,Info,jk2_init,jk2_init() Found child 1786 in scoreboard slot 8,E810,jk2_init() Found child <*> in scoreboard slot <*>,2005-12-04 19:32:20,,,,2,False,False,False,INIT
811,2005-12-04,19:32:20,Info,jk2_init,jk2_init() Found child 1787 in scoreboard slot 9,E811,jk2_init() Found child <*> in scoreboard slot <*>,2005-12-04 19:32:20,,,,2,False,False,False,INIT
812,2005-12-04,19:32:32,Info,workerEnv.init,workerEnv.init() ok /etc/httpd/conf/workers2.properties,E812,workerEnv.init() ok /etc/httpd/conf/workers2.properties,2005-12-04 19:32:32,,,,0,False,False,False,INIT
813,2005-12-04,19:32:33,Error,mod_jk,mod_jk child workerEnv in error state 6,E813,mod_jk child workerEnv in error state <*>,2005-12-04 19:32:33,,,,1,True,False,False,FAILURE
814,2005-12-04,19:32:34,Info,jk2_init,jk2_init() Found child 1788 in scoreboard slot 6,E814,jk2_init() Found child <*> in scoreboard slot <*>,2005-12-04 19:32:34,,,,2,False,False,False,INIT
815,2005-12-04,19:32:34,Info,jk2_init,jk2_init() Found child 1790 in scoreboard slot 8,E815,jk2_init() Found child <*> in scoreboard slot <*>,2005-12-04 19:32:34,,,,2,False,False,False,INIT
816,2005-12-04,19:32:34,Info,jk2_init,jk2_init() Found child 1789 in scoreboard slot 7,E816,jk2_init() Found child <*> in scoreboard slot <*>,2005-12-04 19:32:34,,,,2,False,False,False,INIT
817,2005-12-04,19:32:34,Info,workerEnv.init,workerEnv.init() ok /etc/httpd/conf/workers2.properties,E817,workerEnv.init() ok /etc/httpd/conf/workers2.properties,2005-12-04 19:32:34,,,,0,False,False,False,INIT
818,2005-12-04,19:32:34,Error,mod_jk,mod_jk child workerEnv in error state 6,E818,mod_jk child workerEnv in error state <*>,2005-12-04 19:32:34,,,,1,True,False,False,FAILURE
819,2005-12-04,19:32:34,Info,workerEnv.init,workerEnv.init() ok /etc/httpd/conf/workers2.properties,E819,workerEnv.init() ok /etc/httpd/conf/workers2.properties,2005-12-04 19:32:34,,,,0,False,False,False,INIT
820,2005-12-04,19:32:34,Error,mod_jk,mod_jk child workerEnv in error state 7,E820,mod_jk child workerEnv in error state <*>,2005-12-04 19:32:34,,,,1,True,False,False,FAILURE
821,2005-12-04,19:32:34,Info,workerEnv.init,workerEnv.init() ok /etc/httpd/conf/workers2.properties,E821,workerEnv.init() ok /etc/httpd/conf/workers2.properties,2005-12-04 19:32:34,,,,0,False,False,False,INIT
822,2005-12-04,19:32:34,Error,mod_jk,mod_jk child workerEnv in error state 6,E822,mod_jk child workerEnv in error state <*>,2005-12-04 19:32:34,,,,1,True,False,False,FAILURE
823,2005-12-04,19:35:58,Info,jk2_init,jk2_init() Found child 1797 in scoreboard slot 9,E823,jk2_init() Found child <*> in scoreboard slot <*>,2005-12-04 19:35:58,,,,2,False,False,False,INIT
824,2005-12-04,19:35:58,Info,jk2_init,jk2_init() Found child 1798 in scoreboard slot 6,E824,jk2_init() Found child <*> in scoreboard slot <*>,2005-12-04 19:35:58,,,,2,False,False,False,INIT
825,2005-12-04,19:35:58,Info,jk2_init,jk2_init() Found child 1799 in scoreboard slot 7,E825,jk2_init() Found child <*> in scoreboard slot <*>,2005-12-04 19:35:58,,,,2,False,False,False,INIT
826,2005-12-04,19:35:58,Info,jk2_init,jk2_init() Found child 1800 in scoreboard slot 10,E826,jk2_init() Found child <*> in scoreboard slot <*>,2005-12-04 19:35:58,,,,2,False,False,False,INIT
827,2005-12-04,19:35:58,Info,jk2_init,jk2_init() Found child 1801 in scoreboard slot 12,E827,jk2_init() Found child <*> in scoreboard slot <*>,2005-12-04 19:35:58,,,,2,False,False,False,INIT
828,2005-12-04,19:36:05,Error,client,[client 61.37.222.240] Directory index forbidden by rule: /var/www/html/,E828,[client <*>.<*>.<*>.<*>] Directory index forbidden by rule: /var/www/html/,2005-12-04 19:36:05,,,,4,True,False,False,FAILURE
829,2005-12-04,19:36:07,Info,workerEnv.init,workerEnv.init() ok /etc/httpd/conf/workers2.properties,E829,workerEnv.init() ok /etc/httpd/conf/workers2.properties,2005-12-04 19:36:07,,,,0,False,False,False,INIT
830,2005-12-04,19:36:07,Error,mod_jk,mod_jk child workerEnv in error state 6,E830,mod_jk child workerEnv in error state <*>,2005-12-04 19:36:07,,,,1,True,False,False,FAILURE
831,2005-12-04,19:36:07,Info,workerEnv.init,workerEnv.init() ok /etc/httpd/conf/workers2.properties,E831,workerEnv.init() ok /etc/httpd/conf/workers2.properties,2005-12-04 19:36:07,,,,0,False,False,False,INIT
832,2005-12-04,19:36:07,Error,mod_jk,mod_jk child workerEnv in error state 6,E832,mod_jk child workerEnv in error state <*>,2005-12-04 19:36:07,,,,1,True,False,False,FAILURE
833,2005-12-04,19:36:07,Info,workerEnv.init,workerEnv.init() ok /etc/httpd/conf/workers2.properties,E833,workerEnv.init() ok /etc/httpd/conf/workers2.properties,2005-12-04 19:36:07,,,,0,False,False,False,INIT
834,2005-12-04,19:36:07,Error,mod_jk,mod_jk child workerEnv in error state 6,E834,mod_jk child workerEnv in error state <*>,2005-12-04 19:36:07,,,,1,True,False,False,FAILURE
835,2005-12-04,19:36:07,Info,workerEnv.init,workerEnv.init() ok /etc/httpd/conf/workers2.properties,E835,workerEnv.init() ok /etc/httpd/conf/workers2.properties,2005-12-04 19:36:07,,,,0,False,False,False,INIT
836,2005-12-04,19:36:07,Error,mod_jk,mod_jk child workerEnv in error state 6,E836,mod_jk child workerEnv in error state <*>,2005-12-04 19:36:07,,,,1,True,False,False,FAILURE
837,2005-12-04,19:36:07,Info,workerEnv.init,workerEnv.init() ok /etc/httpd/conf/workers2.properties,E837,workerEnv.init() ok /etc/httpd/conf/workers2.properties,2005-12-04 19:36:07,,,,0,False,False,False,INIT
838,2005-12-04,19:36:07,Error,mod_jk,mod_jk child workerEnv in error state 6,E838,mod_jk child workerEnv in error state <*>,2005-12-04 19:36:07,,,,1,True,False,False,FAILURE
839,2005-12-04,19:41:20,Info,jk2_init,jk2_init() Found child 1816 in scoreboard slot 9,E839,jk2_init() Found child <*> in scoreboard slot <*>,2005-12-04 19:41:20,,,,2,False,False,False,INIT
840,2005-12-04,19:41:20,Info,jk2_init,jk2_init() Found child 1814 in scoreboard slot 7,E840,jk2_init() Found child <*> in scoreboard slot <*>,2005-12-04 19:41:20,,,,2,False,False,False,INIT
841,2005-12-04,19:41:20,Info,jk2_init,jk2_init() Found child 1813 in scoreboard slot 6,E841,jk2_init() Found child <*> in scoreboard slot <*>,2005-12-04 19:41:20,,,,2,False,False,False,INIT
842,2005-12-04,19:41:20,Info,jk2_init,jk2_init() Found child 1815 in scoreboard slot 8,E842,jk2_init() Found child <*> in scoreboard slot <*>,2005-12-04 19:41:20,,,,2,False,False,False,INIT
843,2005-12-04,19:41:21,Info,workerEnv.init,workerEnv.init() ok /etc/httpd/conf/workers2.properties,E843,workerEnv.init() ok /etc/httpd/conf/workers2.properties,2005-12-04 19:41:21,,,,0,False,False,False,INIT
844,2005-12-04,19:41:21,Error,mod_jk,mod_jk child workerEnv in error state 6,E844,mod_jk child workerEnv in error state <*>,2005-12-04 19:41:21,,,,1,True,False,False,FAILURE
845,2005-12-04,19:41:21,Info,workerEnv.init,workerEnv.init() ok /etc/httpd/conf/workers2.properties,E845,workerEnv.init() ok /etc/httpd/conf/workers2.properties,2005-12-04 19:41:21,,,,0,False,False,False,INIT
846,2005-12-04,19:41:21,Error,mod_jk,mod_jk child workerEnv in error state 6,E846,mod_jk child workerEnv in error state <*>,2005-12-04 19:41:21,,,,1,True,False,False,FAILURE
847,2005-12-04,19:41:21,Info,workerEnv.init,workerEnv.init() ok /etc/httpd/conf/workers2.properties,E847,workerEnv.init() ok /etc/httpd/conf/workers2.properties,2005-12-04 19:41:21,,,,0,False,False,False,INIT
848,2005-12-04,19:41:21,Error,mod_jk,mod_jk child workerEnv in error state 6,E848,mod_jk child workerEnv in error state <*>,2005-12-04 19:41:21,,,,1,True,False,False,FAILURE
849,2005-12-04,19:41:21,Info,workerEnv.init,workerEnv.init() ok /etc/httpd/conf/workers2.properties,E849,workerEnv.init() ok /etc/httpd/conf/workers2.properties,2005-12-04 19:41:21,,,,0,False,False,False,INIT
850,2005-12-04,19:41:21,Error,mod_jk,mod_jk child workerEnv in error state 6,E850,mod_jk child workerEnv in error state <*>,2005-12-04 19:41:21,,,,1,True,False,False,FAILURE
851,2005-12-04,19:46:04,Info,jk2_init,jk2_init() Found child 1821 in scoreboard slot 6,E851,jk2_init() Found child <*> in scoreboard slot <*>,2005-12-04 19:46:04,,,,2,False,False,False,INIT
852,2005-12-04,19:46:04,Info,jk2_init,jk2_init() Found child 1822 in scoreboard slot 7,E852,jk2_init() Found child <*> in scoreboard slot <*>,2005-12-04 19:46:04,,,,2,False,False,False,INIT
853,2005-12-04,19:46:13,Info,workerEnv.init,workerEnv.init() ok /etc/httpd/conf/workers2.properties,E853,workerEnv.init() ok /etc/httpd/conf/workers2.properties,2005-12-04 19:46:13,,,,0,False,False,False,INIT
854,2005-12-04,19:46:13,Info,workerEnv.init,workerEnv.init() ok /etc/httpd/conf/workers2.properties,E854,workerEnv.init() ok /etc/httpd/conf/workers2.properties,2005-12-04 19:46:13,,,,0,False,False,False,INIT
855,2005-12-04,19:46:13,Error,mod_jk,mod_jk child workerEnv in error state 6,E855,mod_jk child workerEnv in error state <*>,2005-12-04 19:46:13,,,,1,True,False,False,FAILURE
856,2005-12-04,19:46:13,Error,mod_jk,mod_jk child workerEnv in error state 6,E856,mod_jk child workerEnv in error state <*>,2005-12-04 19:46:13,,,,1,True,False,False,FAILURE
857,2005-12-04,19:46:16,Info,jk2_init,jk2_init() Found child 1823 in scoreboard slot 8,E857,jk2_init() Found child <*> in scoreboard slot <*>,2005-12-04 19:46:16,,,,2,False,False,False,INIT
858,2005-12-04,19:46:19,Info,jk2_init,jk2_init() Found child 1824 in scoreboard slot 9,E858,jk2_init() Found child <*> in scoreboard slot <*>,2005-12-04 19:46:19,,,,2,False,False,False,INIT
859,2005-12-04,19:46:20,Info,workerEnv.init,workerEnv.init() ok /etc/httpd/conf/workers2.properties,E859,workerEnv.init() ok /etc/httpd/conf/workers2.properties,2005-12-04 19:46:20,,,,0,False,False,False,INIT
860,2005-12-04,19:46:20,Error,mod_jk,mod_jk child workerEnv in error state 6,E860,mod_jk child workerEnv in error state <*>,2005-12-04 19:46:20,,,,1,True,False,False,FAILURE
861,2005-12-04,19:46:20,Info,workerEnv.init,workerEnv.init() ok /etc/httpd/conf/workers2.properties,E861,workerEnv.init() ok /etc/httpd/conf/workers2.properties,2005-12-04 19:46:20,,,,0,False,False,False,INIT
862,2005-12-04,19:46:20,Error,mod_jk,mod_jk child workerEnv in error state 6,E862,mod_jk child workerEnv in error state <*>,2005-12-04 19:46:20,,,,1,True,False,False,FAILURE
863,2005-12-04,19:50:39,Info,jk2_init,jk2_init() Found child 1833 in scoreboard slot 7,E863,jk2_init() Found child <*> in scoreboard slot <*>,2005-12-04 19:50:39,,,,2,False,False,False,INIT
864,2005-12-04,19:50:39,Info,jk2_init,jk2_init() Found child 1832 in scoreboard slot 6,E864,jk2_init() Found child <*> in scoreboard slot <*>,2005-12-04 19:50:39,,,,2,False,False,False,INIT
865,2005-12-04,19:50:51,Info,workerEnv.init,workerEnv.init() ok /etc/httpd/conf/workers2.properties,E865,workerEnv.init() ok /etc/httpd/conf/workers2.properties,2005-12-04 19:50:51,,,,0,False,False,False,INIT
866,2005-12-04,19:50:51,Info,workerEnv.init,workerEnv.init() ok /etc/httpd/conf/workers2.properties,E866,workerEnv.init() ok /etc/httpd/conf/workers2.properties,2005-12-04 19:50:51,,,,0,False,False,False,INIT
867,2005-12-04,19:50:55,Error,mod_jk,mod_jk child workerEnv in error state 6,E867,mod_jk child workerEnv in error state <*>,2005-12-04 19:50:55,,,,1,True,False,False,FAILURE
868,2005-12-04,19:50:57,Info,jk2_init,jk2_init() Found child 1834 in scoreboard slot 8,E868,jk2_init() Found child <*> in scoreboard slot <*>,2005-12-04 19:50:57,,,,2,False,False,False,INIT
869,2005-12-04,19:50:55,Error,mod_jk,mod_jk child workerEnv in error state 6,E869,mod_jk child workerEnv in error state <*>,2005-12-04 19:50:55,,,,1,True,False,False,FAILURE
870,2005-12-04,19:51:16,Info,workerEnv.init,workerEnv.init() ok /etc/httpd/conf/workers2.properties,E870,workerEnv.init() ok /etc/httpd/conf/workers2.properties,2005-12-04 19:51:16,,,,0,False,False,False,INIT
871,2005-12-04,19:51:18,Error,mod_jk,mod_jk child workerEnv in error state 6,E871,mod_jk child workerEnv in error state <*>,2005-12-04 19:51:18,,,,1,True,False,False,FAILURE
872,2005-12-04,19:51:43,Info,jk2_init,jk2_init() Found child 1835 in scoreboard slot 9,E872,jk2_init() Found child <*> in scoreboard slot <*>,2005-12-04 19:51:43,,,,2,False,False,False,INIT
873,2005-12-04,19:51:52,Info,jk2_init,jk2_init() Found child 1836 in scoreboard slot 6,E873,jk2_init() Found child <*> in scoreboard slot <*>,2005-12-04 19:51:52,,,,2,False,False,False,INIT
874,2005-12-04,19:51:52,Info,jk2_init,jk2_init() Found child 1837 in scoreboard slot 7,E874,jk2_init() Found child <*> in scoreboard slot <*>,2005-12-04 19:51:52,,,,2,False,False,False,INIT
875,2005-12-04,19:51:54,Info,workerEnv.init,workerEnv.init() ok /etc/httpd/conf/workers2.properties,E875,workerEnv.init() ok /etc/httpd/conf/workers2.properties,2005-12-04 19:51:54,,,,0,False,False,False,INIT
876,2005-12-04,19:51:54,Error,mod_jk,mod_jk child workerEnv in error state 6,E876,mod_jk child workerEnv in error state <*>,2005-12-04 19:51:54,,,,1,True,False,False,FAILURE
877,2005-12-04,19:51:54,Info,workerEnv.init,workerEnv.init() ok /etc/httpd/conf/workers2.properties,E877,workerEnv.init() ok /etc/httpd/conf/workers2.properties,2005-12-04 19:51:54,,,,0,False,False,False,INIT
878,2005-12-04,19:51:54,Error,mod_jk,mod_jk child workerEnv in error state 6,E878,mod_jk child workerEnv in error state <*>,2005-12-04 19:51:54,,,,1,True,False,False,FAILURE
879,2005-12-04,19:51:54,Info,workerEnv.init,workerEnv.init() ok /etc/httpd/conf/workers2.properties,E879,workerEnv.init() ok /etc/httpd/conf/workers2.properties,2005-12-04 19:51:54,,,,0,False,False,False,INIT
880,2005-12-04,19:51:54,Error,mod_jk,mod_jk child workerEnv in error state 6,E880,mod_jk child workerEnv in error state <*>,2005-12-04 19:51:54,,,,1,True,False,False,FAILURE
881,2005-12-04,19:56:51,Info,jk2_init,jk2_init() Found child 1851 in scoreboard slot 6,E881,jk2_init() Found child <*> in scoreboard slot <*>,2005-12-04 19:56:51,,,,2,False,False,False,INIT
882,2005-12-04,19:56:51,Info,jk2_init,jk2_init() Found child 1852 in scoreboard slot 9,E882,jk2_init() Found child <*> in scoreboard slot <*>,2005-12-04 19:56:51,,,,2,False,False,False,INIT
883,2005-12-04,19:56:51,Info,jk2_init,jk2_init() Found child 1853 in scoreboard slot 7,E883,jk2_init() Found child <*> in scoreboard slot <*>,2005-12-04 19:56:51,,,,2,False,False,False,INIT
884,2005-12-04,19:56:51,Info,jk2_init,jk2_init() Found child 1850 in scoreboard slot 8,E884,jk2_init() Found child <*> in scoreboard slot <*>,2005-12-04 19:56:51,,,,2,False,False,False,INIT
885,2005-12-04,19:56:53,Info,workerEnv.init,workerEnv.init() ok /etc/httpd/conf/workers2.properties,E885,workerEnv.init() ok /etc/httpd/conf/workers2.properties,2005-12-04 19:56:53,,,,0,False,False,False,INIT
886,2005-12-04,19:56:53,Error,mod_jk,mod_jk child workerEnv in error state 6,E886,mod_jk child workerEnv in error state <*>,2005-12-04 19:56:53,,,,1,True,False,False,FAILURE
887,2005-12-04,19:56:53,Info,workerEnv.init,workerEnv.init() ok /etc/httpd/conf/workers2.properties,E887,workerEnv.init() ok /etc/httpd/conf/workers2.properties,2005-12-04 19:56:53,,,,0,False,False,False,INIT
888,2005-12-04,19:56:53,Error,mod_jk,mod_jk child workerEnv in error state 6,E888,mod_jk child workerEnv in error state <*>,2005-12-04 19:56:53,,,,1,True,False,False,FAILURE
889,2005-12-04,19:56:53,Info,workerEnv.init,workerEnv.init() ok /etc/httpd/conf/workers2.properties,E889,workerEnv.init() ok /etc/httpd/conf/workers2.properties,2005-12-04 19:56:53,,,,0,False,False,False,INIT
890,2005-12-04,19:56:53,Error,mod_jk,mod_jk child workerEnv in error state 6,E890,mod_jk child workerEnv in error state <*>,2005-12-04 19:56:53,,,,1,True,False,False,FAILURE
891,2005-12-04,19:56:53,Info,workerEnv.init,workerEnv.init() ok /etc/httpd/conf/workers2.properties,E891,workerEnv.init() ok /etc/httpd/conf/workers2.properties,2005-12-04 19:56:53,,,,0,False,False,False,INIT
892,2005-12-04,19:56:53,Error,mod_jk,mod_jk child workerEnv in error state 6,E892,mod_jk child workerEnv in error state <*>,2005-12-04 19:56:53,,,,1,True,False,False,FAILURE
893,2005-12-04,20:01:00,Info,jk2_init,jk2_init() Found child 1861 in scoreboard slot 8,E893,jk2_init() Found child <*> in scoreboard slot <*>,2005-12-04 20:01:00,,,,2,False,False,False,INIT
894,2005-12-04,20:01:00,Info,jk2_init,jk2_init() Found child 1862 in scoreboard slot 6,E894,jk2_init() Found child <*> in scoreboard slot <*>,2005-12-04 20:01:00,,,,2,False,False,False,INIT
895,2005-12-04,20:01:30,Info,jk2_init,jk2_init() Found child 1867 in scoreboard slot 8,E895,jk2_init() Found child <*> in scoreboard slot <*>,2005-12-04 20:01:30,,,,2,False,False,False,INIT
896,2005-12-04,20:01:30,Info,jk2_init,jk2_init() Found child 1864 in scoreboard slot 7,E896,jk2_init() Found child <*> in scoreboard slot <*>,2005-12-04 20:01:30,,,,2,False,False,False,INIT
897,2005-12-04,20:01:30,Info,jk2_init,jk2_init() Found child 1868 in scoreboard slot 6,E897,jk2_init() Found child <*> in scoreboard slot <*>,2005-12-04 20:01:30,,,,2,False,False,False,INIT
898,2005-12-04,20:01:30,Info,jk2_init,jk2_init() Found child 1863 in scoreboard slot 9,E898,jk2_init() Found child <*> in scoreboard slot <*>,2005-12-04 20:01:30,,,,2,False,False,False,INIT
899,2005-12-04,20:01:37,Info,workerEnv.init,workerEnv.init() ok /etc/httpd/conf/workers2.properties,E899,workerEnv.init() ok /etc/httpd/conf/workers2.properties,2005-12-04 20:01:37,,,,0,False,False,False,INIT
900,2005-12-04,20:01:37,Info,workerEnv.init,workerEnv.init() ok /etc/httpd/conf/workers2.properties,E900,workerEnv.init() ok /etc/httpd/conf/workers2.properties,2005-12-04 20:01:37,,,,0,False,False,False,INIT
901,2005-12-04,20:01:37,Info,workerEnv.init,workerEnv.init() ok /etc/httpd/conf/workers2.properties,E901,workerEnv.init() ok /etc/httpd/conf/workers2.properties,2005-12-04 20:01:37,,,,0,False,False,False,INIT
902,2005-12-04,20:01:37,Info,workerEnv.init,workerEnv.init() ok /etc/httpd/conf/workers2.properties,E902,workerEnv.init() ok /etc/httpd/conf/workers2.properties,2005-12-04 20:01:37,,,,0,False,False,False,INIT
903,2005-12-04,20:01:37,Error,mod_jk,mod_jk child workerEnv in error state 6,E903,mod_jk child workerEnv in error state <*>,2005-12-04 20:01:37,,,,1,True,False,False,FAILURE
904,2005-12-04,20:01:37,Error,mod_jk,mod_jk child workerEnv in error state 6,E904,mod_jk child workerEnv in error state <*>,2005-12-04 20:01:37,,,,1,True,False,False,FAILURE
905,2005-12-04,20:01:37,Error,mod_jk,mod_jk child workerEnv in error state 6,E905,mod_jk child workerEnv in error state <*>,2005-12-04 20:01:37,,,,1,True,False,False,FAILURE
906,2005-12-04,20:01:37,Error,mod_jk,mod_jk child workerEnv in error state 7,E906,mod_jk child workerEnv in error state <*>,2005-12-04 20:01:37,,,,1,True,False,False,FAILURE
907,2005-12-04,20:05:55,Info,jk2_init,jk2_init() Found child 1887 in scoreboard slot 8,E907,jk2_init() Found child <*> in scoreboard slot <*>,2005-12-04 20:05:55,,,,2,False,False,False,INIT
908,2005-12-04,20:05:55,Info,jk2_init,jk2_init() Found child 1885 in scoreboard slot 9,E908,jk2_init() Found child <*> in scoreboard slot <*>,2005-12-04 20:05:55,,,,2,False,False,False,INIT
909,2005-12-04,20:05:55,Info,jk2_init,jk2_init() Found child 1888 in scoreboard slot 6,E909,jk2_init() Found child <*> in scoreboard slot <*>,2005-12-04 20:05:55,,,,2,False,False,False,INIT
910,2005-12-04,20:05:55,Info,jk2_init,jk2_init() Found child 1886 in scoreboard slot 7,E910,jk2_init() Found child <*> in scoreboard slot <*>,2005-12-04 20:05:55,,,,2,False,False,False,INIT
911,2005-12-04,20:05:58,Info,workerEnv.init,workerEnv.init() ok /etc/httpd/conf/workers2.properties,E911,workerEnv.init() ok /etc/httpd/conf/workers2.properties,2005-12-04 20:05:58,,,,0,False,False,False,INIT
912,2005-12-04,20:05:59,Error,mod_jk,mod_jk child workerEnv in error state 6,E912,mod_jk child workerEnv in error state <*>,2005-12-04 20:05:59,,,,1,True,False,False,FAILURE
913,2005-12-04,20:05:59,Info,workerEnv.init,workerEnv.init() ok /etc/httpd/conf/workers2.properties,E913,workerEnv.init() ok /etc/httpd/conf/workers2.properties,2005-12-04 20:05:59,,,,0,False,False,False,INIT
914,2005-12-04,20:05:59,Error,mod_jk,mod_jk child workerEnv in error state 6,E914,mod_jk child workerEnv in error state <*>,2005-12-04 20:05:59,,,,1,True,False,False,FAILURE
915,2005-12-04,20:05:59,Info,workerEnv.init,workerEnv.init() ok /etc/httpd/conf/workers2.properties,E915,workerEnv.init() ok /etc/httpd/conf/workers2.properties,2005-12-04 20:05:59,,,,0,False,False,False,INIT
916,2005-12-04,20:05:59,Error,mod_jk,mod_jk child workerEnv in error state 6,E916,mod_jk child workerEnv in error state <*>,2005-12-04 20:05:59,,,,1,True,False,False,FAILURE
917,2005-12-04,20:05:59,Info,workerEnv.init,workerEnv.init() ok /etc/httpd/conf/workers2.properties,E917,workerEnv.init() ok /etc/httpd/conf/workers2.properties,2005-12-04 20:05:59,,,,0,False,False,False,INIT
918,2005-12-04,20:05:59,Error,mod_jk,mod_jk child workerEnv in error state 6,E918,mod_jk child workerEnv in error state <*>,2005-12-04 20:05:59,,,,1,True,False,False,FAILURE
919,2005-12-04,20:11:09,Info,jk2_init,jk2_init() Found child 1899 in scoreboard slot 7,E919,jk2_init() Found child <*> in scoreboard slot <*>,2005-12-04 20:11:09,,,,2,False,False,False,INIT
920,2005-12-04,20:11:09,Info,jk2_init,jk2_init() Found child 1900 in scoreboard slot 8,E920,jk2_init() Found child <*> in scoreboard slot <*>,2005-12-04 20:11:09,,,,2,False,False,False,INIT
921,2005-12-04,20:11:09,Info,jk2_init,jk2_init() Found child 1901 in scoreboard slot 6,E921,jk2_init() Found child <*> in scoreboard slot <*>,2005-12-04 20:11:09,,,,2,False,False,False,INIT
922,2005-12-04,20:11:09,Info,jk2_init,jk2_init() Found child 1898 in scoreboard slot 9,E922,jk2_init() Found child <*> in scoreboard slot <*>,2005-12-04 20:11:09,,,,2,False,False,False,INIT
923,2005-12-04,20:11:14,Info,workerEnv.init,workerEnv.init() ok /etc/httpd/conf/workers2.properties,E923,workerEnv.init() ok /etc/httpd/conf/workers2.properties,2005-12-04 20:11:14,,,,0,False,False,False,INIT
924,2005-12-04,20:11:14,Error,mod_jk,mod_jk child workerEnv in error state 6,E924,mod_jk child workerEnv in error state <*>,2005-12-04 20:11:14,,,,1,True,False,False,FAILURE
925,2005-12-04,20:11:14,Info,workerEnv.init,workerEnv.init() ok /etc/httpd/conf/workers2.properties,E925,workerEnv.init() ok /etc/httpd/conf/workers2.properties,2005-12-04 20:11:14,,,,0,False,False,False,INIT
926,2005-12-04,20:11:14,Error,mod_jk,mod_jk child workerEnv in error state 6,E926,mod_jk child workerEnv in error state <*>,2005-12-04 20:11:14,,,,1,True,False,False,FAILURE
927,2005-12-04,20:11:14,Info,workerEnv.init,workerEnv.init() ok /etc/httpd/conf/workers2.properties,E927,workerEnv.init() ok /etc/httpd/conf/workers2.properties,2005-12-04 20:11:14,,,,0,False,False,False,INIT
928,2005-12-04,20:11:14,Error,mod_jk,mod_jk child workerEnv in error state 6,E928,mod_jk child workerEnv in error state <*>,2005-12-04 20:11:14,,,,1,True,False,False,FAILURE
929,2005-12-04,20:11:14,Info,workerEnv.init,workerEnv.init() ok /etc/httpd/conf/workers2.properties,E929,workerEnv.init() ok /etc/httpd/conf/workers2.properties,2005-12-04 20:11:14,,,,0,False,False,False,INIT
930,2005-12-04,20:11:14,Error,mod_jk,mod_jk child workerEnv in error state 6,E930,mod_jk child workerEnv in error state <*>,2005-12-04 20:11:14,,,,1,True,False,False,FAILURE
931,2005-12-04,20:16:10,Info,jk2_init,jk2_init() Found child 1912 in scoreboard slot 9,E931,jk2_init() Found child <*> in scoreboard slot <*>,2005-12-04 20:16:10,,,,2,False,False,False,INIT
932,2005-12-04,20:16:10,Info,jk2_init,jk2_init() Found child 1915 in scoreboard slot 6,E932,jk2_init() Found child <*> in scoreboard slot <*>,2005-12-04 20:16:10,,,,2,False,False,False,INIT
933,2005-12-04,20:16:10,Info,jk2_init,jk2_init() Found child 1913 in scoreboard slot 7,E933,jk2_init() Found child <*> in scoreboard slot <*>,2005-12-04 20:16:10,,,,2,False,False,False,INIT
934,2005-12-04,20:16:10,Info,jk2_init,jk2_init() Found child 1914 in scoreboard slot 8,E934,jk2_init() Found child <*> in scoreboard slot <*>,2005-12-04 20:16:10,,,,2,False,False,False,INIT
935,2005-12-04,20:16:15,Info,workerEnv.init,workerEnv.init() ok /etc/httpd/conf/workers2.properties,E935,workerEnv.init() ok /etc/httpd/conf/workers2.properties,2005-12-04 20:16:15,,,,0,False,False,False,INIT
936,2005-12-04,20:16:15,Info,workerEnv.init,workerEnv.init() ok /etc/httpd/conf/workers2.properties,E936,workerEnv.init() ok /etc/httpd/conf/workers2.properties,2005-12-04 20:16:15,,,,0,False,False,False,INIT
937,2005-12-04,20:16:15,Info,workerEnv.init,workerEnv.init() ok /etc/httpd/conf/workers2.properties,E937,workerEnv.init() ok /etc/httpd/conf/workers2.properties,2005-12-04 20:16:15,,,,0,False,False,False,INIT
938,2005-12-04,20:16:15,Info,workerEnv.init,workerEnv.init() ok /etc/httpd/conf/workers2.properties,E938,workerEnv.init() ok /etc/httpd/conf/workers2.properties,2005-12-04 20:16:15,,,,0,False,False,False,INIT
939,2005-12-04,20:16:15,Error,mod_jk,mod_jk child workerEnv in error state 6,E939,mod_jk child workerEnv in error state <*>,2005-12-04 20:16:15,,,,1,True,False,False,FAILURE
940,2005-12-04,20:16:15,Error,mod_jk,mod_jk child workerEnv in error state 6,E940,mod_jk child workerEnv in error state <*>,2005-12-04 20:16:15,,,,1,True,False,False,FAILURE
941,2005-12-04,20:16:15,Error,mod_jk,mod_jk child workerEnv in error state 6,E941,mod_jk child workerEnv in error state <*>,2005-12-04 20:16:15,,,,1,True,False,False,FAILURE
942,2005-12-04,20:16:15,Error,mod_jk,mod_jk child workerEnv in error state 6,E942,mod_jk child workerEnv in error state <*>,2005-12-04 20:16:15,,,,1,True,False,False,FAILURE
943,2005-12-04,20:20:57,Info,jk2_init,jk2_init() Found child 1931 in scoreboard slot 7,E943,jk2_init() Found child <*> in scoreboard slot <*>,2005-12-04 20:20:57,,,,2,False,False,False,INIT
944,2005-12-04,20:21:09,Info,jk2_init,jk2_init() Found child 1932 in scoreboard slot 8,E944,jk2_init() Found child <*> in scoreboard slot <*>,2005-12-04 20:21:09,,,,2,False,False,False,INIT
945,2005-12-04,20:21:08,Info,jk2_init,jk2_init() Found child 1933 in scoreboard slot 6,E945,jk2_init() Found child <*> in scoreboard slot <*>,2005-12-04 20:21:08,,,,2,False,False,False,INIT
946,2005-12-04,20:21:21,Info,workerEnv.init,workerEnv.init() ok /etc/httpd/conf/workers2.properties,E946,workerEnv.init() ok /etc/httpd/conf/workers2.properties,2005-12-04 20:21:21,,,,0,False,False,False,INIT
947,2005-12-04,20:21:31,Info,workerEnv.init,workerEnv.init() ok /etc/httpd/conf/workers2.properties,E947,workerEnv.init() ok /etc/httpd/conf/workers2.properties,2005-12-04 20:21:31,,,,0,False,False,False,INIT
948,2005-12-04,20:21:31,Info,workerEnv.init,workerEnv.init() ok /etc/httpd/conf/workers2.properties,E948,workerEnv.init() ok /etc/httpd/conf/workers2.properties,2005-12-04 20:21:31,,,,0,False,False,False,INIT
949,2005-12-04,20:21:37,Info,jk2_init,jk2_init() Found child 1934 in scoreboard slot 9,E949,jk2_init() Found child <*> in scoreboard slot <*>,2005-12-04 20:21:37,,,,2,False,False,False,INIT
950,2005-12-04,20:21:36,Error,mod_jk,mod_jk child workerEnv in error state 6,E950,mod_jk child workerEnv in error state <*>,2005-12-04 20:21:36,,,,1,True,False,False,FAILURE
951,2005-12-04,20:22:09,Info,workerEnv.init,workerEnv.init() ok /etc/httpd/conf/workers2.properties,E951,workerEnv.init() ok /etc/httpd/conf/workers2.properties,2005-12-04 20:22:09,,,,0,False,False,False,INIT
952,2005-12-04,20:22:12,Info,jk2_init,jk2_init() Found child 1936 in scoreboard slot 8,E952,jk2_init() Found child <*> in scoreboard slot <*>,2005-12-04 20:22:12,,,,2,False,False,False,INIT
953,2005-12-04,20:22:12,Info,jk2_init,jk2_init() Found child 1935 in scoreboard slot 7,E953,jk2_init() Found child <*> in scoreboard slot <*>,2005-12-04 20:22:12,,,,2,False,False,False,INIT
954,2005-12-04,20:22:49,Info,workerEnv.init,workerEnv.init() ok /etc/httpd/conf/workers2.properties,E954,workerEnv.init() ok /etc/httpd/conf/workers2.properties,2005-12-04 20:22:49,,,,0,False,False,False,INIT
955,2005-12-04,20:22:52,Error,mod_jk,mod_jk child workerEnv in error state 7,E955,mod_jk child workerEnv in error state <*>,2005-12-04 20:22:52,,,,1,True,False,False,FAILURE
956,2005-12-04,20:22:57,Info,jk2_init,jk2_init() Found child 1937 in scoreboard slot 6,E956,jk2_init() Found child <*> in scoreboard slot <*>,2005-12-04 20:22:57,,,,2,False,False,False,INIT
957,2005-12-04,20:23:12,Info,jk2_init,jk2_init() Found child 1938 in scoreboard slot 9,E957,jk2_init() Found child <*> in scoreboard slot <*>,2005-12-04 20:23:12,,,,2,False,False,False,INIT
958,2005-12-04,20:24:45,Info,jk2_init,jk2_init() Found child 1950 in scoreboard slot 9,E958,jk2_init() Found child <*> in scoreboard slot <*>,2005-12-04 20:24:45,,,,2,False,False,False,INIT
959,2005-12-04,20:24:45,Info,jk2_init,jk2_init() Found child 1951 in scoreboard slot 7,E959,jk2_init() Found child <*> in scoreboard slot <*>,2005-12-04 20:24:45,,,,2,False,False,False,INIT
960,2005-12-04,20:24:45,Info,jk2_init,jk2_init() Found child 1949 in scoreboard slot 6,E960,jk2_init() Found child <*> in scoreboard slot <*>,2005-12-04 20:24:45,,,,2,False,False,False,INIT
961,2005-12-04,20:24:45,Info,jk2_init,jk2_init() Found child 1948 in scoreboard slot 8,E961,jk2_init() Found child <*> in scoreboard slot <*>,2005-12-04 20:24:45,,,,2,False,False,False,INIT
962,2005-12-04,20:24:49,Info,workerEnv.init,workerEnv.init() ok /etc/httpd/conf/workers2.properties,E962,workerEnv.init() ok /etc/httpd/conf/workers2.properties,2005-12-04 20:24:49,,,,0,False,False,False,INIT
963,2005-12-04,20:24:49,Error,mod_jk,mod_jk child workerEnv in error state 8,E963,mod_jk child workerEnv in error state <*>,2005-12-04 20:24:49,,,,1,True,False,False,FAILURE
964,2005-12-04,20:24:49,Info,workerEnv.init,workerEnv.init() ok /etc/httpd/conf/workers2.properties,E964,workerEnv.init() ok /etc/httpd/conf/workers2.properties,2005-12-04 20:24:49,,,,0,False,False,False,INIT
965,2005-12-04,20:24:49,Error,mod_jk,mod_jk child workerEnv in error state 8,E965,mod_jk child workerEnv in error state <*>,2005-12-04 20:24:49,,,,1,True,False,False,FAILURE
966,2005-12-04,20:24:49,Info,workerEnv.init,workerEnv.init() ok /etc/httpd/conf/workers2.properties,E966,workerEnv.init() ok /etc/httpd/conf/workers2.properties,2005-12-04 20:24:49,,,,0,False,False,False,INIT
967,2005-12-04,20:24:49,Error,mod_jk,mod_jk child workerEnv in error state 6,E967,mod_jk child workerEnv in error state <*>,2005-12-04 20:24:49,,,,1,True,False,False,FAILURE
968,2005-12-04,20:24:49,Info,workerEnv.init,workerEnv.init() ok /etc/httpd/conf/workers2.properties,E968,workerEnv.init() ok /etc/httpd/conf/workers2.properties,2005-12-04 20:24:49,,,,0,False,False,False,INIT
969,2005-12-04,20:24:49,Error,mod_jk,mod_jk child workerEnv in error state 7,E969,mod_jk child workerEnv in error state <*>,2005-12-04 20:24:49,,,,1,True,False,False,FAILURE
970,2005-12-04,20:26:10,Info,jk2_init,jk2_init() Found child 1957 in scoreboard slot 8,E970,jk2_init() Found child <*> in scoreboard slot <*>,2005-12-04 20:26:10,,,,2,False,False,False,INIT
971,2005-12-04,20:26:53,Info,workerEnv.init,workerEnv.init() ok /etc/httpd/conf/workers2.properties,E971,workerEnv.init() ok /etc/httpd/conf/workers2.properties,2005-12-04 20:26:53,,,,0,False,False,False,INIT
972,2005-12-04,20:26:54,Error,mod_jk,mod_jk child workerEnv in error state 6,E972,mod_jk child workerEnv in error state <*>,2005-12-04 20:26:54,,,,1,True,False,False,FAILURE
973,2005-12-04,20:26:58,Info,jk2_init,jk2_init() Found child 1959 in scoreboard slot 9,E973,jk2_init() Found child <*> in scoreboard slot <*>,2005-12-04 20:26:58,,,,2,False,False,False,INIT
974,2005-12-04,20:26:58,Info,jk2_init,jk2_init() Found child 1958 in scoreboard slot 6,E974,jk2_init() Found child <*> in scoreboard slot <*>,2005-12-04 20:26:58,,,,2,False,False,False,INIT
975,2005-12-04,20:27:43,Info,jk2_init,jk2_init() Found child 1961 in scoreboard slot 8,E975,jk2_init() Found child <*> in scoreboard slot <*>,2005-12-04 20:27:43,,,,2,False,False,False,INIT
976,2005-12-04,20:28:00,Info,jk2_init,jk2_init() Found child 1962 in scoreboard slot 6,E976,jk2_init() Found child <*> in scoreboard slot <*>,2005-12-04 20:28:00,,,,2,False,False,False,INIT
977,2005-12-04,20:28:00,Info,jk2_init,jk2_init() Found child 1963 in scoreboard slot 9,E977,jk2_init() Found child <*> in scoreboard slot <*>,2005-12-04 20:28:00,,,,2,False,False,False,INIT
978,2005-12-04,20:28:26,Info,jk2_init,jk2_init() Found child 1964 in scoreboard slot 7,E978,jk2_init() Found child <*> in scoreboard slot <*>,2005-12-04 20:28:26,,,,2,False,False,False,INIT
979,2005-12-04,20:28:39,Info,jk2_init,jk2_init() Found child 1966 in scoreboard slot 6,E979,jk2_init() Found child <*> in scoreboard slot <*>,2005-12-04 20:28:39,,,,2,False,False,False,INIT
980,2005-12-04,20:28:39,Info,jk2_init,jk2_init() Found child 1967 in scoreboard slot 9,E980,jk2_init() Found child <*> in scoreboard slot <*>,2005-12-04 20:28:39,,,,2,False,False,False,INIT
981,2005-12-04,20:28:39,Info,jk2_init,jk2_init() Found child 1965 in scoreboard slot 8,E981,jk2_init() Found child <*> in scoreboard slot <*>,2005-12-04 20:28:39,,,,2,False,False,False,INIT
982,2005-12-04,20:29:34,Info,jk2_init,jk2_init() Found child 1970 in scoreboard slot 6,E982,jk2_init() Found child <*> in scoreboard slot <*>,2005-12-04 20:29:34,,,,2,False,False,False,INIT
983,2005-12-04,20:30:59,Info,jk2_init,jk2_init() Found child 1984 in scoreboard slot 10,E983,jk2_init() Found child <*> in scoreboard slot <*>,2005-12-04 20:30:59,,,,2,False,False,False,INIT
984,2005-12-04,20:31:35,Info,jk2_init,jk2_init() Found child 1990 in scoreboard slot 9,E984,jk2_init() Found child <*> in scoreboard slot <*>,2005-12-04 20:31:35,,,,2,False,False,False,INIT
985,2005-12-04,20:32:37,Info,jk2_init,jk2_init() Found child 1999 in scoreboard slot 6,E985,jk2_init() Found child <*> in scoreboard slot <*>,2005-12-04 20:32:37,,,,2,False,False,False,INIT
986,2005-12-04,20:32:37,Info,jk2_init,jk2_init() Found child 2000 in scoreboard slot 7,E986,jk2_init() Found child <*> in scoreboard slot <*>,2005-12-04 20:32:37,,,,2,False,False,False,INIT
987,2005-12-04,20:32:37,Info,jk2_init,jk2_init() Found child 1998 in scoreboard slot 9,E987,jk2_init() Found child <*> in scoreboard slot <*>,2005-12-04 20:32:37,,,,2,False,False,False,INIT
988,2005-12-04,20:32:50,Info,workerEnv.init,workerEnv.init() ok /etc/httpd/conf/workers2.properties,E988,workerEnv.init() ok /etc/httpd/conf/workers2.properties,2005-12-04 20:32:50,,,,0,False,False,False,INIT
989,2005-12-04,20:32:50,Info,workerEnv.init,workerEnv.init() ok /etc/httpd/conf/workers2.properties,E989,workerEnv.init() ok /etc/httpd/conf/workers2.properties,2005-12-04 20:32:50,,,,0,False,False,False,INIT
990,2005-12-04,20:32:50,Info,workerEnv.init,workerEnv.init() ok /etc/httpd/conf/workers2.properties,E990,workerEnv.init() ok /etc/httpd/conf/workers2.properties,2005-12-04 20:32:50,,,,0,False,False,False,INIT
991,2005-12-04,20:32:55,Error,mod_jk,mod_jk child workerEnv in error state 10,E991,mod_jk child workerEnv in error state <*>,2005-12-04 20:32:55,,,,1,True,False,False,FAILURE
992,2005-12-04,20:32:55,Error,mod_jk,mod_jk child workerEnv in error state 6,E992,mod_jk child workerEnv in error state <*>,2005-12-04 20:32:55,,,,1,True,False,False,FAILURE
993,2005-12-04,20:32:55,Error,mod_jk,mod_jk child workerEnv in error state 10,E993,mod_jk child workerEnv in error state <*>,2005-12-04 20:32:55,,,,1,True,False,False,FAILURE
994,2005-12-04,20:33:35,Info,jk2_init,jk2_init() Found child 2002 in scoreboard slot 8,E994,jk2_init() Found child <*> in scoreboard slot <*>,2005-12-04 20:33:35,,,,2,False,False,False,INIT
995,2005-12-04,20:33:35,Info,jk2_init,jk2_init() Found child 2001 in scoreboard slot 9,E995,jk2_init() Found child <*> in scoreboard slot <*>,2005-12-04 20:33:35,,,,2,False,False,False,INIT
996,2005-12-04,20:33:47,Info,jk2_init,jk2_init() Found child 2005 in scoreboard slot 7,E996,jk2_init() Found child <*> in scoreboard slot <*>,2005-12-04 20:33:47,,,,2,False,False,False,INIT
997,2005-12-04,20:33:47,Info,jk2_init,jk2_init() Found child 2004 in scoreboard slot 6,E997,jk2_init() Found child <*> in scoreboard slot <*>,2005-12-04 20:33:47,,,,2,False,False,False,INIT
998,2005-12-04,20:34:13,Info,workerEnv.init,workerEnv.init() ok /etc/httpd/conf/workers2.properties,E998,workerEnv.init() ok /etc/httpd/conf/workers2.properties,2005-12-04 20:34:13,,,,0,False,False,False,INIT
999,2005-12-04,20:34:14,Error,mod_jk,mod_jk child workerEnv in error state 6,E999,mod_jk child workerEnv in error state <*>,2005-12-04 20:34:14,,,,1,True,False,False,FAILURE
1000,2005-12-04,20:34:20,Info,jk2_init,jk2_init() Found child 2007 in scoreboard slot 8,E1000,jk2_init() Found child <*> in scoreboard slot <*>,2005-12-04 20:34:20,,,,2,False,False,False,INIT
1001,2005-12-04,20:34:20,Info,jk2_init,jk2_init() Found child 2006 in scoreboard slot 9,E1001,jk2_init() Found child <*> in scoreboard slot <*>,2005-12-04 20:34:20,,,,2,False,False,False,INIT
1002,2005-12-04,20:34:21,Info,jk2_init,jk2_init() Found child 2008 in scoreboard slot 6,E1002,jk2_init() Found child <*> in scoreboard slot <*>,2005-12-04 20:34:21,,,,2,False,False,False,INIT
1003,2005-12-04,20:34:25,Info,workerEnv.init,workerEnv.init() ok /etc/httpd/conf/workers2.properties,E1003,workerEnv.init() ok /etc/httpd/conf/workers2.properties,2005-12-04 20:34:25,,,,0,False,False,False,INIT
1004,2005-12-04,20:34:25,Error,mod_jk,mod_jk child workerEnv in error state 7,E1004,mod_jk child workerEnv in error state <*>,2005-12-04 20:34:25,,,,1,True,False,False,FAILURE
1005,2005-12-04,20:34:25,Info,workerEnv.init,workerEnv.init() ok /etc/httpd/conf/workers2.properties,E1005,workerEnv.init() ok /etc/httpd/conf/workers2.properties,2005-12-04 20:34:25,,,,0,False,False,False,INIT
1006,2005-12-04,20:34:25,Error,mod_jk,mod_jk child workerEnv in error state 9,E1006,mod_jk child workerEnv in error state <*>,2005-12-04 20:34:25,,,,1,True,False,False,FAILURE
1007,2005-12-04,20:34:25,Info,workerEnv.init,workerEnv.init() ok /etc/httpd/conf/workers2.properties,E1007,workerEnv.init() ok /etc/httpd/conf/workers2.properties,2005-12-04 20:34:25,,,,0,False,False,False,INIT
1008,2005-12-04,20:34:25,Error,mod_jk,mod_jk child workerEnv in error state 7,E1008,mod_jk child workerEnv in error state <*>,2005-12-04 20:34:25,,,,1,True,False,False,FAILURE
1009,2005-12-04,20:37:29,Info,jk2_init,jk2_init() Found child 2028 in scoreboard slot 9,E1009,jk2_init() Found child <*> in scoreboard slot <*>,2005-12-04 20:37:29,,,,2,False,False,False,INIT
1010,2005-12-04,20:37:29,Info,jk2_init,jk2_init() Found child 2027 in scoreboard slot 7,E1010,jk2_init() Found child <*> in scoreboard slot <*>,2005-12-04 20:37:29,,,,2,False,False,False,INIT
1011,2005-12-04,20:37:29,Info,jk2_init,jk2_init() Found child 2029 in scoreboard slot 8,E1011,jk2_init() Found child <*> in scoreboard slot <*>,2005-12-04 20:37:29,,,,2,False,False,False,INIT
1012,2005-12-04,20:37:46,Info,workerEnv.init,workerEnv.init() ok /etc/httpd/conf/workers2.properties,E1012,workerEnv.init() ok /etc/httpd/conf/workers2.properties,2005-12-04 20:37:46,,,,0,False,False,False,INIT
1013,2005-12-04,20:37:46,Info,workerEnv.init,workerEnv.init() ok /etc/httpd/conf/workers2.properties,E1013,workerEnv.init() ok /etc/httpd/conf/workers2.properties,2005-12-04 20:37:46,,,,0,False,False,False,INIT
1014,2005-12-04,20:37:49,Error,mod_jk,mod_jk child workerEnv in error state 6,E1014,mod_jk child workerEnv in error state <*>,2005-12-04 20:37:49,,,,1,True,False,False,FAILURE
1015,2005-12-04,20:37:49,Error,mod_jk,mod_jk child workerEnv in error state 6,E1015,mod_jk child workerEnv in error state <*>,2005-12-04 20:37:49,,,,1,True,False,False,FAILURE
1016,2005-12-04,20:38:10,Info,jk2_init,jk2_init() Found child 2030 in scoreboard slot 6,E1016,jk2_init() Found child <*> in scoreboard slot <*>,2005-12-04 20:38:10,,,,2,False,False,False,INIT
1017,2005-12-04,20:38:10,Info,jk2_init,jk2_init() Found child 2031 in scoreboard slot 7,E1017,jk2_init() Found child <*> in scoreboard slot <*>,2005-12-04 20:38:10,,,,2,False,False,False,INIT
1018,2005-12-04,20:38:11,Info,jk2_init,jk2_init() Found child 2032 in scoreboard slot 9,E1018,jk2_init() Found child <*> in scoreboard slot <*>,2005-12-04 20:38:11,,,,2,False,False,False,INIT
1019,2005-12-04,20:38:14,Info,workerEnv.init,workerEnv.init() ok /etc/httpd/conf/workers2.properties,E1019,workerEnv.init() ok /etc/httpd/conf/workers2.properties,2005-12-04 20:38:14,,,,0,False,False,False,INIT
1020,2005-12-04,20:38:14,Info,workerEnv.init,workerEnv.init() ok /etc/httpd/conf/workers2.properties,E1020,workerEnv.init() ok /etc/httpd/conf/workers2.properties,2005-12-04 20:38:14,,,,0,False,False,False,INIT
1021,2005-12-04,20:38:14,Info,workerEnv.init,workerEnv.init() ok /etc/httpd/conf/workers2.properties,E1021,workerEnv.init() ok /etc/httpd/conf/workers2.properties,2005-12-04 20:38:14,,,,0,False,False,False,INIT
1022,2005-12-04,20:38:14,Error,mod_jk,mod_jk child workerEnv in error state 6,E1022,mod_jk child workerEnv in error state <*>,2005-12-04 20:38:14,,,,1,True,False,False,FAILURE
1023,2005-12-04,20:38:14,Error,mod_jk,mod_jk child workerEnv in error state 6,E1023,mod_jk child workerEnv in error state <*>,2005-12-04 20:38:14,,,,1,True,False,False,FAILURE
1024,2005-12-04,20:38:14,Error,mod_jk,mod_jk child workerEnv in error state 7,E1024,mod_jk child workerEnv in error state <*>,2005-12-04 20:38:14,,,,1,True,False,False,FAILURE
1025,2005-12-04,20:41:12,Info,jk2_init,jk2_init() Found child 2042 in scoreboard slot 8,E1025,jk2_init() Found child <*> in scoreboard slot <*>,2005-12-04 20:41:12,,,,2,False,False,False,INIT
1026,2005-12-04,20:41:47,Info,jk2_init,jk2_init() Found child 2045 in scoreboard slot 9,E1026,jk2_init() Found child <*> in scoreboard slot <*>,2005-12-04 20:41:47,,,,2,False,False,False,INIT
1027,2005-12-04,20:42:42,Info,jk2_init,jk2_init() Found child 2051 in scoreboard slot 8,E1027,jk2_init() Found child <*> in scoreboard slot <*>,2005-12-04 20:42:42,,,,2,False,False,False,INIT
1028,2005-12-04,20:44:29,Info,jk2_init,jk2_init() Found child 2059 in scoreboard slot 7,E1028,jk2_init() Found child <*> in scoreboard slot <*>,2005-12-04 20:44:29,,,,2,False,False,False,INIT
1029,2005-12-04,20:44:29,Info,jk2_init,jk2_init() Found child 2060 in scoreboard slot 9,E1029,jk2_init() Found child <*> in scoreboard slot <*>,2005-12-04 20:44:29,,,,2,False,False,False,INIT
1030,2005-12-04,20:44:30,Info,jk2_init,jk2_init() Found child 2061 in scoreboard slot 8,E1030,jk2_init() Found child <*> in scoreboard slot <*>,2005-12-04 20:44:30,,,,2,False,False,False,INIT
1031,2005-12-04,20:47:16,Info,jk2_init,jk2_init() Found child 2081 in scoreboard slot 6,E1031,jk2_init() Found child <*> in scoreboard slot <*>,2005-12-04 20:47:16,,,,2,False,False,False,INIT
1032,2005-12-04,20:47:16,Error,jk2_init,jk2_init() Can't find child 2082 in scoreboard,E1032,jk2_init() Can't find child <*> in scoreboard,2005-12-04 20:47:16,,,,1,True,False,False,FAILURE
1033,2005-12-04,20:47:16,Info,jk2_init,jk2_init() Found child 2083 in scoreboard slot 8,E1033,jk2_init() Found child <*> in scoreboard slot <*>,2005-12-04 20:47:16,,,,2,False,False,False,INIT
1034,2005-12-04,20:47:16,Info,workerEnv.init,workerEnv.init() ok /etc/httpd/conf/workers2.properties,E1034,workerEnv.init() ok /etc/httpd/conf/workers2.properties,2005-12-04 20:47:16,,,,0,False,False,False,INIT
1035,2005-12-04,20:47:16,Error,mod_jk,mod_jk child workerEnv in error state 6,E1035,mod_jk child workerEnv in error state <*>,2005-12-04 20:47:16,,,,1,True,False,False,FAILURE
1036,2005-12-04,20:47:16,Info,workerEnv.init,workerEnv.init() ok /etc/httpd/conf/workers2.properties,E1036,workerEnv.init() ok /etc/httpd/conf/workers2.properties,2005-12-04 20:47:16,,,,0,False,False,False,INIT
1037,2005-12-04,20:47:16,Error,mod_jk,mod_jk child init 1 -2,E1037,mod_jk child init <*> -<*>,2005-12-04 20:47:16,,,,2,True,False,False,FAILURE
1038,2005-12-04,20:47:16,Info,workerEnv.init,workerEnv.init() ok /etc/httpd/conf/workers2.properties,E1038,workerEnv.init() ok /etc/httpd/conf/workers2.properties,2005-12-04 20:47:16,,,,0,False,False,False,INIT
1039,2005-12-04,20:47:16,Error,mod_jk,mod_jk child workerEnv in error state 9,E1039,mod_jk child workerEnv in error state <*>,2005-12-04 20:47:16,,,,1,True,False,False,FAILURE
1040,2005-12-04,20:47:17,Error,jk2_init,jk2_init() Can't find child 2085 in scoreboard,E1040,jk2_init() Can't find child <*> in scoreboard,2005-12-04 20:47:17,,,,1,True,False,False,FAILURE
1041,2005-12-04,20:47:17,Info,workerEnv.init,workerEnv.init() ok /etc/httpd/conf/workers2.properties,E1041,workerEnv.init() ok /etc/httpd/conf/workers2.properties,2005-12-04 20:47:17,,,,0,False,False,False,INIT
1042,2005-12-04,20:47:17,Error,mod_jk,mod_jk child init 1 -2,E1042,mod_jk child init <*> -<*>,2005-12-04 20:47:17,,,,2,True,False,False,FAILURE
1043,2005-12-04,20:47:17,Error,jk2_init,jk2_init() Can't find child 2086 in scoreboard,E1043,jk2_init() Can't find child <*> in scoreboard,2005-12-04 20:47:17,,,,1,True,False,False,FAILURE
1044,2005-12-04,20:47:17,Info,workerEnv.init,workerEnv.init() ok /etc/httpd/conf/workers2.properties,E1044,workerEnv.init() ok /etc/httpd/conf/workers2.properties,2005-12-04 20:47:17,,,,0,False,False,False,INIT
1045,2005-12-04,20:47:17,Error,mod_jk,mod_jk child init 1 -2,E1045,mod_jk child init <*> -<*>,2005-12-04 20:47:17,,,,2,True,False,False,FAILURE
1046,2005-12-04,20:47:17,Error,jk2_init,jk2_init() Can't find child 2087 in scoreboard,E1046,jk2_init() Can't find child <*> in scoreboard,2005-12-04 20:47:17,,,,1,True,False,False,FAILURE
1047,2005-12-04,20:47:17,Info,jk2_init,jk2_init() Found child 2084 in scoreboard slot 9,E1047,jk2_init() Found child <*> in scoreboard slot <*>,2005-12-04 20:47:17,,,,2,False,False,False,INIT
1048,2005-12-04,20:47:17,Info,workerEnv.init,workerEnv.init() ok /etc/httpd/conf/workers2.properties,E1048,workerEnv.init() ok /etc/httpd/conf/workers2.properties,2005-12-04 20:47:17,,,,0,False,False,False,INIT
1049,2005-12-04,20:47:17,Error,mod_jk,mod_jk child workerEnv in error state 7,E1049,mod_jk child workerEnv in error state <*>,2005-12-04 20:47:17,,,,1,True,False,False,FAILURE
1050,2005-12-04,20:47:17,Info,workerEnv.init,workerEnv.init() ok /etc/httpd/conf/workers2.properties,E1050,workerEnv.init() ok /etc/httpd/conf/workers2.properties,2005-12-04 20:47:17,,,,0,False,False,False,INIT
1051,2005-12-04,20:47:17,Error,mod_jk,mod_jk child init 1 -2,E1051,mod_jk child init <*> -<*>,2005-12-04 20:47:17,,,,2,True,False,False,FAILURE
1052,2005-12-05,01:04:31,Error,client,[client 218.62.18.218] Directory index forbidden by rule: /var/www/html/,E1052,[client <*>.<*>.<*>.<*>] Directory index forbidden by rule: /var/www/html/,2005-12-05 01:04:31,,,,4,True,False,False,FAILURE
1053,2005-12-05,01:30:32,Error,client,[client 211.62.201.48] Directory index forbidden by rule: /var/www/html/,E1053,[client <*>.<*>.<*>.<*>] Directory index forbidden by rule: /var/www/html/,2005-12-05 01:30:32,,,,4,True,False,False,FAILURE
1054,2005-12-05,03:21:00,Info,jk2_init,jk2_init() Found child 2760 in scoreboard slot 6,E1054,jk2_init() Found child <*> in scoreboard slot <*>,2005-12-05 03:21:00,,,,2,False,False,False,INIT
1055,2005-12-05,03:21:02,Info,workerEnv.init,workerEnv.init() ok /etc/httpd/conf/workers2.properties,E1055,workerEnv.init() ok /etc/httpd/conf/workers2.properties,2005-12-05 03:21:02,,,,0,False,False,False,INIT
1056,2005-12-05,03:21:02,Error,mod_jk,mod_jk child workerEnv in error state 6,E1056,mod_jk child workerEnv in error state <*>,2005-12-05 03:21:02,,,,1,True,False,False,FAILURE
1057,2005-12-05,03:23:21,Info,jk2_init,jk2_init() Found child 2763 in scoreboard slot 7,E1057,jk2_init() Found child <*> in scoreboard slot <*>,2005-12-05 03:23:21,,,,2,False,False,False,INIT
1058,2005-12-05,03:23:24,Info,workerEnv.init,workerEnv.init() ok /etc/httpd/conf/workers2.properties,E1058,workerEnv.init() ok /etc/httpd/conf/workers2.properties,2005-12-05 03:23:24,,,,0,False,False,False,INIT
1059,2005-12-05,03:23:24,Error,mod_jk,mod_jk child workerEnv in error state 6,E1059,mod_jk child workerEnv in error state <*>,2005-12-05 03:23:24,,,,1,True,False,False,FAILURE
1060,2005-12-05,03:23:24,Error,client,[client 218.207.61.7] Directory index forbidden by rule: /var/www/html/,E1060,[client <*>.<*>.<*>.<*>] Directory index forbidden by rule: /var/www/html/,2005-12-05 03:23:24,,,,4,True,False,False,FAILURE
1061,2005-12-05,03:25:44,Info,jk2_init,jk2_init() Found child 2773 in scoreboard slot 6,E1061,jk2_init() Found child <*> in scoreboard slot <*>,2005-12-05 03:25:44,,,,2,False,False,False,INIT
1062,2005-12-05,03:25:46,Info,workerEnv.init,workerEnv.init() ok /etc/httpd/conf/workers2.properties,E1062,workerEnv.init() ok /etc/httpd/conf/workers2.properties,2005-12-05 03:25:46,,,,0,False,False,False,INIT
1063,2005-12-05,03:25:46,Error,mod_jk,mod_jk child workerEnv in error state 6,E1063,mod_jk child workerEnv in error state <*>,2005-12-05 03:25:46,,,,1,True,False,False,FAILURE
1064,2005-12-05,03:36:51,Info,jk2_init,jk2_init() Found child 2813 in scoreboard slot 7,E1064,jk2_init() Found child <*> in scoreboard slot <*>,2005-12-05 03:36:51,,,,2,False,False,False,INIT
1065,2005-12-05,03:36:51,Info,jk2_init,jk2_init() Found child 2815 in scoreboard slot 8,E1065,jk2_init() Found child <*> in scoreboard slot <*>,2005-12-05 03:36:51,,,,2,False,False,False,INIT
1066,2005-12-05,03:36:51,Info,jk2_init,jk2_init() Found child 2812 in scoreboard slot 6,E1066,jk2_init() Found child <*> in scoreboard slot <*>,2005-12-05 03:36:51,,,,2,False,False,False,INIT
1067,2005-12-05,03:36:51,Info,jk2_init,jk2_init() Found child 2811 in scoreboard slot 9,E1067,jk2_init() Found child <*> in scoreboard slot <*>,2005-12-05 03:36:51,,,,2,False,False,False,INIT
1068,2005-12-05,03:36:57,Info,workerEnv.init,workerEnv.init() ok /etc/httpd/conf/workers2.properties,E1068,workerEnv.init() ok /etc/httpd/conf/workers2.properties,2005-12-05 03:36:57,,,,0,False,False,False,INIT
1069,2005-12-05,03:36:57,Info,workerEnv.init,workerEnv.init() ok /etc/httpd/conf/workers2.properties,E1069,workerEnv.init() ok /etc/httpd/conf/workers2.properties,2005-12-05 03:36:57,,,,0,False,False,False,INIT
1070,2005-12-05,03:36:57,Info,workerEnv.init,workerEnv.init() ok /etc/httpd/conf/workers2.properties,E1070,workerEnv.init() ok /etc/httpd/conf/workers2.properties,2005-12-05 03:36:57,,,,0,False,False,False,INIT
1071,2005-12-05,03:36:57,Info,workerEnv.init,workerEnv.init() ok /etc/httpd/conf/workers2.properties,E1071,workerEnv.init() ok /etc/httpd/conf/workers2.properties,2005-12-05 03:36:57,,,,0,False,False,False,INIT
1072,2005-12-05,03:36:57,Error,mod_jk,mod_jk child workerEnv in error state 6,E1072,mod_jk child workerEnv in error state <*>,2005-12-05 03:36:57,,,,1,True,False,False,FAILURE
1073,2005-12-05,03:36:57,Error,mod_jk,mod_jk child workerEnv in error state 6,E1073,mod_jk child workerEnv in error state <*>,2005-12-05 03:36:57,,,,1,True,False,False,FAILURE
1074,2005-12-05,03:36:57,Error,mod_jk,mod_jk child workerEnv in error state 6,E1074,mod_jk child workerEnv in error state <*>,2005-12-05 03:36:57,,,,1,True,False,False,FAILURE
1075,2005-12-05,03:36:57,Error,mod_jk,mod_jk child workerEnv in error state 6,E1075,mod_jk child workerEnv in error state <*>,2005-12-05 03:36:57,,,,1,True,False,False,FAILURE
1076,2005-12-05,03:40:46,Info,jk2_init,jk2_init() Found child 2823 in scoreboard slot 9,E1076,jk2_init() Found child <*> in scoreboard slot <*>,2005-12-05 03:40:46,,,,2,False,False,False,INIT
1077,2005-12-05,03:40:55,Info,workerEnv.init,workerEnv.init() ok /etc/httpd/conf/workers2.properties,E1077,workerEnv.init() ok /etc/httpd/conf/workers2.properties,2005-12-05 03:40:55,,,,0,False,False,False,INIT
1078,2005-12-05,03:40:55,Error,mod_jk,mod_jk child workerEnv in error state 6,E1078,mod_jk child workerEnv in error state <*>,2005-12-05 03:40:55,,,,1,True,False,False,FAILURE
1079,2005-12-05,03:44:50,Info,jk2_init,jk2_init() Found child 2824 in scoreboard slot 10,E1079,jk2_init() Found child <*> in scoreboard slot <*>,2005-12-05 03:44:50,,,,2,False,False,False,INIT
1080,2005-12-05,03:44:50,Error,client,[client 168.20.198.21] Directory index forbidden by rule: /var/www/html/,E1080,[client <*>.<*>.<*>.<*>] Directory index forbidden by rule: /var/www/html/,2005-12-05 03:44:50,,,,4,True,False,False,FAILURE
1081,2005-12-05,03:44:50,Info,workerEnv.init,workerEnv.init() ok /etc/httpd/conf/workers2.properties,E1081,workerEnv.init() ok /etc/httpd/conf/workers2.properties,2005-12-05 03:44:50,,,,0,False,False,False,INIT
1082,2005-12-05,03:44:50,Error,mod_jk,mod_jk child workerEnv in error state 6,E1082,mod_jk child workerEnv in error state <*>,2005-12-05 03:44:50,,,,1,True,False,False,FAILURE
1083,2005-12-05,03:46:38,Info,jk2_init,jk2_init() Found child 2838 in scoreboard slot 10,E1083,jk2_init() Found child <*> in scoreboard slot <*>,2005-12-05 03:46:38,,,,2,False,False,False,INIT
1084,2005-12-05,03:46:38,Info,jk2_init,jk2_init() Found child 2836 in scoreboard slot 9,E1084,jk2_init() Found child <*> in scoreboard slot <*>,2005-12-05 03:46:38,,,,2,False,False,False,INIT
1085,2005-12-05,03:46:38,Info,jk2_init,jk2_init() Found child 2837 in scoreboard slot 6,E1085,jk2_init() Found child <*> in scoreboard slot <*>,2005-12-05 03:46:38,,,,2,False,False,False,INIT
1086,2005-12-05,03:46:50,Info,workerEnv.init,workerEnv.init() ok /etc/httpd/conf/workers2.properties,E1086,workerEnv.init() ok /etc/httpd/conf/workers2.properties,2005-12-05 03:46:50,,,,0,False,False,False,INIT
1087,2005-12-05,03:47:02,Info,workerEnv.init,workerEnv.init() ok /etc/httpd/conf/workers2.properties,E1087,workerEnv.init() ok /etc/httpd/conf/workers2.properties,2005-12-05 03:47:02,,,,0,False,False,False,INIT
1088,2005-12-05,03:47:19,Info,jk2_init,jk2_init() Found child 2840 in scoreboard slot 8,E1088,jk2_init() Found child <*> in scoreboard slot <*>,2005-12-05 03:47:19,,,,2,False,False,False,INIT
1089,2005-12-05,03:47:19,Info,jk2_init,jk2_init() Found child 2841 in scoreboard slot 6,E1089,jk2_init() Found child <*> in scoreboard slot <*>,2005-12-05 03:47:19,,,,2,False,False,False,INIT
1090,2005-12-05,03:47:19,Info,jk2_init,jk2_init() Found child 2842 in scoreboard slot 9,E1090,jk2_init() Found child <*> in scoreboard slot <*>,2005-12-05 03:47:19,,,,2,False,False,False,INIT
1091,2005-12-05,03:47:53,Info,jk2_init,jk2_init() Found child 2846 in scoreboard slot 9,E1091,jk2_init() Found child <*> in scoreboard slot <*>,2005-12-05 03:47:53,,,,2,False,False,False,INIT
1092,2005-12-05,03:47:53,Info,jk2_init,jk2_init() Found child 2843 in scoreboard slot 7,E1092,jk2_init() Found child <*> in scoreboard slot <*>,2005-12-05 03:47:53,,,,2,False,False,False,INIT
1093,2005-12-05,03:47:53,Info,jk2_init,jk2_init() Found child 2844 in scoreboard slot 8,E1093,jk2_init() Found child <*> in scoreboard slot <*>,2005-12-05 03:47:53,,,,2,False,False,False,INIT
1094,2005-12-05,03:47:53,Info,jk2_init,jk2_init() Found child 2845 in scoreboard slot 6,E1094,jk2_init() Found child <*> in scoreboard slot <*>,2005-12-05 03:47:53,,,,2,False,False,False,INIT
1095,2005-12-05,03:47:54,Info,workerEnv.init,workerEnv.init() ok /etc/httpd/conf/workers2.properties,E1095,workerEnv.init() ok /etc/httpd/conf/workers2.properties,2005-12-05 03:47:54,,,,0,False,False,False,INIT
1096,2005-12-05,03:47:54,Error,mod_jk,mod_jk child workerEnv in error state 8,E1096,mod_jk child workerEnv in error state <*>,2005-12-05 03:47:54,,,,1,True,False,False,FAILURE
1097,2005-12-05,03:47:54,Info,workerEnv.init,workerEnv.init() ok /etc/httpd/conf/workers2.properties,E1097,workerEnv.init() ok /etc/httpd/conf/workers2.properties,2005-12-05 03:47:54,,,,0,False,False,False,INIT
1098,2005-12-05,03:47:54,Error,mod_jk,mod_jk child workerEnv in error state 8,E1098,mod_jk child workerEnv in error state <*>,2005-12-05 03:47:54,,,,1,True,False,False,FAILURE
1099,2005-12-05,03:47:54,Info,workerEnv.init,workerEnv.init() ok /etc/httpd/conf/workers2.properties,E1099,workerEnv.init() ok /etc/httpd/conf/workers2.properties,2005-12-05 03:47:54,,,,0,False,False,False,INIT
1100,2005-12-05,03:47:54,Error,mod_jk,mod_jk child workerEnv in error state 7,E1100,mod_jk child workerEnv in error state <*>,2005-12-05 03:47:54,,,,1,True,False,False,FAILURE
1101,2005-12-05,03:47:54,Info,workerEnv.init,workerEnv.init() ok /etc/httpd/conf/workers2.properties,E1101,workerEnv.init() ok /etc/httpd/conf/workers2.properties,2005-12-05 03:47:54,,,,0,False,False,False,INIT
1102,2005-12-05,03:47:54,Error,mod_jk,mod_jk child workerEnv in error state 6,E1102,mod_jk child workerEnv in error state <*>,2005-12-05 03:47:54,,,,1,True,False,False,FAILURE
1103,2005-12-05,03:50:49,Info,jk2_init,jk2_init() Found child 2857 in scoreboard slot 9,E1103,jk2_init() Found child <*> in scoreboard slot <*>,2005-12-05 03:50:49,,,,2,False,False,False,INIT
1104,2005-12-05,03:50:50,Info,jk2_init,jk2_init() Found child 2854 in scoreboard slot 7,E1104,jk2_init() Found child <*> in scoreboard slot <*>,2005-12-05 03:50:50,,,,2,False,False,False,INIT
1105,2005-12-05,03:50:49,Info,jk2_init,jk2_init() Found child 2855 in scoreboard slot 8,E1105,jk2_init() Found child <*> in scoreboard slot <*>,2005-12-05 03:50:49,,,,2,False,False,False,INIT
1106,2005-12-05,03:50:49,Info,jk2_init,jk2_init() Found child 2856 in scoreboard slot 6,E1106,jk2_init() Found child <*> in scoreboard slot <*>,2005-12-05 03:50:49,,,,2,False,False,False,INIT
1107,2005-12-05,03:50:59,Info,workerEnv.init,workerEnv.init() ok /etc/httpd/conf/workers2.properties,E1107,workerEnv.init() ok /etc/httpd/conf/workers2.properties,2005-12-05 03:50:59,,,,0,False,False,False,INIT
1108,2005-12-05,03:50:59,Info,workerEnv.init,workerEnv.init() ok /etc/httpd/conf/workers2.properties,E1108,workerEnv.init() ok /etc/httpd/conf/workers2.properties,2005-12-05 03:50:59,,,,0,False,False,False,INIT
1109,2005-12-05,03:50:59,Info,workerEnv.init,workerEnv.init() ok /etc/httpd/conf/workers2.properties,E1109,workerEnv.init() ok /etc/httpd/conf/workers2.properties,2005-12-05 03:50:59,,,,0,False,False,False,INIT
1110,2005-12-05,03:50:59,Info,workerEnv.init,workerEnv.init() ok /etc/httpd/conf/workers2.properties,E1110,workerEnv.init() ok /etc/httpd/conf/workers2.properties,2005-12-05 03:50:59,,,,0,False,False,False,INIT
1111,2005-12-05,03:50:59,Error,mod_jk,mod_jk child workerEnv in error state 6,E1111,mod_jk child workerEnv in error state <*>,2005-12-05 03:50:59,,,,1,True,False,False,FAILURE
1112,2005-12-05,03:50:59,Error,mod_jk,mod_jk child workerEnv in error state 6,E1112,mod_jk child workerEnv in error state <*>,2005-12-05 03:50:59,,,,1,True,False,False,FAILURE
1113,2005-12-05,03:50:59,Error,mod_jk,mod_jk child workerEnv in error state 6,E1113,mod_jk child workerEnv in error state <*>,2005-12-05 03:50:59,,,,1,True,False,False,FAILURE
1114,2005-12-05,03:50:59,Error,mod_jk,mod_jk child workerEnv in error state 6,E1114,mod_jk child workerEnv in error state <*>,2005-12-05 03:50:59,,,,1,True,False,False,FAILURE
1115,2005-12-05,03:56:12,Info,jk2_init,jk2_init() Found child 2866 in scoreboard slot 7,E1115,jk2_init() Found child <*> in scoreboard slot <*>,2005-12-05 03:56:12,,,,2,False,False,False,INIT
1116,2005-12-05,03:56:12,Info,jk2_init,jk2_init() Found child 2867 in scoreboard slot 8,E1116,jk2_init() Found child <*> in scoreboard slot <*>,2005-12-05 03:56:12,,,,2,False,False,False,INIT
1117,2005-12-05,03:56:12,Info,jk2_init,jk2_init() Found child 2865 in scoreboard slot 9,E1117,jk2_init() Found child <*> in scoreboard slot <*>,2005-12-05 03:56:12,,,,2,False,False,False,INIT
1118,2005-12-05,03:56:12,Info,jk2_init,jk2_init() Found child 2864 in scoreboard slot 6,E1118,jk2_init() Found child <*> in scoreboard slot <*>,2005-12-05 03:56:12,,,,2,False,False,False,INIT
1119,2005-12-05,03:56:15,Info,workerEnv.init,workerEnv.init() ok /etc/httpd/conf/workers2.properties,E1119,workerEnv.init() ok /etc/httpd/conf/workers2.properties,2005-12-05 03:56:15,,,,0,False,False,False,INIT
1120,2005-12-05,03:56:15,Error,mod_jk,mod_jk child workerEnv in error state 6,E1120,mod_jk child workerEnv in error state <*>,2005-12-05 03:56:15,,,,1,True,False,False,FAILURE
1121,2005-12-05,03:56:15,Info,workerEnv.init,workerEnv.init() ok /etc/httpd/conf/workers2.properties,E1121,workerEnv.init() ok /etc/httpd/conf/workers2.properties,2005-12-05 03:56:15,,,,0,False,False,False,INIT
1122,2005-12-05,03:56:15,Error,mod_jk,mod_jk child workerEnv in error state 6,E1122,mod_jk child workerEnv in error state <*>,2005-12-05 03:56:15,,,,1,True,False,False,FAILURE
1123,2005-12-05,03:56:15,Info,workerEnv.init,workerEnv.init() ok /etc/httpd/conf/workers2.properties,E1123,workerEnv.init() ok /etc/httpd/conf/workers2.properties,2005-12-05 03:56:15,,,,0,False,False,False,INIT
1124,2005-12-05,03:56:15,Error,mod_jk,mod_jk child workerEnv in error state 6,E1124,mod_jk child workerEnv in error state <*>,2005-12-05 03:56:15,,,,1,True,False,False,FAILURE
1125,2005-12-05,03:56:15,Info,workerEnv.init,workerEnv.init() ok /etc/httpd/conf/workers2.properties,E1125,workerEnv.init() ok /etc/httpd/conf/workers2.properties,2005-12-05 03:56:15,,,,0,False,False,False,INIT
1126,2005-12-05,03:56:15,Error,mod_jk,mod_jk child workerEnv in error state 6,E1126,mod_jk child workerEnv in error state <*>,2005-12-05 03:56:15,,,,1,True,False,False,FAILURE
1127,2005-12-05,04:00:55,Info,jk2_init,jk2_init() Found child 2877 in scoreboard slot 10,E1127,jk2_init() Found child <*> in scoreboard slot <*>,2005-12-05 04:00:55,,,,2,False,False,False,INIT
1128,2005-12-05,04:01:18,Info,jk2_init,jk2_init() Found child 2883 in scoreboard slot 9,E1128,jk2_init() Found child <*> in scoreboard slot <*>,2005-12-05 04:01:18,,,,2,False,False,False,INIT
1129,2005-12-05,04:01:18,Info,jk2_init,jk2_init() Found child 2878 in scoreboard slot 7,E1129,jk2_init() Found child <*> in scoreboard slot <*>,2005-12-05 04:01:18,,,,2,False,False,False,INIT
1130,2005-12-05,04:01:18,Info,jk2_init,jk2_init() Found child 2880 in scoreboard slot 8,E1130,jk2_init() Found child <*> in scoreboard slot <*>,2005-12-05 04:01:18,,,,2,False,False,False,INIT
1131,2005-12-05,04:01:18,Info,jk2_init,jk2_init() Found child 2879 in scoreboard slot 6,E1131,jk2_init() Found child <*> in scoreboard slot <*>,2005-12-05 04:01:18,,,,2,False,False,False,INIT
1132,2005-12-05,04:01:23,Info,workerEnv.init,workerEnv.init() ok /etc/httpd/conf/workers2.properties,E1132,workerEnv.init() ok /etc/httpd/conf/workers2.properties,2005-12-05 04:01:23,,,,0,False,False,False,INIT
1133,2005-12-05,04:01:23,Error,mod_jk,mod_jk child workerEnv in error state 6,E1133,mod_jk child workerEnv in error state <*>,2005-12-05 04:01:23,,,,1,True,False,False,FAILURE
1134,2005-12-05,04:01:23,Info,workerEnv.init,workerEnv.init() ok /etc/httpd/conf/workers2.properties,E1134,workerEnv.init() ok /etc/httpd/conf/workers2.properties,2005-12-05 04:01:23,,,,0,False,False,False,INIT
1135,2005-12-05,04:01:23,Error,mod_jk,mod_jk child workerEnv in error state 6,E1135,mod_jk child workerEnv in error state <*>,2005-12-05 04:01:23,,,,1,True,False,False,FAILURE
1136,2005-12-05,04:01:23,Info,workerEnv.init,workerEnv.init() ok /etc/httpd/conf/workers2.properties,E1136,workerEnv.init() ok /etc/httpd/conf/workers2.properties,2005-12-05 04:01:23,,,,0,False,False,False,INIT
1137,2005-12-05,04:01:23,Error,mod_jk,mod_jk child workerEnv in error state 6,E1137,mod_jk child workerEnv in error state <*>,2005-12-05 04:01:23,,,,1,True,False,False,FAILURE
1138,2005-12-05,04:01:23,Info,workerEnv.init,workerEnv.init() ok /etc/httpd/conf/workers2.properties,E1138,workerEnv.init() ok /etc/httpd/conf/workers2.properties,2005-12-05 04:01:23,,,,0,False,False,False,INIT
1139,2005-12-05,04:01:23,Error,mod_jk,mod_jk child workerEnv in error state 6,E1139,mod_jk child workerEnv in error state <*>,2005-12-05 04:01:23,,,,1,True,False,False,FAILURE
1140,2005-12-05,04:06:19,Info,jk2_init,jk2_init() Found child 3667 in scoreboard slot 7,E1140,jk2_init() Found child <*> in scoreboard slot <*>,2005-12-05 04:06:19,,,,2,False,False,False,INIT
1141,2005-12-05,04:06:19,Info,jk2_init,jk2_init() Found child 3669 in scoreboard slot 6,E1141,jk2_init() Found child <*> in scoreboard slot <*>,2005-12-05 04:06:19,,,,2,False,False,False,INIT
1142,2005-12-05,04:06:27,Info,jk2_init,jk2_init() Found child 3670 in scoreboard slot 8,E1142,jk2_init() Found child <*> in scoreboard slot <*>,2005-12-05 04:06:27,,,,2,False,False,False,INIT
1143,2005-12-05,04:06:43,Info,workerEnv.init,workerEnv.init() ok /etc/httpd/conf/workers2.properties,E1143,workerEnv.init() ok /etc/httpd/conf/workers2.properties,2005-12-05 04:06:43,,,,0,False,False,False,INIT
1144,2005-12-05,04:06:43,Info,workerEnv.init,workerEnv.init() ok /etc/httpd/conf/workers2.properties,E1144,workerEnv.init() ok /etc/httpd/conf/workers2.properties,2005-12-05 04:06:43,,,,0,False,False,False,INIT
1145,2005-12-05,04:06:45,Error,mod_jk,mod_jk child workerEnv in error state 6,E1145,mod_jk child workerEnv in error state <*>,2005-12-05 04:06:45,,,,1,True,False,False,FAILURE
1146,2005-12-05,04:06:45,Error,mod_jk,mod_jk child workerEnv in error state 6,E1146,mod_jk child workerEnv in error state <*>,2005-12-05 04:06:45,,,,1,True,False,False,FAILURE
1147,2005-12-05,04:07:23,Info,jk2_init,jk2_init() Found child 3672 in scoreboard slot 7,E1147,jk2_init() Found child <*> in scoreboard slot <*>,2005-12-05 04:07:23,,,,2,False,False,False,INIT
1148,2005-12-05,04:07:37,Info,jk2_init,jk2_init() Found child 3673 in scoreboard slot 6,E1148,jk2_init() Found child <*> in scoreboard slot <*>,2005-12-05 04:07:37,,,,2,False,False,False,INIT
1149,2005-12-05,04:07:48,Info,jk2_init,jk2_init() Found child 3675 in scoreboard slot 9,E1149,jk2_init() Found child <*> in scoreboard slot <*>,2005-12-05 04:07:48,,,,2,False,False,False,INIT
1150,2005-12-05,04:07:48,Info,jk2_init,jk2_init() Found child 3674 in scoreboard slot 8,E1150,jk2_init() Found child <*> in scoreboard slot <*>,2005-12-05 04:07:48,,,,2,False,False,False,INIT
1151,2005-12-05,04:08:37,Info,jk2_init,jk2_init() Found child 3678 in scoreboard slot 8,E1151,jk2_init() Found child <*> in scoreboard slot <*>,2005-12-05 04:08:37,,,,2,False,False,False,INIT
1152,2005-12-05,04:08:37,Info,jk2_init,jk2_init() Found child 3681 in scoreboard slot 6,E1152,jk2_init() Found child <*> in scoreboard slot <*>,2005-12-05 04:08:37,,,,2,False,False,False,INIT
1153,2005-12-05,04:08:37,Info,jk2_init,jk2_init() Found child 3679 in scoreboard slot 9,E1153,jk2_init() Found child <*> in scoreboard slot <*>,2005-12-05 04:08:37,,,,2,False,False,False,INIT
1154,2005-12-05,04:08:37,Info,jk2_init,jk2_init() Found child 3680 in scoreboard slot 7,E1154,jk2_init() Found child <*> in scoreboard slot <*>,2005-12-05 04:08:37,,,,2,False,False,False,INIT
1155,2005-12-05,04:08:57,Info,workerEnv.init,workerEnv.init() ok /etc/httpd/conf/workers2.properties,E1155,workerEnv.init() ok /etc/httpd/conf/workers2.properties,2005-12-05 04:08:57,,,,0,False,False,False,INIT
1156,2005-12-05,04:09:32,Info,jk2_init,jk2_init() Found child 3685 in scoreboard slot 6,E1156,jk2_init() Found child <*> in scoreboard slot <*>,2005-12-05 04:09:32,,,,2,False,False,False,INIT
1157,2005-12-05,04:10:47,Info,jk2_init,jk2_init() Found child 3698 in scoreboard slot 9,E1157,jk2_init() Found child <*> in scoreboard slot <*>,2005-12-05 04:10:47,,,,2,False,False,False,INIT
1158,2005-12-05,04:10:47,Info,jk2_init,jk2_init() Found child 3690 in scoreboard slot 6,E1158,jk2_init() Found child <*> in scoreboard slot <*>,2005-12-05 04:10:47,,,,2,False,False,False,INIT
1159,2005-12-05,04:10:47,Info,jk2_init,jk2_init() Found child 3691 in scoreboard slot 8,E1159,jk2_init() Found child <*> in scoreboard slot <*>,2005-12-05 04:10:47,,,,2,False,False,False,INIT
1160,2005-12-05,04:13:54,Info,jk2_init,jk2_init() Found child 3744 in scoreboard slot 6,E1160,jk2_init() Found child <*> in scoreboard slot <*>,2005-12-05 04:13:54,,,,2,False,False,False,INIT
1161,2005-12-05,04:13:54,Info,jk2_init,jk2_init() Found child 3747 in scoreboard slot 8,E1161,jk2_init() Found child <*> in scoreboard slot <*>,2005-12-05 04:13:54,,,,2,False,False,False,INIT
1162,2005-12-05,04:13:54,Info,jk2_init,jk2_init() Found child 3754 in scoreboard slot 12,E1162,jk2_init() Found child <*> in scoreboard slot <*>,2005-12-05 04:13:54,,,,2,False,False,False,INIT
1163,2005-12-05,04:13:54,Info,jk2_init,jk2_init() Found child 3755 in scoreboard slot 13,E1163,jk2_init() Found child <*> in scoreboard slot <*>,2005-12-05 04:13:54,,,,2,False,False,False,INIT
1164,2005-12-05,04:13:54,Info,jk2_init,jk2_init() Found child 3753 in scoreboard slot 10,E1164,jk2_init() Found child <*> in scoreboard slot <*>,2005-12-05 04:13:54,,,,2,False,False,False,INIT
1165,2005-12-05,04:13:54,Info,jk2_init,jk2_init() Found child 3752 in scoreboard slot 9,E1165,jk2_init() Found child <*> in scoreboard slot <*>,2005-12-05 04:13:54,,,,2,False,False,False,INIT
1166,2005-12-05,04:13:54,Info,jk2_init,jk2_init() Found child 3746 in scoreboard slot 7,E1166,jk2_init() Found child <*> in scoreboard slot <*>,2005-12-05 04:13:54,,,,2,False,False,False,INIT
1167,2005-12-05,04:14:00,Info,workerEnv.init,workerEnv.init() ok /etc/httpd/conf/workers2.properties,E1167,workerEnv.init() ok /etc/httpd/conf/workers2.properties,2005-12-05 04:14:00,,,,0,False,False,False,INIT
1168,2005-12-05,04:14:00,Info,workerEnv.init,workerEnv.init() ok /etc/httpd/conf/workers2.properties,E1168,workerEnv.init() ok /etc/httpd/conf/workers2.properties,2005-12-05 04:14:00,,,,0,False,False,False,INIT
1169,2005-12-05,04:14:00,Error,mod_jk,mod_jk child workerEnv in error state 9,E1169,mod_jk child workerEnv in error state <*>,2005-12-05 04:14:00,,,,1,True,False,False,FAILURE
1170,2005-12-05,04:14:00,Info,workerEnv.init,workerEnv.init() ok /etc/httpd/conf/workers2.properties,E1170,workerEnv.init() ok /etc/httpd/conf/workers2.properties,2005-12-05 04:14:00,,,,0,False,False,False,INIT
1171,2005-12-05,04:14:00,Error,mod_jk,mod_jk child workerEnv in error state 8,E1171,mod_jk child workerEnv in error state <*>,2005-12-05 04:14:00,,,,1,True,False,False,FAILURE
1172,2005-12-05,04:14:00,Info,workerEnv.init,workerEnv.init() ok /etc/httpd/conf/workers2.properties,E1172,workerEnv.init() ok /etc/httpd/conf/workers2.properties,2005-12-05 04:14:00,,,,0,False,False,False,INIT
1173,2005-12-05,04:14:00,Error,mod_jk,mod_jk child workerEnv in error state 6,E1173,mod_jk child workerEnv in error state <*>,2005-12-05 04:14:00,,,,1,True,False,False,FAILURE
1174,2005-12-05,04:14:00,Info,workerEnv.init,workerEnv.init() ok /etc/httpd/conf/workers2.properties,E1174,workerEnv.init() ok /etc/httpd/conf/workers2.properties,2005-12-05 04:14:00,,,,0,False,False,False,INIT
1175,2005-12-05,04:14:00,Error,mod_jk,mod_jk child workerEnv in error state 9,E1175,mod_jk child workerEnv in error state <*>,2005-12-05 04:14:00,,,,1,True,False,False,FAILURE
1176,2005-12-05,04:14:00,Info,workerEnv.init,workerEnv.init() ok /etc/httpd/conf/workers2.properties,E1176,workerEnv.init() ok /etc/httpd/conf/workers2.properties,2005-12-05 04:14:00,,,,0,False,False,False,INIT
1177,2005-12-05,04:14:00,Error,mod_jk,mod_jk child workerEnv in error state 6,E1177,mod_jk child workerEnv in error state <*>,2005-12-05 04:14:00,,,,1,True,False,False,FAILURE
1178,2005-12-05,04:14:00,Info,workerEnv.init,workerEnv.init() ok /etc/httpd/conf/workers2.properties,E1178,workerEnv.init() ok /etc/httpd/conf/workers2.properties,2005-12-05 04:14:00,,,,0,False,False,False,INIT
1179,2005-12-05,04:14:00,Error,mod_jk,mod_jk child workerEnv in error state 10,E1179,mod_jk child workerEnv in error state <*>,2005-12-05 04:14:00,,,,1,True,False,False,FAILURE
1180,2005-12-05,04:14:00,Error,mod_jk,mod_jk child workerEnv in error state 9,E1180,mod_jk child workerEnv in error state <*>,2005-12-05 04:14:00,,,,1,True,False,False,FAILURE
1181,2005-12-05,05:06:42,Info,jk2_init,jk2_init() Found child 4596 in scoreboard slot 8,E1181,jk2_init() Found child <*> in scoreboard slot <*>,2005-12-05 05:06:42,,,,2,False,False,False,INIT
1182,2005-12-05,05:06:42,Info,jk2_init,jk2_init() Found child 4595 in scoreboard slot 7,E1182,jk2_init() Found child <*> in scoreboard slot <*>,2005-12-05 05:06:42,,,,2,False,False,False,INIT
1183,2005-12-05,05:06:42,Info,jk2_init,jk2_init() Found child 4594 in scoreboard slot 6,E1183,jk2_init() Found child <*> in scoreboard slot <*>,2005-12-05 05:06:42,,,,2,False,False,False,INIT
1184,2005-12-05,05:06:47,Info,workerEnv.init,workerEnv.init() ok /etc/httpd/conf/workers2.properties,E1184,workerEnv.init() ok /etc/httpd/conf/workers2.properties,2005-12-05 05:06:47,,,,0,False,False,False,INIT
1185,2005-12-05,05:06:47,Info,workerEnv.init,workerEnv.init() ok /etc/httpd/conf/workers2.properties,E1185,workerEnv.init() ok /etc/httpd/conf/workers2.properties,2005-12-05 05:06:47,,,,0,False,False,False,INIT
1186,2005-12-05,05:06:47,Info,workerEnv.init,workerEnv.init() ok /etc/httpd/conf/workers2.properties,E1186,workerEnv.init() ok /etc/httpd/conf/workers2.properties,2005-12-05 05:06:47,,,,0,False,False,False,INIT
1187,2005-12-05,05:06:47,Error,mod_jk,mod_jk child workerEnv in error state 6,E1187,mod_jk child workerEnv in error state <*>,2005-12-05 05:06:47,,,,1,True,False,False,FAILURE
1188,2005-12-05,05:06:47,Error,mod_jk,mod_jk child workerEnv in error state 6,E1188,mod_jk child workerEnv in error state <*>,2005-12-05 05:06:47,,,,1,True,False,False,FAILURE
1189,2005-12-05,05:06:47,Error,mod_jk,mod_jk child workerEnv in error state 6,E1189,mod_jk child workerEnv in error state <*>,2005-12-05 05:06:47,,,,1,True,False,False,FAILURE
1190,2005-12-05,05:11:04,Info,jk2_init,jk2_init() Found child 4609 in scoreboard slot 7,E1190,jk2_init() Found child <*> in scoreboard slot <*>,2005-12-05 05:11:04,,,,2,False,False,False,INIT
1191,2005-12-05,05:11:04,Info,jk2_init,jk2_init() Found child 4608 in scoreboard slot 6,E1191,jk2_init() Found child <*> in scoreboard slot <*>,2005-12-05 05:11:04,,,,2,False,False,False,INIT
1192,2005-12-05,05:11:34,Info,jk2_init,jk2_init() Found child 4611 in scoreboard slot 9,E1192,jk2_init() Found child <*> in scoreboard slot <*>,2005-12-05 05:11:34,,,,2,False,False,False,INIT
1193,2005-12-05,05:11:54,Info,jk2_init,jk2_init() Found child 4613 in scoreboard slot 7,E1193,jk2_init() Found child <*> in scoreboard slot <*>,2005-12-05 05:11:54,,,,2,False,False,False,INIT
1194,2005-12-05,05:11:54,Info,jk2_init,jk2_init() Found child 4612 in scoreboard slot 6,E1194,jk2_init() Found child <*> in scoreboard slot <*>,2005-12-05 05:11:54,,,,2,False,False,False,INIT
1195,2005-12-05,05:12:32,Info,jk2_init,jk2_init() Found child 4615 in scoreboard slot 9,E1195,jk2_init() Found child <*> in scoreboard slot <*>,2005-12-05 05:12:32,,,,2,False,False,False,INIT
1196,2005-12-05,05:12:56,Info,jk2_init,jk2_init() Found child 4616 in scoreboard slot 6,E1196,jk2_init() Found child <*> in scoreboard slot <*>,2005-12-05 05:12:56,,,,2,False,False,False,INIT
1197,2005-12-05,05:12:56,Info,jk2_init,jk2_init() Found child 4617 in scoreboard slot 7,E1197,jk2_init() Found child <*> in scoreboard slot <*>,2005-12-05 05:12:56,,,,2,False,False,False,INIT
1198,2005-12-05,05:12:56,Info,jk2_init,jk2_init() Found child 4618 in scoreboard slot 8,E1198,jk2_init() Found child <*> in scoreboard slot <*>,2005-12-05 05:12:56,,,,2,False,False,False,INIT
1199,2005-12-05,05:15:29,Info,jk2_init,jk2_init() Found child 4634 in scoreboard slot 6,E1199,jk2_init() Found child <*> in scoreboard slot <*>,2005-12-05 05:15:29,,,,2,False,False,False,INIT
1200,2005-12-05,05:15:29,Info,jk2_init,jk2_init() Found child 4637 in scoreboard slot 7,E1200,jk2_init() Found child <*> in scoreboard slot <*>,2005-12-05 05:15:29,,,,2,False,False,False,INIT
1201,2005-12-05,05:15:29,Info,jk2_init,jk2_init() Found child 4631 in scoreboard slot 9,E1201,jk2_init() Found child <*> in scoreboard slot <*>,2005-12-05 05:15:29,,,,2,False,False,False,INIT
1202,2005-12-05,05:15:29,Info,jk2_init,jk2_init() Found child 4630 in scoreboard slot 8,E1202,jk2_init() Found child <*> in scoreboard slot <*>,2005-12-05 05:15:29,,,,2,False,False,False,INIT
1203,2005-12-05,05:15:33,Info,workerEnv.init,workerEnv.init() ok /etc/httpd/conf/workers2.properties,E1203,workerEnv.init() ok /etc/httpd/conf/workers2.properties,2005-12-05 05:15:33,,,,0,False,False,False,INIT
1204,2005-12-05,05:15:33,Error,mod_jk,mod_jk child workerEnv in error state 9,E1204,mod_jk child workerEnv in error state <*>,2005-12-05 05:15:33,,,,1,True,False,False,FAILURE
1205,2005-12-05,05:15:33,Info,workerEnv.init,workerEnv.init() ok /etc/httpd/conf/workers2.properties,E1205,workerEnv.init() ok /etc/httpd/conf/workers2.properties,2005-12-05 05:15:33,,,,0,False,False,False,INIT
1206,2005-12-05,05:15:33,Error,mod_jk,mod_jk child workerEnv in error state 9,E1206,mod_jk child workerEnv in error state <*>,2005-12-05 05:15:33,,,,1,True,False,False,FAILURE
1207,2005-12-05,05:15:33,Info,workerEnv.init,workerEnv.init() ok /etc/httpd/conf/workers2.properties,E1207,workerEnv.init() ok /etc/httpd/conf/workers2.properties,2005-12-05 05:15:33,,,,0,False,False,False,INIT
1208,2005-12-05,05:15:33,Error,mod_jk,mod_jk child workerEnv in error state 7,E1208,mod_jk child workerEnv in error state <*>,2005-12-05 05:15:33,,,,1,True,False,False,FAILURE
1209,2005-12-05,05:15:33,Info,workerEnv.init,workerEnv.init() ok /etc/httpd/conf/workers2.properties,E1209,workerEnv.init() ok /etc/httpd/conf/workers2.properties,2005-12-05 05:15:33,,,,0,False,False,False,INIT
1210,2005-12-05,05:15:33,Error,mod_jk,mod_jk child workerEnv in error state 8,E1210,mod_jk child workerEnv in error state <*>,2005-12-05 05:15:33,,,,1,True,False,False,FAILURE
1211,2005-12-05,06:35:27,Info,jk2_init,jk2_init() Found child 4820 in scoreboard slot 8,E1211,jk2_init() Found child <*> in scoreboard slot <*>,2005-12-05 06:35:27,,,,2,False,False,False,INIT
1212,2005-12-05,06:35:27,Info,workerEnv.init,workerEnv.init() ok /etc/httpd/conf/workers2.properties,E1212,workerEnv.init() ok /etc/httpd/conf/workers2.properties,2005-12-05 06:35:27,,,,0,False,False,False,INIT
1213,2005-12-05,06:35:27,Error,mod_jk,mod_jk child workerEnv in error state 6,E1213,mod_jk child workerEnv in error state <*>,2005-12-05 06:35:27,,,,1,True,False,False,FAILURE
1214,2005-12-05,06:36:58,Info,jk2_init,jk2_init() Found child 4821 in scoreboard slot 10,E1214,jk2_init() Found child <*> in scoreboard slot <*>,2005-12-05 06:36:58,,,,2,False,False,False,INIT
1215,2005-12-05,06:36:58,Info,workerEnv.init,workerEnv.init() ok /etc/httpd/conf/workers2.properties,E1215,workerEnv.init() ok /etc/httpd/conf/workers2.properties,2005-12-05 06:36:58,,,,0,False,False,False,INIT
1216,2005-12-05,06:36:58,Error,mod_jk,mod_jk child workerEnv in error state 6,E1216,mod_jk child workerEnv in error state <*>,2005-12-05 06:36:58,,,,1,True,False,False,FAILURE
1217,2005-12-05,06:36:59,Error,client,[client 221.232.178.24] Directory index forbidden by rule: /var/www/html/,E1217,[client <*>.<*>.<*>.<*>] Directory index forbidden by rule: /var/www/html/,2005-12-05 06:36:59,,,,4,True,False,False,FAILURE
1218,2005-12-05,07:16:00,Info,jk2_init,jk2_init() Found child 4893 in scoreboard slot 7,E1218,jk2_init() Found child <*> in scoreboard slot <*>,2005-12-05 07:16:00,,,,2,False,False,False,INIT
1219,2005-12-05,07:16:00,Info,jk2_init,jk2_init() Found child 4892 in scoreboard slot 6,E1219,jk2_init() Found child <*> in scoreboard slot <*>,2005-12-05 07:16:00,,,,2,False,False,False,INIT
1220,2005-12-05,07:16:03,Info,workerEnv.init,workerEnv.init() ok /etc/httpd/conf/workers2.properties,E1220,workerEnv.init() ok /etc/httpd/conf/workers2.properties,2005-12-05 07:16:03,,,,0,False,False,False,INIT
1221,2005-12-05,07:16:03,Error,mod_jk,mod_jk child workerEnv in error state 6,E1221,mod_jk child workerEnv in error state <*>,2005-12-05 07:16:03,,,,1,True,False,False,FAILURE
1222,2005-12-05,07:16:03,Info,workerEnv.init,workerEnv.init() ok /etc/httpd/conf/workers2.properties,E1222,workerEnv.init() ok /etc/httpd/conf/workers2.properties,2005-12-05 07:16:03,,,,0,False,False,False,INIT
1223,2005-12-05,07:16:03,Error,mod_jk,mod_jk child workerEnv in error state 6,E1223,mod_jk child workerEnv in error state <*>,2005-12-05 07:16:03,,,,1,True,False,False,FAILURE
1224,2005-12-05,07:21:03,Info,jk2_init,jk2_init() Found child 4907 in scoreboard slot 6,E1224,jk2_init() Found child <*> in scoreboard slot <*>,2005-12-05 07:21:03,,,,2,False,False,False,INIT
1225,2005-12-05,07:21:02,Info,jk2_init,jk2_init() Found child 4906 in scoreboard slot 9,E1225,jk2_init() Found child <*> in scoreboard slot <*>,2005-12-05 07:21:02,,,,2,False,False,False,INIT
1226,2005-12-05,07:21:02,Info,jk2_init,jk2_init() Found child 4905 in scoreboard slot 8,E1226,jk2_init() Found child <*> in scoreboard slot <*>,2005-12-05 07:21:02,,,,2,False,False,False,INIT
1227,2005-12-05,07:21:09,Info,workerEnv.init,workerEnv.init() ok /etc/httpd/conf/workers2.properties,E1227,workerEnv.init() ok /etc/httpd/conf/workers2.properties,2005-12-05 07:21:09,,,,0,False,False,False,INIT
1228,2005-12-05,07:21:09,Info,workerEnv.init,workerEnv.init() ok /etc/httpd/conf/workers2.properties,E1228,workerEnv.init() ok /etc/httpd/conf/workers2.properties,2005-12-05 07:21:09,,,,0,False,False,False,INIT
1229,2005-12-05,07:21:09,Error,mod_jk,mod_jk child workerEnv in error state 6,E1229,mod_jk child workerEnv in error state <*>,2005-12-05 07:21:09,,,,1,True,False,False,FAILURE
1230,2005-12-05,07:21:09,Error,mod_jk,mod_jk child workerEnv in error state 6,E1230,mod_jk child workerEnv in error state <*>,2005-12-05 07:21:09,,,,1,True,False,False,FAILURE
1231,2005-12-05,07:21:09,Info,workerEnv.init,workerEnv.init() ok /etc/httpd/conf/workers2.properties,E1231,workerEnv.init() ok /etc/httpd/conf/workers2.properties,2005-12-05 07:21:09,,,,0,False,False,False,INIT
1232,2005-12-05,07:21:09,Error,mod_jk,mod_jk child workerEnv in error state 6,E1232,mod_jk child workerEnv in error state <*>,2005-12-05 07:21:09,,,,1,True,False,False,FAILURE
1233,2005-12-05,07:25:55,Info,jk2_init,jk2_init() Found child 4916 in scoreboard slot 8,E1233,jk2_init() Found child <*> in scoreboard slot <*>,2005-12-05 07:25:55,,,,2,False,False,False,INIT
1234,2005-12-05,07:25:55,Info,jk2_init,jk2_init() Found child 4917 in scoreboard slot 9,E1234,jk2_init() Found child <*> in scoreboard slot <*>,2005-12-05 07:25:55,,,,2,False,False,False,INIT
1235,2005-12-05,07:25:55,Info,jk2_init,jk2_init() Found child 4915 in scoreboard slot 7,E1235,jk2_init() Found child <*> in scoreboard slot <*>,2005-12-05 07:25:55,,,,2,False,False,False,INIT
1236,2005-12-05,07:25:59,Info,workerEnv.init,workerEnv.init() ok /etc/httpd/conf/workers2.properties,E1236,workerEnv.init() ok /etc/httpd/conf/workers2.properties,2005-12-05 07:25:59,,,,0,False,False,False,INIT
1237,2005-12-05,07:25:59,Info,workerEnv.init,workerEnv.init() ok /etc/httpd/conf/workers2.properties,E1237,workerEnv.init() ok /etc/httpd/conf/workers2.properties,2005-12-05 07:25:59,,,,0,False,False,False,INIT
1238,2005-12-05,07:25:59,Info,workerEnv.init,workerEnv.init() ok /etc/httpd/conf/workers2.properties,E1238,workerEnv.init() ok /etc/httpd/conf/workers2.properties,2005-12-05 07:25:59,,,,0,False,False,False,INIT
1239,2005-12-05,07:26:00,Error,mod_jk,mod_jk child workerEnv in error state 6,E1239,mod_jk child workerEnv in error state <*>,2005-12-05 07:26:00,,,,1,True,False,False,FAILURE
1240,2005-12-05,07:26:00,Error,mod_jk,mod_jk child workerEnv in error state 6,E1240,mod_jk child workerEnv in error state <*>,2005-12-05 07:26:00,,,,1,True,False,False,FAILURE
1241,2005-12-05,07:26:00,Error,mod_jk,mod_jk child workerEnv in error state 6,E1241,mod_jk child workerEnv in error state <*>,2005-12-05 07:26:00,,,,1,True,False,False,FAILURE
1242,2005-12-05,07:31:22,Info,jk2_init,jk2_init() Found child 4932 in scoreboard slot 6,E1242,jk2_init() Found child <*> in scoreboard slot <*>,2005-12-05 07:31:22,,,,2,False,False,False,INIT
1243,2005-12-05,07:32:03,Info,jk2_init,jk2_init() Found child 4938 in scoreboard slot 8,E1243,jk2_init() Found child <*> in scoreboard slot <*>,2005-12-05 07:32:03,,,,2,False,False,False,INIT
1244,2005-12-05,07:32:03,Info,jk2_init,jk2_init() Found child 4935 in scoreboard slot 9,E1244,jk2_init() Found child <*> in scoreboard slot <*>,2005-12-05 07:32:03,,,,2,False,False,False,INIT
1245,2005-12-05,07:32:03,Info,jk2_init,jk2_init() Found child 4936 in scoreboard slot 6,E1245,jk2_init() Found child <*> in scoreboard slot <*>,2005-12-05 07:32:03,,,,2,False,False,False,INIT
1246,2005-12-05,07:32:03,Info,jk2_init,jk2_init() Found child 4937 in scoreboard slot 7,E1246,jk2_init() Found child <*> in scoreboard slot <*>,2005-12-05 07:32:03,,,,2,False,False,False,INIT
1247,2005-12-05,07:32:06,Info,workerEnv.init,workerEnv.init() ok /etc/httpd/conf/workers2.properties,E1247,workerEnv.init() ok /etc/httpd/conf/workers2.properties,2005-12-05 07:32:06,,,,0,False,False,False,INIT
1248,2005-12-05,07:32:06,Error,mod_jk,mod_jk child workerEnv in error state 6,E1248,mod_jk child workerEnv in error state <*>,2005-12-05 07:32:06,,,,1,True,False,False,FAILURE
1249,2005-12-05,07:32:06,Info,workerEnv.init,workerEnv.init() ok /etc/httpd/conf/workers2.properties,E1249,workerEnv.init() ok /etc/httpd/conf/workers2.properties,2005-12-05 07:32:06,,,,0,False,False,False,INIT
1250,2005-12-05,07:32:06,Error,mod_jk,mod_jk child workerEnv in error state 6,E1250,mod_jk child workerEnv in error state <*>,2005-12-05 07:32:06,,,,1,True,False,False,FAILURE
1251,2005-12-05,07:32:06,Info,workerEnv.init,workerEnv.init() ok /etc/httpd/conf/workers2.properties,E1251,workerEnv.init() ok /etc/httpd/conf/workers2.properties,2005-12-05 07:32:06,,,,0,False,False,False,INIT
1252,2005-12-05,07:32:06,Error,mod_jk,mod_jk child workerEnv in error state 6,E1252,mod_jk child workerEnv in error state <*>,2005-12-05 07:32:06,,,,1,True,False,False,FAILURE
1253,2005-12-05,07:32:06,Info,workerEnv.init,workerEnv.init() ok /etc/httpd/conf/workers2.properties,E1253,workerEnv.init() ok /etc/httpd/conf/workers2.properties,2005-12-05 07:32:06,,,,0,False,False,False,INIT
1254,2005-12-05,07:32:06,Error,mod_jk,mod_jk child workerEnv in error state 6,E1254,mod_jk child workerEnv in error state <*>,2005-12-05 07:32:06,,,,1,True,False,False,FAILURE
1255,2005-12-05,07:36:19,Info,jk2_init,jk2_init() Found child 4950 in scoreboard slot 7,E1255,jk2_init() Found child <*> in scoreboard slot <*>,2005-12-05 07:36:19,,,,2,False,False,False,INIT
1256,2005-12-05,07:37:47,Info,jk2_init,jk2_init() Found child 4961 in scoreboard slot 6,E1256,jk2_init() Found child <*> in scoreboard slot <*>,2005-12-05 07:37:47,,,,2,False,False,False,INIT
1257,2005-12-05,07:37:48,Info,jk2_init,jk2_init() Found child 4962 in scoreboard slot 7,E1257,jk2_init() Found child <*> in scoreboard slot <*>,2005-12-05 07:37:48,,,,2,False,False,False,INIT
1258,2005-12-05,07:37:48,Info,jk2_init,jk2_init() Found child 4960 in scoreboard slot 9,E1258,jk2_init() Found child <*> in scoreboard slot <*>,2005-12-05 07:37:48,,,,2,False,False,False,INIT
1259,2005-12-05,07:37:48,Info,jk2_init,jk2_init() Found child 4959 in scoreboard slot 8,E1259,jk2_init() Found child <*> in scoreboard slot <*>,2005-12-05 07:37:48,,,,2,False,False,False,INIT
1260,2005-12-05,07:37:58,Info,workerEnv.init,workerEnv.init() ok /etc/httpd/conf/workers2.properties,E1260,workerEnv.init() ok /etc/httpd/conf/workers2.properties,2005-12-05 07:37:58,,,,0,False,False,False,INIT
1261,2005-12-05,07:37:58,Info,workerEnv.init,workerEnv.init() ok /etc/httpd/conf/workers2.properties,E1261,workerEnv.init() ok /etc/httpd/conf/workers2.properties,2005-12-05 07:37:58,,,,0,False,False,False,INIT
1262,2005-12-05,07:37:58,Info,workerEnv.init,workerEnv.init() ok /etc/httpd/conf/workers2.properties,E1262,workerEnv.init() ok /etc/httpd/conf/workers2.properties,2005-12-05 07:37:58,,,,0,False,False,False,INIT
1263,2005-12-05,07:37:58,Info,workerEnv.init,workerEnv.init() ok /etc/httpd/conf/workers2.properties,E1263,workerEnv.init() ok /etc/httpd/conf/workers2.properties,2005-12-05 07:37:58,,,,0,False,False,False,INIT
1264,2005-12-05,07:37:58,Error,mod_jk,mod_jk child workerEnv in error state 6,E1264,mod_jk child workerEnv in error state <*>,2005-12-05 07:37:58,,,,1,True,False,False,FAILURE
1265,2005-12-05,07:37:58,Error,mod_jk,mod_jk child workerEnv in error state 6,E1265,mod_jk child workerEnv in error state <*>,2005-12-05 07:37:58,,,,1,True,False,False,FAILURE
1266,2005-12-05,07:37:58,Error,mod_jk,mod_jk child workerEnv in error state 6,E1266,mod_jk child workerEnv in error state <*>,2005-12-05 07:37:58,,,,1,True,False,False,FAILURE
1267,2005-12-05,07:37:58,Error,mod_jk,mod_jk child workerEnv in error state 6,E1267,mod_jk child workerEnv in error state <*>,2005-12-05 07:37:58,,,,1,True,False,False,FAILURE
1268,2005-12-05,07:41:07,Info,jk2_init,jk2_init() Found child 4974 in scoreboard slot 9,E1268,jk2_init() Found child <*> in scoreboard slot <*>,2005-12-05 07:41:07,,,,2,False,False,False,INIT
1269,2005-12-05,07:41:35,Info,jk2_init,jk2_init() Found child 4975 in scoreboard slot 6,E1269,jk2_init() Found child <*> in scoreboard slot <*>,2005-12-05 07:41:35,,,,2,False,False,False,INIT
1270,2005-12-05,07:41:50,Info,jk2_init,jk2_init() Found child 4977 in scoreboard slot 8,E1270,jk2_init() Found child <*> in scoreboard slot <*>,2005-12-05 07:41:50,,,,2,False,False,False,INIT
1271,2005-12-05,07:41:50,Info,jk2_init,jk2_init() Found child 4976 in scoreboard slot 7,E1271,jk2_init() Found child <*> in scoreboard slot <*>,2005-12-05 07:41:50,,,,2,False,False,False,INIT
1272,2005-12-05,07:43:07,Info,jk2_init,jk2_init() Found child 4984 in scoreboard slot 7,E1272,jk2_init() Found child <*> in scoreboard slot <*>,2005-12-05 07:43:07,,,,2,False,False,False,INIT
1273,2005-12-05,07:43:08,Info,jk2_init,jk2_init() Found child 4985 in scoreboard slot 10,E1273,jk2_init() Found child <*> in scoreboard slot <*>,2005-12-05 07:43:08,,,,2,False,False,False,INIT
1274,2005-12-05,07:43:07,Info,jk2_init,jk2_init() Found child 4983 in scoreboard slot 6,E1274,jk2_init() Found child <*> in scoreboard slot <*>,2005-12-05 07:43:07,,,,2,False,False,False,INIT
1275,2005-12-05,07:43:15,Info,workerEnv.init,workerEnv.init() ok /etc/httpd/conf/workers2.properties,E1275,workerEnv.init() ok /etc/httpd/conf/workers2.properties,2005-12-05 07:43:15,,,,0,False,False,False,INIT
1276,2005-12-05,07:43:16,Error,mod_jk,mod_jk child workerEnv in error state 7,E1276,mod_jk child workerEnv in error state <*>,2005-12-05 07:43:16,,,,1,True,False,False,FAILURE
1277,2005-12-05,07:43:15,Info,workerEnv.init,workerEnv.init() ok /etc/httpd/conf/workers2.properties,E1277,workerEnv.init() ok /etc/httpd/conf/workers2.properties,2005-12-05 07:43:15,,,,0,False,False,False,INIT
1278,2005-12-05,07:43:16,Error,mod_jk,mod_jk child workerEnv in error state 7,E1278,mod_jk child workerEnv in error state <*>,2005-12-05 07:43:16,,,,1,True,False,False,FAILURE
1279,2005-12-05,07:43:15,Info,workerEnv.init,workerEnv.init() ok /etc/httpd/conf/workers2.properties,E1279,workerEnv.init() ok /etc/httpd/conf/workers2.properties,2005-12-05 07:43:15,,,,0,False,False,False,INIT
1280,2005-12-05,07:43:16,Error,mod_jk,mod_jk child workerEnv in error state 6,E1280,mod_jk child workerEnv in error state <*>,2005-12-05 07:43:16,,,,1,True,False,False,FAILURE
1281,2005-12-05,07:43:19,Info,jk2_init,jk2_init() Found child 4986 in scoreboard slot 8,E1281,jk2_init() Found child <*> in scoreboard slot <*>,2005-12-05 07:43:19,,,,2,False,False,False,INIT
1282,2005-12-05,07:43:19,Info,workerEnv.init,workerEnv.init() ok /etc/httpd/conf/workers2.properties,E1282,workerEnv.init() ok /etc/httpd/conf/workers2.properties,2005-12-05 07:43:19,,,,0,False,False,False,INIT
1283,2005-12-05,07:43:19,Error,mod_jk,mod_jk child workerEnv in error state 7,E1283,mod_jk child workerEnv in error state <*>,2005-12-05 07:43:19,,,,1,True,False,False,FAILURE
1284,2005-12-05,07:46:01,Info,jk2_init,jk2_init() Found child 4991 in scoreboard slot 6,E1284,jk2_init() Found child <*> in scoreboard slot <*>,2005-12-05 07:46:01,,,,2,False,False,False,INIT
1285,2005-12-05,07:46:01,Info,jk2_init,jk2_init() Found child 4992 in scoreboard slot 7,E1285,jk2_init() Found child <*> in scoreboard slot <*>,2005-12-05 07:46:01,,,,2,False,False,False,INIT
1286,2005-12-05,07:46:46,Info,jk2_init,jk2_init() Found child 4996 in scoreboard slot 7,E1286,jk2_init() Found child <*> in scoreboard slot <*>,2005-12-05 07:46:46,,,,2,False,False,False,INIT
1287,2005-12-05,07:46:46,Info,jk2_init,jk2_init() Found child 4995 in scoreboard slot 6,E1287,jk2_init() Found child <*> in scoreboard slot <*>,2005-12-05 07:46:46,,,,2,False,False,False,INIT
1288,2005-12-05,07:47:13,Info,jk2_init,jk2_init() Found child 4998 in scoreboard slot 8,E1288,jk2_init() Found child <*> in scoreboard slot <*>,2005-12-05 07:47:13,,,,2,False,False,False,INIT
1289,2005-12-05,07:47:13,Info,jk2_init,jk2_init() Found child 4999 in scoreboard slot 6,E1289,jk2_init() Found child <*> in scoreboard slot <*>,2005-12-05 07:47:13,,,,2,False,False,False,INIT
1290,2005-12-05,07:47:21,Info,workerEnv.init,workerEnv.init() ok /etc/httpd/conf/workers2.properties,E1290,workerEnv.init() ok /etc/httpd/conf/workers2.properties,2005-12-05 07:47:21,,,,0,False,False,False,INIT
1291,2005-12-05,07:47:21,Info,workerEnv.init,workerEnv.init() ok /etc/httpd/conf/workers2.properties,E1291,workerEnv.init() ok /etc/httpd/conf/workers2.properties,2005-12-05 07:47:21,,,,0,False,False,False,INIT
1292,2005-12-05,07:47:21,Info,jk2_init,jk2_init() Found child 5000 in scoreboard slot 7,E1292,jk2_init() Found child <*> in scoreboard slot <*>,2005-12-05 07:47:21,,,,2,False,False,False,INIT
1293,2005-12-05,07:47:22,Error,mod_jk,mod_jk child workerEnv in error state 8,E1293,mod_jk child workerEnv in error state <*>,2005-12-05 07:47:22,,,,1,True,False,False,FAILURE
1294,2005-12-05,07:47:21,Info,jk2_init,jk2_init() Found child 5001 in scoreboard slot 9,E1294,jk2_init() Found child <*> in scoreboard slot <*>,2005-12-05 07:47:21,,,,2,False,False,False,INIT
1295,2005-12-05,07:47:23,Error,mod_jk,mod_jk child workerEnv in error state 6,E1295,mod_jk child workerEnv in error state <*>,2005-12-05 07:47:23,,,,1,True,False,False,FAILURE
1296,2005-12-05,07:47:36,Info,workerEnv.init,workerEnv.init() ok /etc/httpd/conf/workers2.properties,E1296,workerEnv.init() ok /etc/httpd/conf/workers2.properties,2005-12-05 07:47:36,,,,0,False,False,False,INIT
1297,2005-12-05,07:47:36,Info,workerEnv.init,workerEnv.init() ok /etc/httpd/conf/workers2.properties,E1297,workerEnv.init() ok /etc/httpd/conf/workers2.properties,2005-12-05 07:47:36,,,,0,False,False,False,INIT
1298,2005-12-05,07:47:40,Error,mod_jk,mod_jk child workerEnv in error state 7,E1298,mod_jk child workerEnv in error state <*>,2005-12-05 07:47:40,,,,1,True,False,False,FAILURE
1299,2005-12-05,07:47:40,Error,mod_jk,mod_jk child workerEnv in error state 8,E1299,mod_jk child workerEnv in error state <*>,2005-12-05 07:47:40,,,,1,True,False,False,FAILURE
1300,2005-12-05,07:48:04,Info,jk2_init,jk2_init() Found child 5002 in scoreboard slot 8,E1300,jk2_init() Found child <*> in scoreboard slot <*>,2005-12-05 07:48:04,,,,2,False,False,False,INIT
1301,2005-12-05,07:48:04,Info,jk2_init,jk2_init() Found child 5003 in scoreboard slot 6,E1301,jk2_init() Found child <*> in scoreboard slot <*>,2005-12-05 07:48:04,,,,2,False,False,False,INIT
1302,2005-12-05,07:48:46,Info,jk2_init,jk2_init() Found child 5005 in scoreboard slot 9,E1302,jk2_init() Found child <*> in scoreboard slot <*>,2005-12-05 07:48:46,,,,2,False,False,False,INIT
1303,2005-12-05,07:48:46,Info,jk2_init,jk2_init() Found child 5006 in scoreboard slot 8,E1303,jk2_init() Found child <*> in scoreboard slot <*>,2005-12-05 07:48:46,,,,2,False,False,False,INIT
1304,2005-12-05,07:48:55,Info,workerEnv.init,workerEnv.init() ok /etc/httpd/conf/workers2.properties,E1304,workerEnv.init() ok /etc/httpd/conf/workers2.properties,2005-12-05 07:48:55,,,,0,False,False,False,INIT
1305,2005-12-05,07:48:55,Info,workerEnv.init,workerEnv.init() ok /etc/httpd/conf/workers2.properties,E1305,workerEnv.init() ok /etc/httpd/conf/workers2.properties,2005-12-05 07:48:55,,,,0,False,False,False,INIT
1306,2005-12-05,07:48:55,Error,mod_jk,mod_jk child workerEnv in error state 6,E1306,mod_jk child workerEnv in error state <*>,2005-12-05 07:48:55,,,,1,True,False,False,FAILURE
1307,2005-12-05,07:48:55,Error,mod_jk,mod_jk child workerEnv in error state 7,E1307,mod_jk child workerEnv in error state <*>,2005-12-05 07:48:55,,,,1,True,False,False,FAILURE
1308,2005-12-05,07:48:56,Info,jk2_init,jk2_init() Found child 5007 in scoreboard slot 6,E1308,jk2_init() Found child <*> in scoreboard slot <*>,2005-12-05 07:48:56,,,,2,False,False,False,INIT
1309,2005-12-05,07:48:56,Info,jk2_init,jk2_init() Found child 5008 in scoreboard slot 7,E1309,jk2_init() Found child <*> in scoreboard slot <*>,2005-12-05 07:48:56,,,,2,False,False,False,INIT
1310,2005-12-05,07:48:56,Info,workerEnv.init,workerEnv.init() ok /etc/httpd/conf/workers2.properties,E1310,workerEnv.init() ok /etc/httpd/conf/workers2.properties,2005-12-05 07:48:56,,,,0,False,False,False,INIT
1311,2005-12-05,07:48:56,Error,mod_jk,mod_jk child workerEnv in error state 6,E1311,mod_jk child workerEnv in error state <*>,2005-12-05 07:48:56,,,,1,True,False,False,FAILURE
1312,2005-12-05,07:48:56,Info,workerEnv.init,workerEnv.init() ok /etc/httpd/conf/workers2.properties,E1312,workerEnv.init() ok /etc/httpd/conf/workers2.properties,2005-12-05 07:48:56,,,,0,False,False,False,INIT
1313,2005-12-05,07:48:56,Error,mod_jk,mod_jk child workerEnv in error state 7,E1313,mod_jk child workerEnv in error state <*>,2005-12-05 07:48:56,,,,1,True,False,False,FAILURE
1314,2005-12-05,07:50:54,Info,jk2_init,jk2_init() Found child 5017 in scoreboard slot 8,E1314,jk2_init() Found child <*> in scoreboard slot <*>,2005-12-05 07:50:54,,,,2,False,False,False,INIT
1315,2005-12-05,07:50:54,Info,jk2_init,jk2_init() Found child 5016 in scoreboard slot 9,E1315,jk2_init() Found child <*> in scoreboard slot <*>,2005-12-05 07:50:54,,,,2,False,False,False,INIT
1316,2005-12-05,07:51:22,Info,jk2_init,jk2_init() Found child 5018 in scoreboard slot 6,E1316,jk2_init() Found child <*> in scoreboard slot <*>,2005-12-05 07:51:22,,,,2,False,False,False,INIT
1317,2005-12-05,07:51:20,Info,workerEnv.init,workerEnv.init() ok /etc/httpd/conf/workers2.properties,E1317,workerEnv.init() ok /etc/httpd/conf/workers2.properties,2005-12-05 07:51:20,,,,0,False,False,False,INIT
1318,2005-12-05,07:51:23,Error,mod_jk,mod_jk child workerEnv in error state 6,E1318,mod_jk child workerEnv in error state <*>,2005-12-05 07:51:23,,,,1,True,False,False,FAILURE
1319,2005-12-05,07:51:39,Info,jk2_init,jk2_init() Found child 5020 in scoreboard slot 9,E1319,jk2_init() Found child <*> in scoreboard slot <*>,2005-12-05 07:51:39,,,,2,False,False,False,INIT
1320,2005-12-05,07:51:39,Info,jk2_init,jk2_init() Found child 5019 in scoreboard slot 7,E1320,jk2_init() Found child <*> in scoreboard slot <*>,2005-12-05 07:51:39,,,,2,False,False,False,INIT
1321,2005-12-05,07:51:56,Info,workerEnv.init,workerEnv.init() ok /etc/httpd/conf/workers2.properties,E1321,workerEnv.init() ok /etc/httpd/conf/workers2.properties,2005-12-05 07:51:56,,,,0,False,False,False,INIT
1322,2005-12-05,07:51:56,Info,workerEnv.init,workerEnv.init() ok /etc/httpd/conf/workers2.properties,E1322,workerEnv.init() ok /etc/httpd/conf/workers2.properties,2005-12-05 07:51:56,,,,0,False,False,False,INIT
1323,2005-12-05,07:52:02,Error,mod_jk,mod_jk child workerEnv in error state 6,E1323,mod_jk child workerEnv in error state <*>,2005-12-05 07:52:02,,,,1,True,False,False,FAILURE
1324,2005-12-05,07:52:02,Error,mod_jk,mod_jk child workerEnv in error state 7,E1324,mod_jk child workerEnv in error state <*>,2005-12-05 07:52:02,,,,1,True,False,False,FAILURE
1325,2005-12-05,07:52:29,Info,jk2_init,jk2_init() Found child 5021 in scoreboard slot 8,E1325,jk2_init() Found child <*> in scoreboard slot <*>,2005-12-05 07:52:29,,,,2,False,False,False,INIT
1326,2005-12-05,07:52:29,Info,jk2_init,jk2_init() Found child 5022 in scoreboard slot 6,E1326,jk2_init() Found child <*> in scoreboard slot <*>,2005-12-05 07:52:29,,,,2,False,False,False,INIT
1327,2005-12-05,07:52:56,Info,jk2_init,jk2_init() Found child 5024 in scoreboard slot 9,E1327,jk2_init() Found child <*> in scoreboard slot <*>,2005-12-05 07:52:56,,,,2,False,False,False,INIT
1328,2005-12-05,07:52:56,Info,jk2_init,jk2_init() Found child 5023 in scoreboard slot 7,E1328,jk2_init() Found child <*> in scoreboard slot <*>,2005-12-05 07:52:56,,,,2,False,False,False,INIT
1329,2005-12-05,07:52:55,Info,workerEnv.init,workerEnv.init() ok /etc/httpd/conf/workers2.properties,E1329,workerEnv.init() ok /etc/httpd/conf/workers2.properties,2005-12-05 07:52:55,,,,0,False,False,False,INIT
1330,2005-12-05,07:53:01,Error,mod_jk,mod_jk child workerEnv in error state 7,E1330,mod_jk child workerEnv in error state <*>,2005-12-05 07:53:01,,,,1,True,False,False,FAILURE
1331,2005-12-05,07:53:24,Info,workerEnv.init,workerEnv.init() ok /etc/httpd/conf/workers2.properties,E1331,workerEnv.init() ok /etc/httpd/conf/workers2.properties,2005-12-05 07:53:24,,,,0,False,False,False,INIT
1332,2005-12-05,07:54:01,Info,jk2_init,jk2_init() Found child 5029 in scoreboard slot 8,E1332,jk2_init() Found child <*> in scoreboard slot <*>,2005-12-05 07:54:01,,,,2,False,False,False,INIT
1333,2005-12-05,07:54:02,Info,jk2_init,jk2_init() Found child 5030 in scoreboard slot 6,E1333,jk2_init() Found child <*> in scoreboard slot <*>,2005-12-05 07:54:02,,,,2,False,False,False,INIT
1334,2005-12-05,07:54:48,Info,jk2_init,jk2_init() Found child 5033 in scoreboard slot 8,E1334,jk2_init() Found child <*> in scoreboard slot <*>,2005-12-05 07:54:48,,,,2,False,False,False,INIT
1335,2005-12-05,07:54:48,Info,jk2_init,jk2_init() Found child 5032 in scoreboard slot 9,E1335,jk2_init() Found child <*> in scoreboard slot <*>,2005-12-05 07:54:48,,,,2,False,False,False,INIT
1336,2005-12-05,07:55:00,Info,jk2_init,jk2_init() Found child 5035 in scoreboard slot 7,E1336,jk2_init() Found child <*> in scoreboard slot <*>,2005-12-05 07:55:00,,,,2,False,False,False,INIT
1337,2005-12-05,07:55:00,Info,jk2_init,jk2_init() Found child 5034 in scoreboard slot 6,E1337,jk2_init() Found child <*> in scoreboard slot <*>,2005-12-05 07:55:00,,,,2,False,False,False,INIT
1338,2005-12-05,07:55:07,Info,workerEnv.init,workerEnv.init() ok /etc/httpd/conf/workers2.properties,E1338,workerEnv.init() ok /etc/httpd/conf/workers2.properties,2005-12-05 07:55:07,,,,0,False,False,False,INIT
1339,2005-12-05,07:55:08,Error,mod_jk,mod_jk child workerEnv in error state 8,E1339,mod_jk child workerEnv in error state <*>,2005-12-05 07:55:08,,,,1,True,False,False,FAILURE
1340,2005-12-05,07:55:07,Info,workerEnv.init,workerEnv.init() ok /etc/httpd/conf/workers2.properties,E1340,workerEnv.init() ok /etc/httpd/conf/workers2.properties,2005-12-05 07:55:07,,,,0,False,False,False,INIT
1341,2005-12-05,07:55:08,Error,mod_jk,mod_jk child workerEnv in error state 7,E1341,mod_jk child workerEnv in error state <*>,2005-12-05 07:55:08,,,,1,True,False,False,FAILURE
1342,2005-12-05,07:55:07,Info,workerEnv.init,workerEnv.init() ok /etc/httpd/conf/workers2.properties,E1342,workerEnv.init() ok /etc/httpd/conf/workers2.properties,2005-12-05 07:55:07,,,,0,False,False,False,INIT
1343,2005-12-05,07:55:08,Error,mod_jk,mod_jk child workerEnv in error state 7,E1343,mod_jk child workerEnv in error state <*>,2005-12-05 07:55:08,,,,1,True,False,False,FAILURE
1344,2005-12-05,07:55:13,Info,jk2_init,jk2_init() Found child 5036 in scoreboard slot 9,E1344,jk2_init() Found child <*> in scoreboard slot <*>,2005-12-05 07:55:13,,,,2,False,False,False,INIT
1345,2005-12-05,07:57:01,Info,jk2_init,jk2_init() Found child 5050 in scoreboard slot 8,E1345,jk2_init() Found child <*> in scoreboard slot <*>,2005-12-05 07:57:01,,,,2,False,False,False,INIT
1346,2005-12-05,07:57:01,Info,jk2_init,jk2_init() Found child 5049 in scoreboard slot 7,E1346,jk2_init() Found child <*> in scoreboard slot <*>,2005-12-05 07:57:01,,,,2,False,False,False,INIT
1347,2005-12-05,07:57:01,Info,jk2_init,jk2_init() Found child 5048 in scoreboard slot 6,E1347,jk2_init() Found child <*> in scoreboard slot <*>,2005-12-05 07:57:01,,,,2,False,False,False,INIT
1348,2005-12-05,07:57:02,Info,jk2_init,jk2_init() Found child 5051 in scoreboard slot 9,E1348,jk2_init() Found child <*> in scoreboard slot <*>,2005-12-05 07:57:02,,,,2,False,False,False,INIT
1349,2005-12-05,07:57:02,Error,jk2_init,jk2_init() Can't find child 5053 in scoreboard,E1349,jk2_init() Can't find child <*> in scoreboard,2005-12-05 07:57:02,,,,1,True,False,False,FAILURE
1350,2005-12-05,07:57:02,Error,jk2_init,jk2_init() Can't find child 5054 in scoreboard,E1350,jk2_init() Can't find child <*> in scoreboard,2005-12-05 07:57:02,,,,1,True,False,False,FAILURE
1351,2005-12-05,07:57:02,Info,jk2_init,jk2_init() Found child 5052 in scoreboard slot 10,E1351,jk2_init() Found child <*> in scoreboard slot <*>,2005-12-05 07:57:02,,,,2,False,False,False,INIT
1352,2005-12-05,07:57:02,Info,workerEnv.init,workerEnv.init() ok /etc/httpd/conf/workers2.properties,E1352,workerEnv.init() ok /etc/httpd/conf/workers2.properties,2005-12-05 07:57:02,,,,0,False,False,False,INIT
1353,2005-12-05,07:57:02,Error,mod_jk,mod_jk child workerEnv in error state 6,E1353,mod_jk child workerEnv in error state <*>,2005-12-05 07:57:02,,,,1,True,False,False,FAILURE
1354,2005-12-05,07:57:02,Info,workerEnv.init,workerEnv.init() ok /etc/httpd/conf/workers2.properties,E1354,workerEnv.init() ok /etc/httpd/conf/workers2.properties,2005-12-05 07:57:02,,,,0,False,False,False,INIT
1355,2005-12-05,07:57:02,Error,mod_jk,mod_jk child workerEnv in error state 6,E1355,mod_jk child workerEnv in error state <*>,2005-12-05 07:57:02,,,,1,True,False,False,FAILURE
1356,2005-12-05,07:57:02,Info,workerEnv.init,workerEnv.init() ok /etc/httpd/conf/workers2.properties,E1356,workerEnv.init() ok /etc/httpd/conf/workers2.properties,2005-12-05 07:57:02,,,,0,False,False,False,INIT
1357,2005-12-05,07:57:02,Error,mod_jk,mod_jk child workerEnv in error state 6,E1357,mod_jk child workerEnv in error state <*>,2005-12-05 07:57:02,,,,1,True,False,False,FAILURE
1358,2005-12-05,07:57:02,Info,workerEnv.init,workerEnv.init() ok /etc/httpd/conf/workers2.properties,E1358,workerEnv.init() ok /etc/httpd/conf/workers2.properties,2005-12-05 07:57:02,,,,0,False,False,False,INIT
1359,2005-12-05,07:57:02,Error,mod_jk,mod_jk child workerEnv in error state 8,E1359,mod_jk child workerEnv in error state <*>,2005-12-05 07:57:02,,,,1,True,False,False,FAILURE
1360,2005-12-05,07:57:02,Info,workerEnv.init,workerEnv.init() ok /etc/httpd/conf/workers2.properties,E1360,workerEnv.init() ok /etc/httpd/conf/workers2.properties,2005-12-05 07:57:02,,,,0,False,False,False,INIT
1361,2005-12-05,07:57:02,Error,mod_jk,mod_jk child workerEnv in error state 6,E1361,mod_jk child workerEnv in error state <*>,2005-12-05 07:57:02,,,,1,True,False,False,FAILURE
1362,2005-12-05,07:57:02,Info,workerEnv.init,workerEnv.init() ok /etc/httpd/conf/workers2.properties,E1362,workerEnv.init() ok /etc/httpd/conf/workers2.properties,2005-12-05 07:57:02,,,,0,False,False,False,INIT
1363,2005-12-05,07:57:02,Error,mod_jk,mod_jk child init 1 -2,E1363,mod_jk child init <*> -<*>,2005-12-05 07:57:02,,,,2,True,False,False,FAILURE
1364,2005-12-05,07:57:02,Info,workerEnv.init,workerEnv.init() ok /etc/httpd/conf/workers2.properties,E1364,workerEnv.init() ok /etc/httpd/conf/workers2.properties,2005-12-05 07:57:02,,,,0,False,False,False,INIT
1365,2005-12-05,07:57:02,Error,mod_jk,mod_jk child init 1 -2,E1365,mod_jk child init <*> -<*>,2005-12-05 07:57:02,,,,2,True,False,False,FAILURE
1366,2005-12-05,09:09:48,Error,client,[client 207.12.15.211] Directory index forbidden by rule: /var/www/html/,E1366,[client <*>.<*>.<*>.<*>] Directory index forbidden by rule: /var/www/html/,2005-12-05 09:09:48,,,,4,True,False,False,FAILURE
1367,2005-12-05,09:36:13,Info,jk2_init,jk2_init() Found child 5271 in scoreboard slot 7,E1367,jk2_init() Found child <*> in scoreboard slot <*>,2005-12-05 09:36:13,,,,2,False,False,False,INIT
1368,2005-12-05,09:36:13,Info,jk2_init,jk2_init() Found child 5270 in scoreboard slot 6,E1368,jk2_init() Found child <*> in scoreboard slot <*>,2005-12-05 09:36:13,,,,2,False,False,False,INIT
1369,2005-12-05,09:36:14,Info,workerEnv.init,workerEnv.init() ok /etc/httpd/conf/workers2.properties,E1369,workerEnv.init() ok /etc/httpd/conf/workers2.properties,2005-12-05 09:36:14,,,,0,False,False,False,INIT
1370,2005-12-05,09:36:14,Error,mod_jk,mod_jk child workerEnv in error state 6,E1370,mod_jk child workerEnv in error state <*>,2005-12-05 09:36:14,,,,1,True,False,False,FAILURE
1371,2005-12-05,09:36:14,Info,workerEnv.init,workerEnv.init() ok /etc/httpd/conf/workers2.properties,E1371,workerEnv.init() ok /etc/httpd/conf/workers2.properties,2005-12-05 09:36:14,,,,0,False,False,False,INIT
1372,2005-12-05,09:36:14,Error,mod_jk,mod_jk child workerEnv in error state 6,E1372,mod_jk child workerEnv in error state <*>,2005-12-05 09:36:14,,,,1,True,False,False,FAILURE
1373,2005-12-05,09:55:21,Info,jk2_init,jk2_init() Found child 5295 in scoreboard slot 8,E1373,jk2_init() Found child <*> in scoreboard slot <*>,2005-12-05 09:55:21,,,,2,False,False,False,INIT
1374,2005-12-05,09:55:21,Info,workerEnv.init,workerEnv.init() ok /etc/httpd/conf/workers2.properties,E1374,workerEnv.init() ok /etc/httpd/conf/workers2.properties,2005-12-05 09:55:21,,,,0,False,False,False,INIT
1375,2005-12-05,09:55:21,Error,mod_jk,mod_jk child workerEnv in error state 6,E1375,mod_jk child workerEnv in error state <*>,2005-12-05 09:55:21,,,,1,True,False,False,FAILURE
1376,2005-12-05,10:10:32,Info,jk2_init,jk2_init() Found child 5330 in scoreboard slot 9,E1376,jk2_init() Found child <*> in scoreboard slot <*>,2005-12-05 10:10:32,,,,2,False,False,False,INIT
1377,2005-12-05,10:10:33,Info,workerEnv.init,workerEnv.init() ok /etc/httpd/conf/workers2.properties,E1377,workerEnv.init() ok /etc/httpd/conf/workers2.properties,2005-12-05 10:10:33,,,,0,False,False,False,INIT
1378,2005-12-05,10:10:33,Error,mod_jk,mod_jk child workerEnv in error state 6,E1378,mod_jk child workerEnv in error state <*>,2005-12-05 10:10:33,,,,1,True,False,False,FAILURE
1379,2005-12-05,10:16:20,Info,jk2_init,jk2_init() Found child 5344 in scoreboard slot 7,E1379,jk2_init() Found child <*> in scoreboard slot <*>,2005-12-05 10:16:20,,,,2,False,False,False,INIT
1380,2005-12-05,10:16:52,Info,jk2_init,jk2_init() Found child 5347 in scoreboard slot 6,E1380,jk2_init() Found child <*> in scoreboard slot <*>,2005-12-05 10:16:52,,,,2,False,False,False,INIT
1381,2005-12-05,10:16:53,Info,jk2_init,jk2_init() Found child 5348 in scoreboard slot 7,E1381,jk2_init() Found child <*> in scoreboard slot <*>,2005-12-05 10:16:53,,,,2,False,False,False,INIT
1382,2005-12-05,10:17:45,Info,jk2_init,jk2_init() Found child 5350 in scoreboard slot 9,E1382,jk2_init() Found child <*> in scoreboard slot <*>,2005-12-05 10:17:45,,,,2,False,False,False,INIT
1383,2005-12-05,10:17:45,Info,jk2_init,jk2_init() Found child 5349 in scoreboard slot 8,E1383,jk2_init() Found child <*> in scoreboard slot <*>,2005-12-05 10:17:45,,,,2,False,False,False,INIT
1384,2005-12-05,10:17:49,Info,jk2_init,jk2_init() Found child 5352 in scoreboard slot 7,E1384,jk2_init() Found child <*> in scoreboard slot <*>,2005-12-05 10:17:49,,,,2,False,False,False,INIT
1385,2005-12-05,10:17:50,Info,jk2_init,jk2_init() Found child 5351 in scoreboard slot 6,E1385,jk2_init() Found child <*> in scoreboard slot <*>,2005-12-05 10:17:50,,,,2,False,False,False,INIT
1386,2005-12-05,10:17:51,Info,workerEnv.init,workerEnv.init() ok /etc/httpd/conf/workers2.properties,E1386,workerEnv.init() ok /etc/httpd/conf/workers2.properties,2005-12-05 10:17:51,,,,0,False,False,False,INIT
1387,2005-12-05,10:17:51,Info,workerEnv.init,workerEnv.init() ok /etc/httpd/conf/workers2.properties,E1387,workerEnv.init() ok /etc/httpd/conf/workers2.properties,2005-12-05 10:17:51,,,,0,False,False,False,INIT
1388,2005-12-05,10:17:51,Info,workerEnv.init,workerEnv.init() ok /etc/httpd/conf/workers2.properties,E1388,workerEnv.init() ok /etc/httpd/conf/workers2.properties,2005-12-05 10:17:51,,,,0,False,False,False,INIT
1389,2005-12-05,10:17:51,Info,workerEnv.init,workerEnv.init() ok /etc/httpd/conf/workers2.properties,E1389,workerEnv.init() ok /etc/httpd/conf/workers2.properties,2005-12-05 10:17:51,,,,0,False,False,False,INIT
1390,2005-12-05,10:17:51,Error,mod_jk,mod_jk child workerEnv in error state 6,E1390,mod_jk child workerEnv in error state <*>,2005-12-05 10:17:51,,,,1,True,False,False,FAILURE
1391,2005-12-05,10:17:51,Error,mod_jk,mod_jk child workerEnv in error state 6,E1391,mod_jk child workerEnv in error state <*>,2005-12-05 10:17:51,,,,1,True,False,False,FAILURE
1392,2005-12-05,10:17:51,Error,mod_jk,mod_jk child workerEnv in error state 7,E1392,mod_jk child workerEnv in error state <*>,2005-12-05 10:17:51,,,,1,True,False,False,FAILURE
1393,2005-12-05,10:17:51,Error,mod_jk,mod_jk child workerEnv in error state 7,E1393,mod_jk child workerEnv in error state <*>,2005-12-05 10:17:51,,,,1,True,False,False,FAILURE
1394,2005-12-05,10:21:05,Info,jk2_init,jk2_init() Found child 5366 in scoreboard slot 9,E1394,jk2_init() Found child <*> in scoreboard slot <*>,2005-12-05 10:21:05,,,,2,False,False,False,INIT
1395,2005-12-05,10:21:05,Info,jk2_init,jk2_init() Found child 5365 in scoreboard slot 8,E1395,jk2_init() Found child <*> in scoreboard slot <*>,2005-12-05 10:21:05,,,,2,False,False,False,INIT
1396,2005-12-05,10:21:05,Info,jk2_init,jk2_init() Found child 5367 in scoreboard slot 6,E1396,jk2_init() Found child <*> in scoreboard slot <*>,2005-12-05 10:21:05,,,,2,False,False,False,INIT
1397,2005-12-05,10:21:07,Info,jk2_init,jk2_init() Found child 5368 in scoreboard slot 7,E1397,jk2_init() Found child <*> in scoreboard slot <*>,2005-12-05 10:21:07,,,,2,False,False,False,INIT
1398,2005-12-05,10:21:13,Info,workerEnv.init,workerEnv.init() ok /etc/httpd/conf/workers2.properties,E1398,workerEnv.init() ok /etc/httpd/conf/workers2.properties,2005-12-05 10:21:13,,,,0,False,False,False,INIT
1399,2005-12-05,10:21:13,Info,workerEnv.init,workerEnv.init() ok /etc/httpd/conf/workers2.properties,E1399,workerEnv.init() ok /etc/httpd/conf/workers2.properties,2005-12-05 10:21:13,,,,0,False,False,False,INIT
1400,2005-12-05,10:21:13,Info,workerEnv.init,workerEnv.init() ok /etc/httpd/conf/workers2.properties,E1400,workerEnv.init() ok /etc/httpd/conf/workers2.properties,2005-12-05 10:21:13,,,,0,False,False,False,INIT
1401,2005-12-05,10:21:13,Info,workerEnv.init,workerEnv.init() ok /etc/httpd/conf/workers2.properties,E1401,workerEnv.init() ok /etc/httpd/conf/workers2.properties,2005-12-05 10:21:13,,,,0,False,False,False,INIT
1402,2005-12-05,10:21:13,Error,mod_jk,mod_jk child workerEnv in error state 6,E1402,mod_jk child workerEnv in error state <*>,2005-12-05 10:21:13,,,,1,True,False,False,FAILURE
1403,2005-12-05,10:21:13,Error,mod_jk,mod_jk child workerEnv in error state 6,E1403,mod_jk child workerEnv in error state <*>,2005-12-05 10:21:13,,,,1,True,False,False,FAILURE
1404,2005-12-05,10:21:13,Error,mod_jk,mod_jk child workerEnv in error state 6,E1404,mod_jk child workerEnv in error state <*>,2005-12-05 10:21:13,,,,1,True,False,False,FAILURE
1405,2005-12-05,10:21:13,Error,mod_jk,mod_jk child workerEnv in error state 6,E1405,mod_jk child workerEnv in error state <*>,2005-12-05 10:21:13,,,,1,True,False,False,FAILURE
1406,2005-12-05,10:26:26,Info,jk2_init,jk2_init() Found child 5384 in scoreboard slot 7,E1406,jk2_init() Found child <*> in scoreboard slot <*>,2005-12-05 10:26:26,,,,2,False,False,False,INIT
1407,2005-12-05,10:26:26,Info,jk2_init,jk2_init() Found child 5385 in scoreboard slot 8,E1407,jk2_init() Found child <*> in scoreboard slot <*>,2005-12-05 10:26:26,,,,2,False,False,False,INIT
1408,2005-12-05,10:26:25,Info,jk2_init,jk2_init() Found child 5386 in scoreboard slot 9,E1408,jk2_init() Found child <*> in scoreboard slot <*>,2005-12-05 10:26:25,,,,2,False,False,False,INIT
1409,2005-12-05,10:26:25,Info,jk2_init,jk2_init() Found child 5387 in scoreboard slot 6,E1409,jk2_init() Found child <*> in scoreboard slot <*>,2005-12-05 10:26:25,,,,2,False,False,False,INIT
1410,2005-12-05,10:26:31,Info,workerEnv.init,workerEnv.init() ok /etc/httpd/conf/workers2.properties,E1410,workerEnv.init() ok /etc/httpd/conf/workers2.properties,2005-12-05 10:26:31,,,,0,False,False,False,INIT
1411,2005-12-05,10:26:31,Error,mod_jk,mod_jk child workerEnv in error state 6,E1411,mod_jk child workerEnv in error state <*>,2005-12-05 10:26:31,,,,1,True,False,False,FAILURE
1412,2005-12-05,10:26:31,Info,workerEnv.init,workerEnv.init() ok /etc/httpd/conf/workers2.properties,E1412,workerEnv.init() ok /etc/httpd/conf/workers2.properties,2005-12-05 10:26:31,,,,0,False,False,False,INIT
1413,2005-12-05,10:26:31,Error,mod_jk,mod_jk child workerEnv in error state 6,E1413,mod_jk child workerEnv in error state <*>,2005-12-05 10:26:31,,,,1,True,False,False,FAILURE
1414,2005-12-05,10:26:31,Info,workerEnv.init,workerEnv.init() ok /etc/httpd/conf/workers2.properties,E1414,workerEnv.init() ok /etc/httpd/conf/workers2.properties,2005-12-05 10:26:31,,,,0,False,False,False,INIT
1415,2005-12-05,10:26:31,Error,mod_jk,mod_jk child workerEnv in error state 6,E1415,mod_jk child workerEnv in error state <*>,2005-12-05 10:26:31,,,,1,True,False,False,FAILURE
1416,2005-12-05,10:26:31,Info,workerEnv.init,workerEnv.init() ok /etc/httpd/conf/workers2.properties,E1416,workerEnv.init() ok /etc/httpd/conf/workers2.properties,2005-12-05 10:26:31,,,,0,False,False,False,INIT
1417,2005-12-05,10:26:31,Error,mod_jk,mod_jk child workerEnv in error state 6,E1417,mod_jk child workerEnv in error state <*>,2005-12-05 10:26:31,,,,1,True,False,False,FAILURE
1418,2005-12-05,10:26:36,Info,jk2_init,jk2_init() Found child 5388 in scoreboard slot 10,E1418,jk2_init() Found child <*> in scoreboard slot <*>,2005-12-05 10:26:36,,,,2,False,False,False,INIT
1419,2005-12-05,10:26:36,Info,workerEnv.init,workerEnv.init() ok /etc/httpd/conf/workers2.properties,E1419,workerEnv.init() ok /etc/httpd/conf/workers2.properties,2005-12-05 10:26:36,,,,0,False,False,False,INIT
1420,2005-12-05,10:26:36,Error,mod_jk,mod_jk child workerEnv in error state 6,E1420,mod_jk child workerEnv in error state <*>,2005-12-05 10:26:36,,,,1,True,False,False,FAILURE
1421,2005-12-05,10:26:39,Error,client,[client 141.153.150.164] Directory index forbidden by rule: /var/www/html/,E1421,[client <*>.<*>.<*>.<*>] Directory index forbidden by rule: /var/www/html/,2005-12-05 10:26:39,,,,4,True,False,False,FAILURE
1422,2005-12-05,10:28:44,Error,client,[client 198.232.168.9] Directory index forbidden by rule: /var/www/html/,E1422,[client <*>.<*>.<*>.<*>] Directory index forbidden by rule: /var/www/html/,2005-12-05 10:28:44,,,,4,True,False,False,FAILURE
1423,2005-12-05,10:31:40,Info,jk2_init,jk2_init() Found child 5404 in scoreboard slot 8,E1423,jk2_init() Found child <*> in scoreboard slot <*>,2005-12-05 10:31:40,,,,2,False,False,False,INIT
1424,2005-12-05,10:31:40,Info,jk2_init,jk2_init() Found child 5405 in scoreboard slot 9,E1424,jk2_init() Found child <*> in scoreboard slot <*>,2005-12-05 10:31:40,,,,2,False,False,False,INIT
1425,2005-12-05,10:33:41,Info,jk2_init,jk2_init() Found child 5418 in scoreboard slot 6,E1425,jk2_init() Found child <*> in scoreboard slot <*>,2005-12-05 10:33:41,,,,2,False,False,False,INIT
1426,2005-12-05,10:33:41,Info,jk2_init,jk2_init() Found child 5419 in scoreboard slot 7,E1426,jk2_init() Found child <*> in scoreboard slot <*>,2005-12-05 10:33:41,,,,2,False,False,False,INIT
1427,2005-12-05,10:33:41,Info,jk2_init,jk2_init() Found child 5417 in scoreboard slot 9,E1427,jk2_init() Found child <*> in scoreboard slot <*>,2005-12-05 10:33:41,,,,2,False,False,False,INIT
1428,2005-12-05,10:33:41,Info,jk2_init,jk2_init() Found child 5416 in scoreboard slot 8,E1428,jk2_init() Found child <*> in scoreboard slot <*>,2005-12-05 10:33:41,,,,2,False,False,False,INIT
1429,2005-12-05,10:33:44,Info,workerEnv.init,workerEnv.init() ok /etc/httpd/conf/workers2.properties,E1429,workerEnv.init() ok /etc/httpd/conf/workers2.properties,2005-12-05 10:33:44,,,,0,False,False,False,INIT
1430,2005-12-05,10:33:44,Error,mod_jk,mod_jk child workerEnv in error state 6,E1430,mod_jk child workerEnv in error state <*>,2005-12-05 10:33:44,,,,1,True,False,False,FAILURE
1431,2005-12-05,10:33:44,Info,workerEnv.init,workerEnv.init() ok /etc/httpd/conf/workers2.properties,E1431,workerEnv.init() ok /etc/httpd/conf/workers2.properties,2005-12-05 10:33:44,,,,0,False,False,False,INIT
1432,2005-12-05,10:33:44,Error,mod_jk,mod_jk child workerEnv in error state 6,E1432,mod_jk child workerEnv in error state <*>,2005-12-05 10:33:44,,,,1,True,False,False,FAILURE
1433,2005-12-05,10:33:44,Info,workerEnv.init,workerEnv.init() ok /etc/httpd/conf/workers2.properties,E1433,workerEnv.init() ok /etc/httpd/conf/workers2.properties,2005-12-05 10:33:44,,,,0,False,False,False,INIT
1434,2005-12-05,10:33:44,Error,mod_jk,mod_jk child workerEnv in error state 7,E1434,mod_jk child workerEnv in error state <*>,2005-12-05 10:33:44,,,,1,True,False,False,FAILURE
1435,2005-12-05,10:33:44,Info,workerEnv.init,workerEnv.init() ok /etc/httpd/conf/workers2.properties,E1435,workerEnv.init() ok /etc/httpd/conf/workers2.properties,2005-12-05 10:33:44,,,,0,False,False,False,INIT
1436,2005-12-05,10:33:44,Error,mod_jk,mod_jk child workerEnv in error state 7,E1436,mod_jk child workerEnv in error state <*>,2005-12-05 10:33:44,,,,1,True,False,False,FAILURE
1437,2005-12-05,10:36:10,Info,jk2_init,jk2_init() Found child 5426 in scoreboard slot 6,E1437,jk2_init() Found child <*> in scoreboard slot <*>,2005-12-05 10:36:10,,,,2,False,False,False,INIT
1438,2005-12-05,10:36:10,Info,jk2_init,jk2_init() Found child 5425 in scoreboard slot 9,E1438,jk2_init() Found child <*> in scoreboard slot <*>,2005-12-05 10:36:10,,,,2,False,False,False,INIT
1439,2005-12-05,10:36:58,Info,jk2_init,jk2_init() Found child 5428 in scoreboard slot 8,E1439,jk2_init() Found child <*> in scoreboard slot <*>,2005-12-05 10:36:58,,,,2,False,False,False,INIT
1440,2005-12-05,10:37:27,Info,jk2_init,jk2_init() Found child 5429 in scoreboard slot 9,E1440,jk2_init() Found child <*> in scoreboard slot <*>,2005-12-05 10:37:27,,,,2,False,False,False,INIT
1441,2005-12-05,10:37:27,Info,jk2_init,jk2_init() Found child 5430 in scoreboard slot 6,E1441,jk2_init() Found child <*> in scoreboard slot <*>,2005-12-05 10:37:27,,,,2,False,False,False,INIT
1442,2005-12-05,10:38:00,Info,jk2_init,jk2_init() Found child 5434 in scoreboard slot 6,E1442,jk2_init() Found child <*> in scoreboard slot <*>,2005-12-05 10:38:00,,,,2,False,False,False,INIT
1443,2005-12-05,10:38:00,Info,jk2_init,jk2_init() Found child 5433 in scoreboard slot 9,E1443,jk2_init() Found child <*> in scoreboard slot <*>,2005-12-05 10:38:00,,,,2,False,False,False,INIT
1444,2005-12-05,10:38:00,Info,jk2_init,jk2_init() Found child 5435 in scoreboard slot 7,E1444,jk2_init() Found child <*> in scoreboard slot <*>,2005-12-05 10:38:00,,,,2,False,False,False,INIT
1445,2005-12-05,10:38:00,Info,jk2_init,jk2_init() Found child 5432 in scoreboard slot 8,E1445,jk2_init() Found child <*> in scoreboard slot <*>,2005-12-05 10:38:00,,,,2,False,False,False,INIT
1446,2005-12-05,10:38:04,Info,workerEnv.init,workerEnv.init() ok /etc/httpd/conf/workers2.properties,E1446,workerEnv.init() ok /etc/httpd/conf/workers2.properties,2005-12-05 10:38:04,,,,0,False,False,False,INIT
1447,2005-12-05,10:38:04,Error,mod_jk,mod_jk child workerEnv in error state 8,E1447,mod_jk child workerEnv in error state <*>,2005-12-05 10:38:04,,,,1,True,False,False,FAILURE
1448,2005-12-05,10:38:04,Info,workerEnv.init,workerEnv.init() ok /etc/httpd/conf/workers2.properties,E1448,workerEnv.init() ok /etc/httpd/conf/workers2.properties,2005-12-05 10:38:04,,,,0,False,False,False,INIT
1449,2005-12-05,10:38:04,Error,mod_jk,mod_jk child workerEnv in error state 7,E1449,mod_jk child workerEnv in error state <*>,2005-12-05 10:38:04,,,,1,True,False,False,FAILURE
1450,2005-12-05,10:38:04,Info,workerEnv.init,workerEnv.init() ok /etc/httpd/conf/workers2.properties,E1450,workerEnv.init() ok /etc/httpd/conf/workers2.properties,2005-12-05 10:38:04,,,,0,False,False,False,INIT
1451,2005-12-05,10:38:04,Error,mod_jk,mod_jk child workerEnv in error state 6,E1451,mod_jk child workerEnv in error state <*>,2005-12-05 10:38:04,,,,1,True,False,False,FAILURE
1452,2005-12-05,10:38:04,Info,workerEnv.init,workerEnv.init() ok /etc/httpd/conf/workers2.properties,E1452,workerEnv.init() ok /etc/httpd/conf/workers2.properties,2005-12-05 10:38:04,,,,0,False,False,False,INIT
1453,2005-12-05,10:38:04,Error,mod_jk,mod_jk child workerEnv in error state 7,E1453,mod_jk child workerEnv in error state <*>,2005-12-05 10:38:04,,,,1,True,False,False,FAILURE
1454,2005-12-05,10:41:14,Info,jk2_init,jk2_init() Found child 5470 in scoreboard slot 9,E1454,jk2_init() Found child <*> in scoreboard slot <*>,2005-12-05 10:41:14,,,,2,False,False,False,INIT
1455,2005-12-05,10:41:14,Info,jk2_init,jk2_init() Found child 5469 in scoreboard slot 8,E1455,jk2_init() Found child <*> in scoreboard slot <*>,2005-12-05 10:41:14,,,,2,False,False,False,INIT
1456,2005-12-05,10:42:23,Info,jk2_init,jk2_init() Found child 5474 in scoreboard slot 9,E1456,jk2_init() Found child <*> in scoreboard slot <*>,2005-12-05 10:42:23,,,,2,False,False,False,INIT
1457,2005-12-05,10:42:23,Info,jk2_init,jk2_init() Found child 5475 in scoreboard slot 6,E1457,jk2_init() Found child <*> in scoreboard slot <*>,2005-12-05 10:42:23,,,,2,False,False,False,INIT
1458,2005-12-05,10:43:19,Info,jk2_init,jk2_init() Found child 5482 in scoreboard slot 9,E1458,jk2_init() Found child <*> in scoreboard slot <*>,2005-12-05 10:43:19,,,,2,False,False,False,INIT
1459,2005-12-05,10:43:19,Info,jk2_init,jk2_init() Found child 5480 in scoreboard slot 7,E1459,jk2_init() Found child <*> in scoreboard slot <*>,2005-12-05 10:43:19,,,,2,False,False,False,INIT
1460,2005-12-05,10:43:19,Info,jk2_init,jk2_init() Found child 5479 in scoreboard slot 6,E1460,jk2_init() Found child <*> in scoreboard slot <*>,2005-12-05 10:43:19,,,,2,False,False,False,INIT
1461,2005-12-05,10:43:19,Info,jk2_init,jk2_init() Found child 5481 in scoreboard slot 8,E1461,jk2_init() Found child <*> in scoreboard slot <*>,2005-12-05 10:43:19,,,,2,False,False,False,INIT
1462,2005-12-05,10:43:34,Info,workerEnv.init,workerEnv.init() ok /etc/httpd/conf/workers2.properties,E1462,workerEnv.init() ok /etc/httpd/conf/workers2.properties,2005-12-05 10:43:34,,,,0,False,False,False,INIT
1463,2005-12-05,10:43:34,Info,workerEnv.init,workerEnv.init() ok /etc/httpd/conf/workers2.properties,E1463,workerEnv.init() ok /etc/httpd/conf/workers2.properties,2005-12-05 10:43:34,,,,0,False,False,False,INIT
1464,2005-12-05,10:43:39,Error,mod_jk,mod_jk child workerEnv in error state 8,E1464,mod_jk child workerEnv in error state <*>,2005-12-05 10:43:39,,,,1,True,False,False,FAILURE
1465,2005-12-05,10:43:41,Info,workerEnv.init,workerEnv.init() ok /etc/httpd/conf/workers2.properties,E1465,workerEnv.init() ok /etc/httpd/conf/workers2.properties,2005-12-05 10:43:41,,,,0,False,False,False,INIT
1466,2005-12-05,10:43:41,Error,mod_jk,mod_jk child workerEnv in error state 7,E1466,mod_jk child workerEnv in error state <*>,2005-12-05 10:43:41,,,,1,True,False,False,FAILURE
1467,2005-12-05,10:43:48,Info,jk2_init,jk2_init() Found child 5484 in scoreboard slot 7,E1467,jk2_init() Found child <*> in scoreboard slot <*>,2005-12-05 10:43:48,,,,2,False,False,False,INIT
1468,2005-12-05,10:43:48,Info,jk2_init,jk2_init() Found child 5483 in scoreboard slot 6,E1468,jk2_init() Found child <*> in scoreboard slot <*>,2005-12-05 10:43:48,,,,2,False,False,False,INIT
1469,2005-12-05,10:43:51,Info,workerEnv.init,workerEnv.init() ok /etc/httpd/conf/workers2.properties,E1469,workerEnv.init() ok /etc/httpd/conf/workers2.properties,2005-12-05 10:43:51,,,,0,False,False,False,INIT
1470,2005-12-05,10:43:51,Error,mod_jk,mod_jk child workerEnv in error state 7,E1470,mod_jk child workerEnv in error state <*>,2005-12-05 10:43:51,,,,1,True,False,False,FAILURE
1471,2005-12-05,10:43:51,Info,workerEnv.init,workerEnv.init() ok /etc/httpd/conf/workers2.properties,E1471,workerEnv.init() ok /etc/httpd/conf/workers2.properties,2005-12-05 10:43:51,,,,0,False,False,False,INIT
1472,2005-12-05,10:43:51,Error,mod_jk,mod_jk child workerEnv in error state 8,E1472,mod_jk child workerEnv in error state <*>,2005-12-05 10:43:51,,,,1,True,False,False,FAILURE
1473,2005-12-05,10:46:55,Info,jk2_init,jk2_init() Found child 5497 in scoreboard slot 7,E1473,jk2_init() Found child <*> in scoreboard slot <*>,2005-12-05 10:46:55,,,,2,False,False,False,INIT
1474,2005-12-05,10:46:55,Info,jk2_init,jk2_init() Found child 5495 in scoreboard slot 9,E1474,jk2_init() Found child <*> in scoreboard slot <*>,2005-12-05 10:46:55,,,,2,False,False,False,INIT
1475,2005-12-05,10:46:55,Info,jk2_init,jk2_init() Found child 5494 in scoreboard slot 8,E1475,jk2_init() Found child <*> in scoreboard slot <*>,2005-12-05 10:46:55,,,,2,False,False,False,INIT
1476,2005-12-05,10:46:55,Info,jk2_init,jk2_init() Found child 5496 in scoreboard slot 6,E1476,jk2_init() Found child <*> in scoreboard slot <*>,2005-12-05 10:46:55,,,,2,False,False,False,INIT
1477,2005-12-05,10:47:12,Info,workerEnv.init,workerEnv.init() ok /etc/httpd/conf/workers2.properties,E1477,workerEnv.init() ok /etc/httpd/conf/workers2.properties,2005-12-05 10:47:12,,,,0,False,False,False,INIT
1478,2005-12-05,10:47:12,Info,workerEnv.init,workerEnv.init() ok /etc/httpd/conf/workers2.properties,E1478,workerEnv.init() ok /etc/httpd/conf/workers2.properties,2005-12-05 10:47:12,,,,0,False,False,False,INIT
1479,2005-12-05,10:47:17,Error,mod_jk,mod_jk child workerEnv in error state 6,E1479,mod_jk child workerEnv in error state <*>,2005-12-05 10:47:17,,,,1,True,False,False,FAILURE
1480,2005-12-05,10:47:17,Error,mod_jk,mod_jk child workerEnv in error state 6,E1480,mod_jk child workerEnv in error state <*>,2005-12-05 10:47:17,,,,1,True,False,False,FAILURE
1481,2005-12-05,10:47:32,Info,jk2_init,jk2_init() Found child 5499 in scoreboard slot 9,E1481,jk2_init() Found child <*> in scoreboard slot <*>,2005-12-05 10:47:32,,,,2,False,False,False,INIT
1482,2005-12-05,10:47:33,Info,jk2_init,jk2_init() Found child 5498 in scoreboard slot 8,E1482,jk2_init() Found child <*> in scoreboard slot <*>,2005-12-05 10:47:33,,,,2,False,False,False,INIT
1483,2005-12-05,10:47:44,Info,workerEnv.init,workerEnv.init() ok /etc/httpd/conf/workers2.properties,E1483,workerEnv.init() ok /etc/httpd/conf/workers2.properties,2005-12-05 10:47:44,,,,0,False,False,False,INIT
1484,2005-12-05,10:47:44,Info,workerEnv.init,workerEnv.init() ok /etc/httpd/conf/workers2.properties,E1484,workerEnv.init() ok /etc/httpd/conf/workers2.properties,2005-12-05 10:47:44,,,,0,False,False,False,INIT
1485,2005-12-05,10:47:45,Error,mod_jk,mod_jk child workerEnv in error state 7,E1485,mod_jk child workerEnv in error state <*>,2005-12-05 10:47:45,,,,1,True,False,False,FAILURE
1486,2005-12-05,10:47:45,Error,mod_jk,mod_jk child workerEnv in error state 7,E1486,mod_jk child workerEnv in error state <*>,2005-12-05 10:47:45,,,,1,True,False,False,FAILURE
1487,2005-12-05,10:47:47,Info,jk2_init,jk2_init() Found child 5500 in scoreboard slot 6,E1487,jk2_init() Found child <*> in scoreboard slot <*>,2005-12-05 10:47:47,,,,2,False,False,False,INIT
1488,2005-12-05,10:47:47,Info,workerEnv.init,workerEnv.init() ok /etc/httpd/conf/workers2.properties,E1488,workerEnv.init() ok /etc/httpd/conf/workers2.properties,2005-12-05 10:47:47,,,,0,False,False,False,INIT
1489,2005-12-05,10:47:47,Error,mod_jk,mod_jk child workerEnv in error state 6,E1489,mod_jk child workerEnv in error state <*>,2005-12-05 10:47:47,,,,1,True,False,False,FAILURE
1490,2005-12-05,10:48:43,Info,jk2_init,jk2_init() Found child 5503 in scoreboard slot 10,E1490,jk2_init() Found child <*> in scoreboard slot <*>,2005-12-05 10:48:43,,,,2,False,False,False,INIT
1491,2005-12-05,10:48:46,Info,workerEnv.init,workerEnv.init() ok /etc/httpd/conf/workers2.properties,E1491,workerEnv.init() ok /etc/httpd/conf/workers2.properties,2005-12-05 10:48:46,,,,0,False,False,False,INIT
1492,2005-12-05,10:48:46,Error,mod_jk,mod_jk child workerEnv in error state 6,E1492,mod_jk child workerEnv in error state <*>,2005-12-05 10:48:46,,,,1,True,False,False,FAILURE
1493,2005-12-05,10:48:48,Error,client,[client 67.166.248.235] Directory index forbidden by rule: /var/www/html/,E1493,[client <*>.<*>.<*>.<*>] Directory index forbidden by rule: /var/www/html/,2005-12-05 10:48:48,,,,4,True,False,False,FAILURE
1494,2005-12-05,10:51:12,Info,jk2_init,jk2_init() Found child 5515 in scoreboard slot 7,E1494,jk2_init() Found child <*> in scoreboard slot <*>,2005-12-05 10:51:12,,,,2,False,False,False,INIT
1495,2005-12-05,10:51:12,Info,jk2_init,jk2_init() Found child 5516 in scoreboard slot 8,E1495,jk2_init() Found child <*> in scoreboard slot <*>,2005-12-05 10:51:12,,,,2,False,False,False,INIT
1496,2005-12-05,10:51:33,Info,workerEnv.init,workerEnv.init() ok /etc/httpd/conf/workers2.properties,E1496,workerEnv.init() ok /etc/httpd/conf/workers2.properties,2005-12-05 10:51:33,,,,0,False,False,False,INIT
1497,2005-12-05,10:51:33,Info,workerEnv.init,workerEnv.init() ok /etc/httpd/conf/workers2.properties,E1497,workerEnv.init() ok /etc/httpd/conf/workers2.properties,2005-12-05 10:51:33,,,,0,False,False,False,INIT
1498,2005-12-05,10:51:35,Error,mod_jk,mod_jk child workerEnv in error state 6,E1498,mod_jk child workerEnv in error state <*>,2005-12-05 10:51:35,,,,1,True,False,False,FAILURE
1499,2005-12-05,10:51:35,Error,mod_jk,mod_jk child workerEnv in error state 6,E1499,mod_jk child workerEnv in error state <*>,2005-12-05 10:51:35,,,,1,True,False,False,FAILURE
1500,2005-12-05,10:51:59,Info,jk2_init,jk2_init() Found child 5517 in scoreboard slot 6,E1500,jk2_init() Found child <*> in scoreboard slot <*>,2005-12-05 10:51:59,,,,2,False,False,False,INIT
1501,2005-12-05,10:52:00,Info,jk2_init,jk2_init() Found child 5518 in scoreboard slot 9,E1501,jk2_init() Found child <*> in scoreboard slot <*>,2005-12-05 10:52:00,,,,2,False,False,False,INIT
1502,2005-12-05,10:52:15,Info,workerEnv.init,workerEnv.init() ok /etc/httpd/conf/workers2.properties,E1502,workerEnv.init() ok /etc/httpd/conf/workers2.properties,2005-12-05 10:52:15,,,,0,False,False,False,INIT
1503,2005-12-05,10:52:15,Info,workerEnv.init,workerEnv.init() ok /etc/httpd/conf/workers2.properties,E1503,workerEnv.init() ok /etc/httpd/conf/workers2.properties,2005-12-05 10:52:15,,,,0,False,False,False,INIT
1504,2005-12-05,10:52:21,Error,mod_jk,mod_jk child workerEnv in error state 6,E1504,mod_jk child workerEnv in error state <*>,2005-12-05 10:52:21,,,,1,True,False,False,FAILURE
1505,2005-12-05,10:53:42,Info,jk2_init,jk2_init() Found child 5527 in scoreboard slot 7,E1505,jk2_init() Found child <*> in scoreboard slot <*>,2005-12-05 10:53:42,,,,2,False,False,False,INIT
1506,2005-12-05,10:53:42,Info,jk2_init,jk2_init() Found child 5526 in scoreboard slot 9,E1506,jk2_init() Found child <*> in scoreboard slot <*>,2005-12-05 10:53:42,,,,2,False,False,False,INIT
1507,2005-12-05,10:55:47,Info,jk2_init,jk2_init() Found child 5538 in scoreboard slot 9,E1507,jk2_init() Found child <*> in scoreboard slot <*>,2005-12-05 10:55:47,,,,2,False,False,False,INIT
1508,2005-12-05,10:59:25,Info,jk2_init,jk2_init() Found child 5565 in scoreboard slot 9,E1508,jk2_init() Found child <*> in scoreboard slot <*>,2005-12-05 10:59:25,,,,2,False,False,False,INIT
1509,2005-12-05,10:59:25,Info,jk2_init,jk2_init() Found child 5563 in scoreboard slot 7,E1509,jk2_init() Found child <*> in scoreboard slot <*>,2005-12-05 10:59:25,,,,2,False,False,False,INIT
1510,2005-12-05,10:59:25,Info,jk2_init,jk2_init() Found child 5562 in scoreboard slot 6,E1510,jk2_init() Found child <*> in scoreboard slot <*>,2005-12-05 10:59:25,,,,2,False,False,False,INIT
1511,2005-12-05,10:59:25,Info,jk2_init,jk2_init() Found child 5564 in scoreboard slot 8,E1511,jk2_init() Found child <*> in scoreboard slot <*>,2005-12-05 10:59:25,,,,2,False,False,False,INIT
1512,2005-12-05,10:59:25,Info,jk2_init,jk2_init() Found child 5567 in scoreboard slot 12,E1512,jk2_init() Found child <*> in scoreboard slot <*>,2005-12-05 10:59:25,,,,2,False,False,False,INIT
1513,2005-12-05,10:59:25,Info,jk2_init,jk2_init() Found child 5568 in scoreboard slot 13,E1513,jk2_init() Found child <*> in scoreboard slot <*>,2005-12-05 10:59:25,,,,2,False,False,False,INIT
1514,2005-12-05,10:59:25,Info,jk2_init,jk2_init() Found child 5566 in scoreboard slot 10,E1514,jk2_init() Found child <*> in scoreboard slot <*>,2005-12-05 10:59:25,,,,2,False,False,False,INIT
1515,2005-12-05,10:59:29,Info,workerEnv.init,workerEnv.init() ok /etc/httpd/conf/workers2.properties,E1515,workerEnv.init() ok /etc/httpd/conf/workers2.properties,2005-12-05 10:59:29,,,,0,False,False,False,INIT
1516,2005-12-05,10:59:29,Info,workerEnv.init,workerEnv.init() ok /etc/httpd/conf/workers2.properties,E1516,workerEnv.init() ok /etc/httpd/conf/workers2.properties,2005-12-05 10:59:29,,,,0,False,False,False,INIT
1517,2005-12-05,10:59:29,Info,workerEnv.init,workerEnv.init() ok /etc/httpd/conf/workers2.properties,E1517,workerEnv.init() ok /etc/httpd/conf/workers2.properties,2005-12-05 10:59:29,,,,0,False,False,False,INIT
1518,2005-12-05,10:59:29,Info,workerEnv.init,workerEnv.init() ok /etc/httpd/conf/workers2.properties,E1518,workerEnv.init() ok /etc/httpd/conf/workers2.properties,2005-12-05 10:59:29,,,,0,False,False,False,INIT
1519,2005-12-05,10:59:29,Info,workerEnv.init,workerEnv.init() ok /etc/httpd/conf/workers2.properties,E1519,workerEnv.init() ok /etc/httpd/conf/workers2.properties,2005-12-05 10:59:29,,,,0,False,False,False,INIT
1520,2005-12-05,10:59:29,Info,workerEnv.init,workerEnv.init() ok /etc/httpd/conf/workers2.properties,E1520,workerEnv.init() ok /etc/httpd/conf/workers2.properties,2005-12-05 10:59:29,,,,0,False,False,False,INIT
1521,2005-12-05,10:59:29,Info,workerEnv.init,workerEnv.init() ok /etc/httpd/conf/workers2.properties,E1521,workerEnv.init() ok /etc/httpd/conf/workers2.properties,2005-12-05 10:59:29,,,,0,False,False,False,INIT
1522,2005-12-05,10:59:29,Error,mod_jk,mod_jk child workerEnv in error state 6,E1522,mod_jk child workerEnv in error state <*>,2005-12-05 10:59:29,,,,1,True,False,False,FAILURE
1523,2005-12-05,10:59:29,Error,mod_jk,mod_jk child workerEnv in error state 7,E1523,mod_jk child workerEnv in error state <*>,2005-12-05 10:59:29,,,,1,True,False,False,FAILURE
1524,2005-12-05,10:59:29,Error,mod_jk,mod_jk child workerEnv in error state 8,E1524,mod_jk child workerEnv in error state <*>,2005-12-05 10:59:29,,,,1,True,False,False,FAILURE
1525,2005-12-05,10:59:29,Error,mod_jk,mod_jk child workerEnv in error state 6,E1525,mod_jk child workerEnv in error state <*>,2005-12-05 10:59:29,,,,1,True,False,False,FAILURE
1526,2005-12-05,10:59:29,Error,mod_jk,mod_jk child workerEnv in error state 6,E1526,mod_jk child workerEnv in error state <*>,2005-12-05 10:59:29,,,,1,True,False,False,FAILURE
1527,2005-12-05,10:59:29,Error,mod_jk,mod_jk child workerEnv in error state 6,E1527,mod_jk child workerEnv in error state <*>,2005-12-05 10:59:29,,,,1,True,False,False,FAILURE
1528,2005-12-05,10:59:29,Error,mod_jk,mod_jk child workerEnv in error state 7,E1528,mod_jk child workerEnv in error state <*>,2005-12-05 10:59:29,,,,1,True,False,False,FAILURE
1529,2005-12-05,11:02:05,Info,jk2_init,jk2_init() Found child 5579 in scoreboard slot 6,E1529,jk2_init() Found child <*> in scoreboard slot <*>,2005-12-05 11:02:05,,,,2,False,False,False,INIT
1530,2005-12-05,11:04:16,Info,jk2_init,jk2_init() Found child 5592 in scoreboard slot 8,E1530,jk2_init() Found child <*> in scoreboard slot <*>,2005-12-05 11:04:16,,,,2,False,False,False,INIT
1531,2005-12-05,11:04:16,Info,jk2_init,jk2_init() Found child 5593 in scoreboard slot 9,E1531,jk2_init() Found child <*> in scoreboard slot <*>,2005-12-05 11:04:16,,,,2,False,False,False,INIT
1532,2005-12-05,11:06:50,Info,jk2_init,jk2_init() Found child 5616 in scoreboard slot 6,E1532,jk2_init() Found child <*> in scoreboard slot <*>,2005-12-05 11:06:50,,,,2,False,False,False,INIT
1533,2005-12-05,11:06:51,Info,jk2_init,jk2_init() Found child 5617 in scoreboard slot 7,E1533,jk2_init() Found child <*> in scoreboard slot <*>,2005-12-05 11:06:51,,,,2,False,False,False,INIT
1534,2005-12-05,11:06:51,Info,jk2_init,jk2_init() Found child 5618 in scoreboard slot 8,E1534,jk2_init() Found child <*> in scoreboard slot <*>,2005-12-05 11:06:51,,,,2,False,False,False,INIT
1535,2005-12-05,11:06:51,Info,workerEnv.init,workerEnv.init() ok /etc/httpd/conf/workers2.properties,E1535,workerEnv.init() ok /etc/httpd/conf/workers2.properties,2005-12-05 11:06:51,,,,0,False,False,False,INIT
1536,2005-12-05,11:06:51,Error,mod_jk,mod_jk child workerEnv in error state 6,E1536,mod_jk child workerEnv in error state <*>,2005-12-05 11:06:51,,,,1,True,False,False,FAILURE
1537,2005-12-05,11:06:51,Info,workerEnv.init,workerEnv.init() ok /etc/httpd/conf/workers2.properties,E1537,workerEnv.init() ok /etc/httpd/conf/workers2.properties,2005-12-05 11:06:51,,,,0,False,False,False,INIT
1538,2005-12-05,11:06:51,Error,mod_jk,mod_jk child workerEnv in error state 7,E1538,mod_jk child workerEnv in error state <*>,2005-12-05 11:06:51,,,,1,True,False,False,FAILURE
1539,2005-12-05,11:06:51,Info,workerEnv.init,workerEnv.init() ok /etc/httpd/conf/workers2.properties,E1539,workerEnv.init() ok /etc/httpd/conf/workers2.properties,2005-12-05 11:06:51,,,,0,False,False,False,INIT
1540,2005-12-05,11:06:51,Error,mod_jk,mod_jk child workerEnv in error state 6,E1540,mod_jk child workerEnv in error state <*>,2005-12-05 11:06:51,,,,1,True,False,False,FAILURE
1541,2005-12-05,11:06:52,Error,jk2_init,jk2_init() Can't find child 5619 in scoreboard,E1541,jk2_init() Can't find child <*> in scoreboard,2005-12-05 11:06:52,,,,1,True,False,False,FAILURE
1542,2005-12-05,11:06:52,Info,workerEnv.init,workerEnv.init() ok /etc/httpd/conf/workers2.properties,E1542,workerEnv.init() ok /etc/httpd/conf/workers2.properties,2005-12-05 11:06:52,,,,0,False,False,False,INIT
1543,2005-12-05,11:06:52,Error,mod_jk,mod_jk child init 1 -2,E1543,mod_jk child init <*> -<*>,2005-12-05 11:06:52,,,,2,True,False,False,FAILURE
1544,2005-12-05,11:06:52,Error,jk2_init,jk2_init() Can't find child 5620 in scoreboard,E1544,jk2_init() Can't find child <*> in scoreboard,2005-12-05 11:06:52,,,,1,True,False,False,FAILURE
1545,2005-12-05,11:06:52,Info,workerEnv.init,workerEnv.init() ok /etc/httpd/conf/workers2.properties,E1545,workerEnv.init() ok /etc/httpd/conf/workers2.properties,2005-12-05 11:06:52,,,,0,False,False,False,INIT
1546,2005-12-05,11:06:52,Error,mod_jk,mod_jk child init 1 -2,E1546,mod_jk child init <*> -<*>,2005-12-05 11:06:52,,,,2,True,False,False,FAILURE
1547,2005-12-05,11:06:52,Error,jk2_init,jk2_init() Can't find child 5621 in scoreboard,E1547,jk2_init() Can't find child <*> in scoreboard,2005-12-05 11:06:52,,,,1,True,False,False,FAILURE
1548,2005-12-05,11:06:52,Info,workerEnv.init,workerEnv.init() ok /etc/httpd/conf/workers2.properties,E1548,workerEnv.init() ok /etc/httpd/conf/workers2.properties,2005-12-05 11:06:52,,,,0,False,False,False,INIT
1549,2005-12-05,11:06:52,Error,mod_jk,mod_jk child init 1 -2,E1549,mod_jk child init <*> -<*>,2005-12-05 11:06:52,,,,2,True,False,False,FAILURE
1550,2005-12-05,11:06:52,Error,jk2_init,jk2_init() Can't find child 5622 in scoreboard,E1550,jk2_init() Can't find child <*> in scoreboard,2005-12-05 11:06:52,,,,1,True,False,False,FAILURE
1551,2005-12-05,11:06:52,Info,workerEnv.init,workerEnv.init() ok /etc/httpd/conf/workers2.properties,E1551,workerEnv.init() ok /etc/httpd/conf/workers2.properties,2005-12-05 11:06:52,,,,0,False,False,False,INIT
1552,2005-12-05,11:06:52,Error,mod_jk,mod_jk child init 1 -2,E1552,mod_jk child init <*> -<*>,2005-12-05 11:06:52,,,,2,True,False,False,FAILURE
1553,2005-12-05,12:35:57,Info,jk2_init,jk2_init() Found child 5785 in scoreboard slot 6,E1553,jk2_init() Found child <*> in scoreboard slot <*>,2005-12-05 12:35:57,,,,2,False,False,False,INIT
1554,2005-12-05,12:35:57,Info,jk2_init,jk2_init() Found child 5786 in scoreboard slot 7,E1554,jk2_init() Found child <*> in scoreboard slot <*>,2005-12-05 12:35:57,,,,2,False,False,False,INIT
1555,2005-12-05,12:36:36,Info,jk2_init,jk2_init() Found child 5790 in scoreboard slot 7,E1555,jk2_init() Found child <*> in scoreboard slot <*>,2005-12-05 12:36:36,,,,2,False,False,False,INIT
1556,2005-12-05,12:36:36,Info,jk2_init,jk2_init() Found child 5788 in scoreboard slot 9,E1556,jk2_init() Found child <*> in scoreboard slot <*>,2005-12-05 12:36:36,,,,2,False,False,False,INIT
1557,2005-12-05,12:36:36,Info,jk2_init,jk2_init() Found child 5789 in scoreboard slot 6,E1557,jk2_init() Found child <*> in scoreboard slot <*>,2005-12-05 12:36:36,,,,2,False,False,False,INIT
1558,2005-12-05,12:36:36,Info,jk2_init,jk2_init() Found child 5787 in scoreboard slot 8,E1558,jk2_init() Found child <*> in scoreboard slot <*>,2005-12-05 12:36:36,,,,2,False,False,False,INIT
1559,2005-12-05,12:36:39,Info,workerEnv.init,workerEnv.init() ok /etc/httpd/conf/workers2.properties,E1559,workerEnv.init() ok /etc/httpd/conf/workers2.properties,2005-12-05 12:36:39,,,,0,False,False,False,INIT
1560,2005-12-05,12:36:39,Error,mod_jk,mod_jk child workerEnv in error state 7,E1560,mod_jk child workerEnv in error state <*>,2005-12-05 12:36:39,,,,1,True,False,False,FAILURE
1561,2005-12-05,12:36:39,Info,workerEnv.init,workerEnv.init() ok /etc/httpd/conf/workers2.properties,E1561,workerEnv.init() ok /etc/httpd/conf/workers2.properties,2005-12-05 12:36:39,,,,0,False,False,False,INIT
1562,2005-12-05,12:36:39,Error,mod_jk,mod_jk child workerEnv in error state 6,E1562,mod_jk child workerEnv in error state <*>,2005-12-05 12:36:39,,,,1,True,False,False,FAILURE
1563,2005-12-05,12:36:39,Info,workerEnv.init,workerEnv.init() ok /etc/httpd/conf/workers2.properties,E1563,workerEnv.init() ok /etc/httpd/conf/workers2.properties,2005-12-05 12:36:39,,,,0,False,False,False,INIT
1564,2005-12-05,12:36:39,Error,mod_jk,mod_jk child workerEnv in error state 7,E1564,mod_jk child workerEnv in error state <*>,2005-12-05 12:36:39,,,,1,True,False,False,FAILURE
1565,2005-12-05,12:36:39,Info,workerEnv.init,workerEnv.init() ok /etc/httpd/conf/workers2.properties,E1565,workerEnv.init() ok /etc/httpd/conf/workers2.properties,2005-12-05 12:36:39,,,,0,False,False,False,INIT
1566,2005-12-05,12:36:39,Error,mod_jk,mod_jk child workerEnv in error state 6,E1566,mod_jk child workerEnv in error state <*>,2005-12-05 12:36:39,,,,1,True,False,False,FAILURE
1567,2005-12-05,12:40:37,Info,jk2_init,jk2_init() Found child 5798 in scoreboard slot 8,E1567,jk2_init() Found child <*> in scoreboard slot <*>,2005-12-05 12:40:37,,,,2,False,False,False,INIT
1568,2005-12-05,12:40:38,Info,workerEnv.init,workerEnv.init() ok /etc/httpd/conf/workers2.properties,E1568,workerEnv.init() ok /etc/httpd/conf/workers2.properties,2005-12-05 12:40:38,,,,0,False,False,False,INIT
1569,2005-12-05,12:40:38,Error,mod_jk,mod_jk child workerEnv in error state 6,E1569,mod_jk child workerEnv in error state <*>,2005-12-05 12:40:38,,,,1,True,False,False,FAILURE
1570,2005-12-05,12:50:42,Info,jk2_init,jk2_init() Found child 5811 in scoreboard slot 6,E1570,jk2_init() Found child <*> in scoreboard slot <*>,2005-12-05 12:50:42,,,,2,False,False,False,INIT
1571,2005-12-05,12:50:42,Info,jk2_init,jk2_init() Found child 5810 in scoreboard slot 9,E1571,jk2_init() Found child <*> in scoreboard slot <*>,2005-12-05 12:50:42,,,,2,False,False,False,INIT
1572,2005-12-05,12:50:43,Info,workerEnv.init,workerEnv.init() ok /etc/httpd/conf/workers2.properties,E1572,workerEnv.init() ok /etc/httpd/conf/workers2.properties,2005-12-05 12:50:43,,,,0,False,False,False,INIT
1573,2005-12-05,12:50:43,Info,workerEnv.init,workerEnv.init() ok /etc/httpd/conf/workers2.properties,E1573,workerEnv.init() ok /etc/httpd/conf/workers2.properties,2005-12-05 12:50:43,,,,0,False,False,False,INIT
1574,2005-12-05,12:50:43,Error,mod_jk,mod_jk child workerEnv in error state 6,E1574,mod_jk child workerEnv in error state <*>,2005-12-05 12:50:43,,,,1,True,False,False,FAILURE
1575,2005-12-05,12:50:43,Error,mod_jk,mod_jk child workerEnv in error state 6,E1575,mod_jk child workerEnv in error state <*>,2005-12-05 12:50:43,,,,1,True,False,False,FAILURE
1576,2005-12-05,12:55:48,Info,jk2_init,jk2_init() Found child 5817 in scoreboard slot 8,E1576,jk2_init() Found child <*> in scoreboard slot <*>,2005-12-05 12:55:48,,,,2,False,False,False,INIT
1577,2005-12-05,12:55:48,Info,jk2_init,jk2_init() Found child 5816 in scoreboard slot 7,E1577,jk2_init() Found child <*> in scoreboard slot <*>,2005-12-05 12:55:48,,,,2,False,False,False,INIT
1578,2005-12-05,12:55:49,Info,workerEnv.init,workerEnv.init() ok /etc/httpd/conf/workers2.properties,E1578,workerEnv.init() ok /etc/httpd/conf/workers2.properties,2005-12-05 12:55:49,,,,0,False,False,False,INIT
1579,2005-12-05,12:55:49,Error,mod_jk,mod_jk child workerEnv in error state 6,E1579,mod_jk child workerEnv in error state <*>,2005-12-05 12:55:49,,,,1,True,False,False,FAILURE
1580,2005-12-05,12:55:49,Info,workerEnv.init,workerEnv.init() ok /etc/httpd/conf/workers2.properties,E1580,workerEnv.init() ok /etc/httpd/conf/workers2.properties,2005-12-05 12:55:49,,,,0,False,False,False,INIT
1581,2005-12-05,12:55:49,Error,mod_jk,mod_jk child workerEnv in error state 6,E1581,mod_jk child workerEnv in error state <*>,2005-12-05 12:55:49,,,,1,True,False,False,FAILURE
1582,2005-12-05,13:00:33,Info,jk2_init,jk2_init() Found child 5825 in scoreboard slot 9,E1582,jk2_init() Found child <*> in scoreboard slot <*>,2005-12-05 13:00:33,,,,2,False,False,False,INIT
1583,2005-12-05,13:00:33,Info,jk2_init,jk2_init() Found child 5826 in scoreboard slot 6,E1583,jk2_init() Found child <*> in scoreboard slot <*>,2005-12-05 13:00:33,,,,2,False,False,False,INIT
1584,2005-12-05,13:00:34,Info,workerEnv.init,workerEnv.init() ok /etc/httpd/conf/workers2.properties,E1584,workerEnv.init() ok /etc/httpd/conf/workers2.properties,2005-12-05 13:00:34,,,,0,False,False,False,INIT
1585,2005-12-05,13:00:34,Error,mod_jk,mod_jk child workerEnv in error state 6,E1585,mod_jk child workerEnv in error state <*>,2005-12-05 13:00:34,,,,1,True,False,False,FAILURE
1586,2005-12-05,13:00:34,Info,workerEnv.init,workerEnv.init() ok /etc/httpd/conf/workers2.properties,E1586,workerEnv.init() ok /etc/httpd/conf/workers2.properties,2005-12-05 13:00:34,,,,0,False,False,False,INIT
1587,2005-12-05,13:00:34,Error,mod_jk,mod_jk child workerEnv in error state 6,E1587,mod_jk child workerEnv in error state <*>,2005-12-05 13:00:34,,,,1,True,False,False,FAILURE
1588,2005-12-05,13:05:24,Info,jk2_init,jk2_init() Found child 5845 in scoreboard slot 7,E1588,jk2_init() Found child <*> in scoreboard slot <*>,2005-12-05 13:05:24,,,,2,False,False,False,INIT
1589,2005-12-05,13:05:24,Info,workerEnv.init,workerEnv.init() ok /etc/httpd/conf/workers2.properties,E1589,workerEnv.init() ok /etc/httpd/conf/workers2.properties,2005-12-05 13:05:24,,,,0,False,False,False,INIT
1590,2005-12-05,13:05:24,Error,mod_jk,mod_jk child workerEnv in error state 6,E1590,mod_jk child workerEnv in error state <*>,2005-12-05 13:05:24,,,,1,True,False,False,FAILURE
1591,2005-12-05,13:10:55,Info,jk2_init,jk2_init() Found child 5856 in scoreboard slot 8,E1591,jk2_init() Found child <*> in scoreboard slot <*>,2005-12-05 13:10:55,,,,2,False,False,False,INIT
1592,2005-12-05,13:10:59,Info,workerEnv.init,workerEnv.init() ok /etc/httpd/conf/workers2.properties,E1592,workerEnv.init() ok /etc/httpd/conf/workers2.properties,2005-12-05 13:10:59,,,,0,False,False,False,INIT
1593,2005-12-05,13:10:59,Error,mod_jk,mod_jk child workerEnv in error state 6,E1593,mod_jk child workerEnv in error state <*>,2005-12-05 13:10:59,,,,1,True,False,False,FAILURE
1594,2005-12-05,13:16:27,Info,jk2_init,jk2_init() Found child 5877 in scoreboard slot 9,E1594,jk2_init() Found child <*> in scoreboard slot <*>,2005-12-05 13:16:27,,,,2,False,False,False,INIT
1595,2005-12-05,13:16:27,Info,jk2_init,jk2_init() Found child 5876 in scoreboard slot 8,E1595,jk2_init() Found child <*> in scoreboard slot <*>,2005-12-05 13:16:27,,,,2,False,False,False,INIT
1596,2005-12-05,13:16:27,Info,jk2_init,jk2_init() Found child 5878 in scoreboard slot 6,E1596,jk2_init() Found child <*> in scoreboard slot <*>,2005-12-05 13:16:27,,,,2,False,False,False,INIT
1597,2005-12-05,13:16:27,Info,jk2_init,jk2_init() Found child 5875 in scoreboard slot 7,E1597,jk2_init() Found child <*> in scoreboard slot <*>,2005-12-05 13:16:27,,,,2,False,False,False,INIT
1598,2005-12-05,13:16:29,Info,workerEnv.init,workerEnv.init() ok /etc/httpd/conf/workers2.properties,E1598,workerEnv.init() ok /etc/httpd/conf/workers2.properties,2005-12-05 13:16:29,,,,0,False,False,False,INIT
1599,2005-12-05,13:16:29,Error,mod_jk,mod_jk child workerEnv in error state 6,E1599,mod_jk child workerEnv in error state <*>,2005-12-05 13:16:29,,,,1,True,False,False,FAILURE
1600,2005-12-05,13:16:29,Info,workerEnv.init,workerEnv.init() ok /etc/httpd/conf/workers2.properties,E1600,workerEnv.init() ok /etc/httpd/conf/workers2.properties,2005-12-05 13:16:29,,,,0,False,False,False,INIT
1601,2005-12-05,13:16:29,Error,mod_jk,mod_jk child workerEnv in error state 6,E1601,mod_jk child workerEnv in error state <*>,2005-12-05 13:16:29,,,,1,True,False,False,FAILURE
1602,2005-12-05,13:16:29,Info,workerEnv.init,workerEnv.init() ok /etc/httpd/conf/workers2.properties,E1602,workerEnv.init() ok /etc/httpd/conf/workers2.properties,2005-12-05 13:16:29,,,,0,False,False,False,INIT
1603,2005-12-05,13:16:29,Error,mod_jk,mod_jk child workerEnv in error state 6,E1603,mod_jk child workerEnv in error state <*>,2005-12-05 13:16:29,,,,1,True,False,False,FAILURE
1604,2005-12-05,13:16:29,Info,workerEnv.init,workerEnv.init() ok /etc/httpd/conf/workers2.properties,E1604,workerEnv.init() ok /etc/httpd/conf/workers2.properties,2005-12-05 13:16:29,,,,0,False,False,False,INIT
1605,2005-12-05,13:16:29,Error,mod_jk,mod_jk child workerEnv in error state 6,E1605,mod_jk child workerEnv in error state <*>,2005-12-05 13:16:29,,,,1,True,False,False,FAILURE
1606,2005-12-05,13:21:35,Info,jk2_init,jk2_init() Found child 5893 in scoreboard slot 9,E1606,jk2_init() Found child <*> in scoreboard slot <*>,2005-12-05 13:21:35,,,,2,False,False,False,INIT
1607,2005-12-05,13:21:34,Info,jk2_init,jk2_init() Found child 5892 in scoreboard slot 8,E1607,jk2_init() Found child <*> in scoreboard slot <*>,2005-12-05 13:21:34,,,,2,False,False,False,INIT
1608,2005-12-05,13:22:45,Info,jk2_init,jk2_init() Found child 5901 in scoreboard slot 9,E1608,jk2_init() Found child <*> in scoreboard slot <*>,2005-12-05 13:22:45,,,,2,False,False,False,INIT
1609,2005-12-05,13:22:45,Info,jk2_init,jk2_init() Found child 5899 in scoreboard slot 7,E1609,jk2_init() Found child <*> in scoreboard slot <*>,2005-12-05 13:22:45,,,,2,False,False,False,INIT
1610,2005-12-05,13:22:45,Info,jk2_init,jk2_init() Found child 5900 in scoreboard slot 8,E1610,jk2_init() Found child <*> in scoreboard slot <*>,2005-12-05 13:22:45,,,,2,False,False,False,INIT
1611,2005-12-05,13:22:45,Info,jk2_init,jk2_init() Found child 5898 in scoreboard slot 6,E1611,jk2_init() Found child <*> in scoreboard slot <*>,2005-12-05 13:22:45,,,,2,False,False,False,INIT
1612,2005-12-05,13:22:48,Info,workerEnv.init,workerEnv.init() ok /etc/httpd/conf/workers2.properties,E1612,workerEnv.init() ok /etc/httpd/conf/workers2.properties,2005-12-05 13:22:48,,,,0,False,False,False,INIT
1613,2005-12-05,13:22:48,Error,mod_jk,mod_jk child workerEnv in error state 7,E1613,mod_jk child workerEnv in error state <*>,2005-12-05 13:22:48,,,,1,True,False,False,FAILURE
1614,2005-12-05,13:22:48,Info,workerEnv.init,workerEnv.init() ok /etc/httpd/conf/workers2.properties,E1614,workerEnv.init() ok /etc/httpd/conf/workers2.properties,2005-12-05 13:22:48,,,,0,False,False,False,INIT
1615,2005-12-05,13:22:48,Error,mod_jk,mod_jk child workerEnv in error state 7,E1615,mod_jk child workerEnv in error state <*>,2005-12-05 13:22:48,,,,1,True,False,False,FAILURE
1616,2005-12-05,13:22:48,Info,workerEnv.init,workerEnv.init() ok /etc/httpd/conf/workers2.properties,E1616,workerEnv.init() ok /etc/httpd/conf/workers2.properties,2005-12-05 13:22:48,,,,0,False,False,False,INIT
1617,2005-12-05,13:22:48,Error,mod_jk,mod_jk child workerEnv in error state 6,E1617,mod_jk child workerEnv in error state <*>,2005-12-05 13:22:48,,,,1,True,False,False,FAILURE
1618,2005-12-05,13:22:48,Info,workerEnv.init,workerEnv.init() ok /etc/httpd/conf/workers2.properties,E1618,workerEnv.init() ok /etc/httpd/conf/workers2.properties,2005-12-05 13:22:48,,,,0,False,False,False,INIT
1619,2005-12-05,13:22:48,Error,mod_jk,mod_jk child workerEnv in error state 6,E1619,mod_jk child workerEnv in error state <*>,2005-12-05 13:22:48,,,,1,True,False,False,FAILURE
1620,2005-12-05,13:26:03,Info,jk2_init,jk2_init() Found child 5912 in scoreboard slot 7,E1620,jk2_init() Found child <*> in scoreboard slot <*>,2005-12-05 13:26:03,,,,2,False,False,False,INIT
1621,2005-12-05,13:26:37,Info,jk2_init,jk2_init() Found child 5914 in scoreboard slot 9,E1621,jk2_init() Found child <*> in scoreboard slot <*>,2005-12-05 13:26:37,,,,2,False,False,False,INIT
1622,2005-12-05,13:26:37,Info,jk2_init,jk2_init() Found child 5915 in scoreboard slot 6,E1622,jk2_init() Found child <*> in scoreboard slot <*>,2005-12-05 13:26:37,,,,2,False,False,False,INIT
1623,2005-12-05,13:27:15,Info,jk2_init,jk2_init() Found child 5917 in scoreboard slot 8,E1623,jk2_init() Found child <*> in scoreboard slot <*>,2005-12-05 13:27:15,,,,2,False,False,False,INIT
1624,2005-12-05,13:27:14,Info,jk2_init,jk2_init() Found child 5916 in scoreboard slot 7,E1624,jk2_init() Found child <*> in scoreboard slot <*>,2005-12-05 13:27:14,,,,2,False,False,False,INIT
1625,2005-12-05,13:27:15,Info,jk2_init,jk2_init() Found child 5919 in scoreboard slot 6,E1625,jk2_init() Found child <*> in scoreboard slot <*>,2005-12-05 13:27:15,,,,2,False,False,False,INIT
1626,2005-12-05,13:27:15,Info,jk2_init,jk2_init() Found child 5918 in scoreboard slot 9,E1626,jk2_init() Found child <*> in scoreboard slot <*>,2005-12-05 13:27:15,,,,2,False,False,False,INIT
1627,2005-12-05,13:28:14,Info,jk2_init,jk2_init() Found child 5925 in scoreboard slot 8,E1627,jk2_init() Found child <*> in scoreboard slot <*>,2005-12-05 13:28:14,,,,2,False,False,False,INIT
1628,2005-12-05,13:28:14,Info,jk2_init,jk2_init() Found child 5923 in scoreboard slot 6,E1628,jk2_init() Found child <*> in scoreboard slot <*>,2005-12-05 13:28:14,,,,2,False,False,False,INIT
1629,2005-12-05,13:28:14,Info,jk2_init,jk2_init() Found child 5924 in scoreboard slot 7,E1629,jk2_init() Found child <*> in scoreboard slot <*>,2005-12-05 13:28:14,,,,2,False,False,False,INIT
1630,2005-12-05,13:28:14,Info,jk2_init,jk2_init() Found child 5922 in scoreboard slot 9,E1630,jk2_init() Found child <*> in scoreboard slot <*>,2005-12-05 13:28:14,,,,2,False,False,False,INIT
1631,2005-12-05,13:28:17,Info,workerEnv.init,workerEnv.init() ok /etc/httpd/conf/workers2.properties,E1631,workerEnv.init() ok /etc/httpd/conf/workers2.properties,2005-12-05 13:28:17,,,,0,False,False,False,INIT
1632,2005-12-05,13:28:17,Error,mod_jk,mod_jk child workerEnv in error state 7,E1632,mod_jk child workerEnv in error state <*>,2005-12-05 13:28:17,,,,1,True,False,False,FAILURE
1633,2005-12-05,13:28:17,Info,workerEnv.init,workerEnv.init() ok /etc/httpd/conf/workers2.properties,E1633,workerEnv.init() ok /etc/httpd/conf/workers2.properties,2005-12-05 13:28:17,,,,0,False,False,False,INIT
1634,2005-12-05,13:28:17,Error,mod_jk,mod_jk child workerEnv in error state 8,E1634,mod_jk child workerEnv in error state <*>,2005-12-05 13:28:17,,,,1,True,False,False,FAILURE
1635,2005-12-05,13:28:17,Info,workerEnv.init,workerEnv.init() ok /etc/httpd/conf/workers2.properties,E1635,workerEnv.init() ok /etc/httpd/conf/workers2.properties,2005-12-05 13:28:17,,,,0,False,False,False,INIT
1636,2005-12-05,13:28:17,Error,mod_jk,mod_jk child workerEnv in error state 8,E1636,mod_jk child workerEnv in error state <*>,2005-12-05 13:28:17,,,,1,True,False,False,FAILURE
1637,2005-12-05,13:28:17,Info,workerEnv.init,workerEnv.init() ok /etc/httpd/conf/workers2.properties,E1637,workerEnv.init() ok /etc/httpd/conf/workers2.properties,2005-12-05 13:28:17,,,,0,False,False,False,INIT
1638,2005-12-05,13:28:17,Error,mod_jk,mod_jk child workerEnv in error state 8,E1638,mod_jk child workerEnv in error state <*>,2005-12-05 13:28:17,,,,1,True,False,False,FAILURE
1639,2005-12-05,13:31:19,Info,jk2_init,jk2_init() Found child 5935 in scoreboard slot 9,E1639,jk2_init() Found child <*> in scoreboard slot <*>,2005-12-05 13:31:19,,,,2,False,False,False,INIT
1640,2005-12-05,13:31:19,Info,jk2_init,jk2_init() Found child 5936 in scoreboard slot 6,E1640,jk2_init() Found child <*> in scoreboard slot <*>,2005-12-05 13:31:19,,,,2,False,False,False,INIT
1641,2005-12-05,13:31:53,Info,jk2_init,jk2_init() Found child 5938 in scoreboard slot 8,E1641,jk2_init() Found child <*> in scoreboard slot <*>,2005-12-05 13:31:53,,,,2,False,False,False,INIT
1642,2005-12-05,13:31:53,Info,jk2_init,jk2_init() Found child 5937 in scoreboard slot 7,E1642,jk2_init() Found child <*> in scoreboard slot <*>,2005-12-05 13:31:53,,,,2,False,False,False,INIT
1643,2005-12-05,13:32:01,Info,jk2_init,jk2_init() Found child 5940 in scoreboard slot 6,E1643,jk2_init() Found child <*> in scoreboard slot <*>,2005-12-05 13:32:01,,,,2,False,False,False,INIT
1644,2005-12-05,13:32:01,Info,jk2_init,jk2_init() Found child 5939 in scoreboard slot 9,E1644,jk2_init() Found child <*> in scoreboard slot <*>,2005-12-05 13:32:01,,,,2,False,False,False,INIT
1645,2005-12-05,13:32:04,Info,workerEnv.init,workerEnv.init() ok /etc/httpd/conf/workers2.properties,E1645,workerEnv.init() ok /etc/httpd/conf/workers2.properties,2005-12-05 13:32:04,,,,0,False,False,False,INIT
1646,2005-12-05,13:32:04,Info,workerEnv.init,workerEnv.init() ok /etc/httpd/conf/workers2.properties,E1646,workerEnv.init() ok /etc/httpd/conf/workers2.properties,2005-12-05 13:32:04,,,,0,False,False,False,INIT
1647,2005-12-05,13:32:04,Error,mod_jk,mod_jk child workerEnv in error state 6,E1647,mod_jk child workerEnv in error state <*>,2005-12-05 13:32:04,,,,1,True,False,False,FAILURE
1648,2005-12-05,13:32:04,Error,mod_jk,mod_jk child workerEnv in error state 6,E1648,mod_jk child workerEnv in error state <*>,2005-12-05 13:32:04,,,,1,True,False,False,FAILURE
1649,2005-12-05,13:32:09,Info,workerEnv.init,workerEnv.init() ok /etc/httpd/conf/workers2.properties,E1649,workerEnv.init() ok /etc/httpd/conf/workers2.properties,2005-12-05 13:32:09,,,,0,False,False,False,INIT
1650,2005-12-05,13:32:09,Info,workerEnv.init,workerEnv.init() ok /etc/httpd/conf/workers2.properties,E1650,workerEnv.init() ok /etc/httpd/conf/workers2.properties,2005-12-05 13:32:09,,,,0,False,False,False,INIT
1651,2005-12-05,13:32:10,Error,mod_jk,mod_jk child workerEnv in error state 7,E1651,mod_jk child workerEnv in error state <*>,2005-12-05 13:32:10,,,,1,True,False,False,FAILURE
1652,2005-12-05,13:32:10,Error,mod_jk,mod_jk child workerEnv in error state 7,E1652,mod_jk child workerEnv in error state <*>,2005-12-05 13:32:10,,,,1,True,False,False,FAILURE
1653,2005-12-05,13:32:28,Info,jk2_init,jk2_init() Found child 5942 in scoreboard slot 8,E1653,jk2_init() Found child <*> in scoreboard slot <*>,2005-12-05 13:32:28,,,,2,False,False,False,INIT
1654,2005-12-05,13:32:28,Info,jk2_init,jk2_init() Found child 5941 in scoreboard slot 7,E1654,jk2_init() Found child <*> in scoreboard slot <*>,2005-12-05 13:32:28,,,,2,False,False,False,INIT
1655,2005-12-05,13:32:30,Info,workerEnv.init,workerEnv.init() ok /etc/httpd/conf/workers2.properties,E1655,workerEnv.init() ok /etc/httpd/conf/workers2.properties,2005-12-05 13:32:30,,,,0,False,False,False,INIT
1656,2005-12-05,13:32:30,Info,workerEnv.init,workerEnv.init() ok /etc/httpd/conf/workers2.properties,E1656,workerEnv.init() ok /etc/httpd/conf/workers2.properties,2005-12-05 13:32:30,,,,0,False,False,False,INIT
1657,2005-12-05,13:32:30,Error,mod_jk,mod_jk child workerEnv in error state 6,E1657,mod_jk child workerEnv in error state <*>,2005-12-05 13:32:30,,,,1,True,False,False,FAILURE
1658,2005-12-05,13:32:30,Error,mod_jk,mod_jk child workerEnv in error state 6,E1658,mod_jk child workerEnv in error state <*>,2005-12-05 13:32:30,,,,1,True,False,False,FAILURE
1659,2005-12-05,13:36:27,Info,jk2_init,jk2_init() Found child 5954 in scoreboard slot 7,E1659,jk2_init() Found child <*> in scoreboard slot <*>,2005-12-05 13:36:27,,,,2,False,False,False,INIT
1660,2005-12-05,13:36:27,Info,jk2_init,jk2_init() Found child 5953 in scoreboard slot 6,E1660,jk2_init() Found child <*> in scoreboard slot <*>,2005-12-05 13:36:27,,,,2,False,False,False,INIT
1661,2005-12-05,13:36:58,Info,jk2_init,jk2_init() Found child 5956 in scoreboard slot 9,E1661,jk2_init() Found child <*> in scoreboard slot <*>,2005-12-05 13:36:58,,,,2,False,False,False,INIT
1662,2005-12-05,13:36:58,Info,jk2_init,jk2_init() Found child 5957 in scoreboard slot 6,E1662,jk2_init() Found child <*> in scoreboard slot <*>,2005-12-05 13:36:58,,,,2,False,False,False,INIT
1663,2005-12-05,13:36:58,Info,jk2_init,jk2_init() Found child 5955 in scoreboard slot 8,E1663,jk2_init() Found child <*> in scoreboard slot <*>,2005-12-05 13:36:58,,,,2,False,False,False,INIT
1664,2005-12-05,13:37:47,Info,jk2_init,jk2_init() Found child 5961 in scoreboard slot 6,E1664,jk2_init() Found child <*> in scoreboard slot <*>,2005-12-05 13:37:47,,,,2,False,False,False,INIT
1665,2005-12-05,13:37:47,Info,jk2_init,jk2_init() Found child 5960 in scoreboard slot 9,E1665,jk2_init() Found child <*> in scoreboard slot <*>,2005-12-05 13:37:47,,,,2,False,False,False,INIT
1666,2005-12-05,13:38:52,Info,jk2_init,jk2_init() Found child 5968 in scoreboard slot 9,E1666,jk2_init() Found child <*> in scoreboard slot <*>,2005-12-05 13:38:52,,,,2,False,False,False,INIT
1667,2005-12-05,13:38:53,Info,jk2_init,jk2_init() Found child 5965 in scoreboard slot 6,E1667,jk2_init() Found child <*> in scoreboard slot <*>,2005-12-05 13:38:53,,,,2,False,False,False,INIT
1668,2005-12-05,13:38:52,Info,jk2_init,jk2_init() Found child 5967 in scoreboard slot 8,E1668,jk2_init() Found child <*> in scoreboard slot <*>,2005-12-05 13:38:52,,,,2,False,False,False,INIT
1669,2005-12-05,13:38:53,Info,jk2_init,jk2_init() Found child 5969 in scoreboard slot 10,E1669,jk2_init() Found child <*> in scoreboard slot <*>,2005-12-05 13:38:53,,,,2,False,False,False,INIT
1670,2005-12-05,13:38:52,Info,jk2_init,jk2_init() Found child 5966 in scoreboard slot 7,E1670,jk2_init() Found child <*> in scoreboard slot <*>,2005-12-05 13:38:52,,,,2,False,False,False,INIT
1671,2005-12-05,13:39:09,Info,workerEnv.init,workerEnv.init() ok /etc/httpd/conf/workers2.properties,E1671,workerEnv.init() ok /etc/httpd/conf/workers2.properties,2005-12-05 13:39:09,,,,0,False,False,False,INIT
1672,2005-12-05,13:39:09,Info,workerEnv.init,workerEnv.init() ok /etc/httpd/conf/workers2.properties,E1672,workerEnv.init() ok /etc/httpd/conf/workers2.properties,2005-12-05 13:39:09,,,,0,False,False,False,INIT
1673,2005-12-05,13:39:14,Error,mod_jk,mod_jk child workerEnv in error state 6,E1673,mod_jk child workerEnv in error state <*>,2005-12-05 13:39:14,,,,1,True,False,False,FAILURE
1674,2005-12-05,13:39:13,Error,mod_jk,mod_jk child workerEnv in error state 8,E1674,mod_jk child workerEnv in error state <*>,2005-12-05 13:39:13,,,,1,True,False,False,FAILURE
1675,2005-12-05,13:39:36,Info,jk2_init,jk2_init() Found child 5970 in scoreboard slot 6,E1675,jk2_init() Found child <*> in scoreboard slot <*>,2005-12-05 13:39:36,,,,2,False,False,False,INIT
1676,2005-12-05,13:39:36,Info,jk2_init,jk2_init() Found child 5971 in scoreboard slot 7,E1676,jk2_init() Found child <*> in scoreboard slot <*>,2005-12-05 13:39:36,,,,2,False,False,False,INIT
1677,2005-12-05,13:39:41,Info,jk2_init,jk2_init() Found child 5972 in scoreboard slot 8,E1677,jk2_init() Found child <*> in scoreboard slot <*>,2005-12-05 13:39:41,,,,2,False,False,False,INIT
1678,2005-12-05,13:39:41,Info,workerEnv.init,workerEnv.init() ok /etc/httpd/conf/workers2.properties,E1678,workerEnv.init() ok /etc/httpd/conf/workers2.properties,2005-12-05 13:39:41,,,,0,False,False,False,INIT
1679,2005-12-05,13:39:41,Info,workerEnv.init,workerEnv.init() ok /etc/httpd/conf/workers2.properties,E1679,workerEnv.init() ok /etc/httpd/conf/workers2.properties,2005-12-05 13:39:41,,,,0,False,False,False,INIT
1680,2005-12-05,13:39:41,Info,workerEnv.init,workerEnv.init() ok /etc/httpd/conf/workers2.properties,E1680,workerEnv.init() ok /etc/httpd/conf/workers2.properties,2005-12-05 13:39:41,,,,0,False,False,False,INIT
1681,2005-12-05,13:39:41,Error,mod_jk,mod_jk child workerEnv in error state 8,E1681,mod_jk child workerEnv in error state <*>,2005-12-05 13:39:41,,,,1,True,False,False,FAILURE
1682,2005-12-05,13:39:41,Error,mod_jk,mod_jk child workerEnv in error state 9,E1682,mod_jk child workerEnv in error state <*>,2005-12-05 13:39:41,,,,1,True,False,False,FAILURE
1683,2005-12-05,13:39:41,Error,mod_jk,mod_jk child workerEnv in error state 8,E1683,mod_jk child workerEnv in error state <*>,2005-12-05 13:39:41,,,,1,True,False,False,FAILURE
1684,2005-12-05,13:41:11,Info,jk2_init,jk2_init() Found child 5981 in scoreboard slot 9,E1684,jk2_init() Found child <*> in scoreboard slot <*>,2005-12-05 13:41:11,,,,2,False,False,False,INIT
1685,2005-12-05,13:41:12,Info,jk2_init,jk2_init() Found child 5982 in scoreboard slot 6,E1685,jk2_init() Found child <*> in scoreboard slot <*>,2005-12-05 13:41:12,,,,2,False,False,False,INIT
1686,2005-12-05,13:41:58,Info,jk2_init,jk2_init() Found child 5984 in scoreboard slot 8,E1686,jk2_init() Found child <*> in scoreboard slot <*>,2005-12-05 13:41:58,,,,2,False,False,False,INIT
1687,2005-12-05,13:41:58,Info,jk2_init,jk2_init() Found child 5985 in scoreboard slot 9,E1687,jk2_init() Found child <*> in scoreboard slot <*>,2005-12-05 13:41:58,,,,2,False,False,False,INIT
1688,2005-12-05,13:43:27,Info,jk2_init,jk2_init() Found child 5992 in scoreboard slot 8,E1688,jk2_init() Found child <*> in scoreboard slot <*>,2005-12-05 13:43:27,,,,2,False,False,False,INIT
1689,2005-12-05,13:43:27,Info,jk2_init,jk2_init() Found child 5993 in scoreboard slot 9,E1689,jk2_init() Found child <*> in scoreboard slot <*>,2005-12-05 13:43:27,,,,2,False,False,False,INIT
1690,2005-12-05,13:43:27,Info,jk2_init,jk2_init() Found child 5990 in scoreboard slot 6,E1690,jk2_init() Found child <*> in scoreboard slot <*>,2005-12-05 13:43:27,,,,2,False,False,False,INIT
1691,2005-12-05,13:43:27,Info,jk2_init,jk2_init() Found child 5991 in scoreboard slot 7,E1691,jk2_init() Found child <*> in scoreboard slot <*>,2005-12-05 13:43:27,,,,2,False,False,False,INIT
1692,2005-12-05,13:43:43,Info,workerEnv.init,workerEnv.init() ok /etc/httpd/conf/workers2.properties,E1692,workerEnv.init() ok /etc/httpd/conf/workers2.properties,2005-12-05 13:43:43,,,,0,False,False,False,INIT
1693,2005-12-05,13:43:44,Info,workerEnv.init,workerEnv.init() ok /etc/httpd/conf/workers2.properties,E1693,workerEnv.init() ok /etc/httpd/conf/workers2.properties,2005-12-05 13:43:44,,,,0,False,False,False,INIT
1694,2005-12-05,13:43:43,Info,workerEnv.init,workerEnv.init() ok /etc/httpd/conf/workers2.properties,E1694,workerEnv.init() ok /etc/httpd/conf/workers2.properties,2005-12-05 13:43:43,,,,0,False,False,False,INIT
1695,2005-12-05,13:43:46,Error,mod_jk,mod_jk child workerEnv in error state 6,E1695,mod_jk child workerEnv in error state <*>,2005-12-05 13:43:46,,,,1,True,False,False,FAILURE
1696,2005-12-05,13:43:46,Error,mod_jk,mod_jk child workerEnv in error state 8,E1696,mod_jk child workerEnv in error state <*>,2005-12-05 13:43:46,,,,1,True,False,False,FAILURE
1697,2005-12-05,13:43:46,Error,mod_jk,mod_jk child workerEnv in error state 7,E1697,mod_jk child workerEnv in error state <*>,2005-12-05 13:43:46,,,,1,True,False,False,FAILURE
1698,2005-12-05,13:44:18,Info,jk2_init,jk2_init() Found child 5995 in scoreboard slot 7,E1698,jk2_init() Found child <*> in scoreboard slot <*>,2005-12-05 13:44:18,,,,2,False,False,False,INIT
1699,2005-12-05,13:44:18,Info,jk2_init,jk2_init() Found child 5996 in scoreboard slot 8,E1699,jk2_init() Found child <*> in scoreboard slot <*>,2005-12-05 13:44:18,,,,2,False,False,False,INIT
1700,2005-12-05,13:44:32,Info,workerEnv.init,workerEnv.init() ok /etc/httpd/conf/workers2.properties,E1700,workerEnv.init() ok /etc/httpd/conf/workers2.properties,2005-12-05 13:44:32,,,,0,False,False,False,INIT
1701,2005-12-05,13:44:35,Info,workerEnv.init,workerEnv.init() ok /etc/httpd/conf/workers2.properties,E1701,workerEnv.init() ok /etc/httpd/conf/workers2.properties,2005-12-05 13:44:35,,,,0,False,False,False,INIT
1702,2005-12-05,13:44:38,Error,mod_jk,mod_jk child workerEnv in error state 6,E1702,mod_jk child workerEnv in error state <*>,2005-12-05 13:44:38,,,,1,True,False,False,FAILURE
1703,2005-12-05,13:44:38,Error,mod_jk,mod_jk child workerEnv in error state 6,E1703,mod_jk child workerEnv in error state <*>,2005-12-05 13:44:38,,,,1,True,False,False,FAILURE
1704,2005-12-05,13:44:53,Info,jk2_init,jk2_init() Found child 5997 in scoreboard slot 9,E1704,jk2_init() Found child <*> in scoreboard slot <*>,2005-12-05 13:44:53,,,,2,False,False,False,INIT
1705,2005-12-05,13:45:01,Info,jk2_init,jk2_init() Found child 5998 in scoreboard slot 6,E1705,jk2_init() Found child <*> in scoreboard slot <*>,2005-12-05 13:45:01,,,,2,False,False,False,INIT
1706,2005-12-05,13:45:01,Info,jk2_init,jk2_init() Found child 5999 in scoreboard slot 7,E1706,jk2_init() Found child <*> in scoreboard slot <*>,2005-12-05 13:45:01,,,,2,False,False,False,INIT
1707,2005-12-05,13:45:08,Info,workerEnv.init,workerEnv.init() ok /etc/httpd/conf/workers2.properties,E1707,workerEnv.init() ok /etc/httpd/conf/workers2.properties,2005-12-05 13:45:08,,,,0,False,False,False,INIT
1708,2005-12-05,13:45:08,Info,workerEnv.init,workerEnv.init() ok /etc/httpd/conf/workers2.properties,E1708,workerEnv.init() ok /etc/httpd/conf/workers2.properties,2005-12-05 13:45:08,,,,0,False,False,False,INIT
1709,2005-12-05,13:45:08,Info,workerEnv.init,workerEnv.init() ok /etc/httpd/conf/workers2.properties,E1709,workerEnv.init() ok /etc/httpd/conf/workers2.properties,2005-12-05 13:45:08,,,,0,False,False,False,INIT
1710,2005-12-05,13:45:08,Error,mod_jk,mod_jk child workerEnv in error state 6,E1710,mod_jk child workerEnv in error state <*>,2005-12-05 13:45:08,,,,1,True,False,False,FAILURE
1711,2005-12-05,13:45:08,Error,mod_jk,mod_jk child workerEnv in error state 8,E1711,mod_jk child workerEnv in error state <*>,2005-12-05 13:45:08,,,,1,True,False,False,FAILURE
1712,2005-12-05,13:45:08,Error,mod_jk,mod_jk child workerEnv in error state 6,E1712,mod_jk child workerEnv in error state <*>,2005-12-05 13:45:08,,,,1,True,False,False,FAILURE
1713,2005-12-05,13:46:20,Info,jk2_init,jk2_init() Found child 6007 in scoreboard slot 7,E1713,jk2_init() Found child <*> in scoreboard slot <*>,2005-12-05 13:46:20,,,,2,False,False,False,INIT
1714,2005-12-05,13:46:20,Info,jk2_init,jk2_init() Found child 6006 in scoreboard slot 6,E1714,jk2_init() Found child <*> in scoreboard slot <*>,2005-12-05 13:46:20,,,,2,False,False,False,INIT
1715,2005-12-05,13:46:20,Info,jk2_init,jk2_init() Found child 6005 in scoreboard slot 9,E1715,jk2_init() Found child <*> in scoreboard slot <*>,2005-12-05 13:46:20,,,,2,False,False,False,INIT
1716,2005-12-05,13:46:50,Info,workerEnv.init,workerEnv.init() ok /etc/httpd/conf/workers2.properties,E1716,workerEnv.init() ok /etc/httpd/conf/workers2.properties,2005-12-05 13:46:50,,,,0,False,False,False,INIT
1717,2005-12-05,13:47:06,Info,jk2_init,jk2_init() Found child 6008 in scoreboard slot 8,E1717,jk2_init() Found child <*> in scoreboard slot <*>,2005-12-05 13:47:06,,,,2,False,False,False,INIT
1718,2005-12-05,13:47:06,Info,jk2_init,jk2_init() Found child 6009 in scoreboard slot 9,E1718,jk2_init() Found child <*> in scoreboard slot <*>,2005-12-05 13:47:06,,,,2,False,False,False,INIT
1719,2005-12-05,13:47:09,Info,jk2_init,jk2_init() Found child 6011 in scoreboard slot 7,E1719,jk2_init() Found child <*> in scoreboard slot <*>,2005-12-05 13:47:09,,,,2,False,False,False,INIT
1720,2005-12-05,13:47:09,Info,jk2_init,jk2_init() Found child 6010 in scoreboard slot 6,E1720,jk2_init() Found child <*> in scoreboard slot <*>,2005-12-05 13:47:09,,,,2,False,False,False,INIT
1721,2005-12-05,13:47:11,Info,workerEnv.init,workerEnv.init() ok /etc/httpd/conf/workers2.properties,E1721,workerEnv.init() ok /etc/httpd/conf/workers2.properties,2005-12-05 13:47:11,,,,0,False,False,False,INIT
1722,2005-12-05,13:47:11,Info,workerEnv.init,workerEnv.init() ok /etc/httpd/conf/workers2.properties,E1722,workerEnv.init() ok /etc/httpd/conf/workers2.properties,2005-12-05 13:47:11,,,,0,False,False,False,INIT
1723,2005-12-05,13:47:11,Info,workerEnv.init,workerEnv.init() ok /etc/httpd/conf/workers2.properties,E1723,workerEnv.init() ok /etc/httpd/conf/workers2.properties,2005-12-05 13:47:11,,,,0,False,False,False,INIT
1724,2005-12-05,13:47:11,Info,workerEnv.init,workerEnv.init() ok /etc/httpd/conf/workers2.properties,E1724,workerEnv.init() ok /etc/httpd/conf/workers2.properties,2005-12-05 13:47:11,,,,0,False,False,False,INIT
1725,2005-12-05,13:47:11,Error,mod_jk,mod_jk child workerEnv in error state 7,E1725,mod_jk child workerEnv in error state <*>,2005-12-05 13:47:11,,,,1,True,False,False,FAILURE
1726,2005-12-05,13:47:11,Error,mod_jk,mod_jk child workerEnv in error state 6,E1726,mod_jk child workerEnv in error state <*>,2005-12-05 13:47:11,,,,1,True,False,False,FAILURE
1727,2005-12-05,13:47:11,Error,mod_jk,mod_jk child workerEnv in error state 7,E1727,mod_jk child workerEnv in error state <*>,2005-12-05 13:47:11,,,,1,True,False,False,FAILURE
1728,2005-12-05,13:47:11,Error,mod_jk,mod_jk child workerEnv in error state 7,E1728,mod_jk child workerEnv in error state <*>,2005-12-05 13:47:11,,,,1,True,False,False,FAILURE
1729,2005-12-05,13:51:17,Info,jk2_init,jk2_init() Found child 6028 in scoreboard slot 9,E1729,jk2_init() Found child <*> in scoreboard slot <*>,2005-12-05 13:51:17,,,,2,False,False,False,INIT
1730,2005-12-05,13:52:19,Info,jk2_init,jk2_init() Found child 6036 in scoreboard slot 9,E1730,jk2_init() Found child <*> in scoreboard slot <*>,2005-12-05 13:52:19,,,,2,False,False,False,INIT
1731,2005-12-05,13:52:19,Info,jk2_init,jk2_init() Found child 6033 in scoreboard slot 6,E1731,jk2_init() Found child <*> in scoreboard slot <*>,2005-12-05 13:52:19,,,,2,False,False,False,INIT
1732,2005-12-05,13:52:19,Info,jk2_init,jk2_init() Found child 6035 in scoreboard slot 8,E1732,jk2_init() Found child <*> in scoreboard slot <*>,2005-12-05 13:52:19,,,,2,False,False,False,INIT
1733,2005-12-05,13:52:19,Info,jk2_init,jk2_init() Found child 6034 in scoreboard slot 7,E1733,jk2_init() Found child <*> in scoreboard slot <*>,2005-12-05 13:52:19,,,,2,False,False,False,INIT
1734,2005-12-05,13:52:33,Info,workerEnv.init,workerEnv.init() ok /etc/httpd/conf/workers2.properties,E1734,workerEnv.init() ok /etc/httpd/conf/workers2.properties,2005-12-05 13:52:33,,,,0,False,False,False,INIT
1735,2005-12-05,13:52:33,Info,workerEnv.init,workerEnv.init() ok /etc/httpd/conf/workers2.properties,E1735,workerEnv.init() ok /etc/httpd/conf/workers2.properties,2005-12-05 13:52:33,,,,0,False,False,False,INIT
1736,2005-12-05,13:52:36,Error,mod_jk,mod_jk child workerEnv in error state 6,E1736,mod_jk child workerEnv in error state <*>,2005-12-05 13:52:36,,,,1,True,False,False,FAILURE
1737,2005-12-05,13:52:36,Error,mod_jk,mod_jk child workerEnv in error state 6,E1737,mod_jk child workerEnv in error state <*>,2005-12-05 13:52:36,,,,1,True,False,False,FAILURE
1738,2005-12-05,13:53:00,Info,jk2_init,jk2_init() Found child 6038 in scoreboard slot 7,E1738,jk2_init() Found child <*> in scoreboard slot <*>,2005-12-05 13:53:00,,,,2,False,False,False,INIT
1739,2005-12-05,13:53:00,Info,jk2_init,jk2_init() Found child 6037 in scoreboard slot 6,E1739,jk2_init() Found child <*> in scoreboard slot <*>,2005-12-05 13:53:00,,,,2,False,False,False,INIT
1740,2005-12-05,13:53:00,Info,jk2_init,jk2_init() Found child 6039 in scoreboard slot 10,E1740,jk2_init() Found child <*> in scoreboard slot <*>,2005-12-05 13:53:00,,,,2,False,False,False,INIT
1741,2005-12-05,13:53:31,Info,jk2_init,jk2_init() Found child 6043 in scoreboard slot 9,E1741,jk2_init() Found child <*> in scoreboard slot <*>,2005-12-05 13:53:31,,,,2,False,False,False,INIT
1742,2005-12-05,13:53:31,Info,jk2_init,jk2_init() Found child 6042 in scoreboard slot 7,E1742,jk2_init() Found child <*> in scoreboard slot <*>,2005-12-05 13:53:31,,,,2,False,False,False,INIT
1743,2005-12-05,13:53:31,Info,jk2_init,jk2_init() Found child 6041 in scoreboard slot 6,E1743,jk2_init() Found child <*> in scoreboard slot <*>,2005-12-05 13:53:31,,,,2,False,False,False,INIT
1744,2005-12-05,13:53:34,Info,jk2_init,jk2_init() Found child 6044 in scoreboard slot 8,E1744,jk2_init() Found child <*> in scoreboard slot <*>,2005-12-05 13:53:34,,,,2,False,False,False,INIT
1745,2005-12-05,13:53:35,Info,workerEnv.init,workerEnv.init() ok /etc/httpd/conf/workers2.properties,E1745,workerEnv.init() ok /etc/httpd/conf/workers2.properties,2005-12-05 13:53:35,,,,0,False,False,False,INIT
1746,2005-12-05,13:53:35,Info,workerEnv.init,workerEnv.init() ok /etc/httpd/conf/workers2.properties,E1746,workerEnv.init() ok /etc/httpd/conf/workers2.properties,2005-12-05 13:53:35,,,,0,False,False,False,INIT
1747,2005-12-05,13:53:35,Info,workerEnv.init,workerEnv.init() ok /etc/httpd/conf/workers2.properties,E1747,workerEnv.init() ok /etc/httpd/conf/workers2.properties,2005-12-05 13:53:35,,,,0,False,False,False,INIT
1748,2005-12-05,13:53:35,Info,workerEnv.init,workerEnv.init() ok /etc/httpd/conf/workers2.properties,E1748,workerEnv.init() ok /etc/httpd/conf/workers2.properties,2005-12-05 13:53:35,,,,0,False,False,False,INIT
1749,2005-12-05,13:53:35,Error,mod_jk,mod_jk child workerEnv in error state 6,E1749,mod_jk child workerEnv in error state <*>,2005-12-05 13:53:35,,,,1,True,False,False,FAILURE
1750,2005-12-05,13:53:35,Error,mod_jk,mod_jk child workerEnv in error state 8,E1750,mod_jk child workerEnv in error state <*>,2005-12-05 13:53:35,,,,1,True,False,False,FAILURE
1751,2005-12-05,13:53:35,Error,mod_jk,mod_jk child workerEnv in error state 6,E1751,mod_jk child workerEnv in error state <*>,2005-12-05 13:53:35,,,,1,True,False,False,FAILURE
1752,2005-12-05,13:53:35,Error,mod_jk,mod_jk child workerEnv in error state 8,E1752,mod_jk child workerEnv in error state <*>,2005-12-05 13:53:35,,,,1,True,False,False,FAILURE
1753,2005-12-05,13:56:21,Info,jk2_init,jk2_init() Found child 6052 in scoreboard slot 6,E1753,jk2_init() Found child <*> in scoreboard slot <*>,2005-12-05 13:56:21,,,,2,False,False,False,INIT
1754,2005-12-05,13:56:38,Info,jk2_init,jk2_init() Found child 6053 in scoreboard slot 7,E1754,jk2_init() Found child <*> in scoreboard slot <*>,2005-12-05 13:56:38,,,,2,False,False,False,INIT
1755,2005-12-05,13:57:07,Info,jk2_init,jk2_init() Found child 6054 in scoreboard slot 9,E1755,jk2_init() Found child <*> in scoreboard slot <*>,2005-12-05 13:57:07,,,,2,False,False,False,INIT
1756,2005-12-05,13:57:07,Info,jk2_init,jk2_init() Found child 6055 in scoreboard slot 8,E1756,jk2_init() Found child <*> in scoreboard slot <*>,2005-12-05 13:57:07,,,,2,False,False,False,INIT
1757,2005-12-05,13:58:31,Info,jk2_init,jk2_init() Found child 6063 in scoreboard slot 8,E1757,jk2_init() Found child <*> in scoreboard slot <*>,2005-12-05 13:58:31,,,,2,False,False,False,INIT
1758,2005-12-05,13:58:31,Info,jk2_init,jk2_init() Found child 6062 in scoreboard slot 9,E1758,jk2_init() Found child <*> in scoreboard slot <*>,2005-12-05 13:58:31,,,,2,False,False,False,INIT
1759,2005-12-05,13:59:43,Info,jk2_init,jk2_init() Found child 6069 in scoreboard slot 7,E1759,jk2_init() Found child <*> in scoreboard slot <*>,2005-12-05 13:59:43,,,,2,False,False,False,INIT
1760,2005-12-05,13:59:43,Info,jk2_init,jk2_init() Found child 6070 in scoreboard slot 9,E1760,jk2_init() Found child <*> in scoreboard slot <*>,2005-12-05 13:59:43,,,,2,False,False,False,INIT
1761,2005-12-05,13:59:43,Info,jk2_init,jk2_init() Found child 6071 in scoreboard slot 8,E1761,jk2_init() Found child <*> in scoreboard slot <*>,2005-12-05 13:59:43,,,,2,False,False,False,INIT
1762,2005-12-05,14:01:47,Info,jk2_init,jk2_init() Found child 6100 in scoreboard slot 7,E1762,jk2_init() Found child <*> in scoreboard slot <*>,2005-12-05 14:01:47,,,,2,False,False,False,INIT
1763,2005-12-05,14:01:47,Info,jk2_init,jk2_init() Found child 6101 in scoreboard slot 8,E1763,jk2_init() Found child <*> in scoreboard slot <*>,2005-12-05 14:01:47,,,,2,False,False,False,INIT
1764,2005-12-05,14:01:47,Info,jk2_init,jk2_init() Found child 6099 in scoreboard slot 6,E1764,jk2_init() Found child <*> in scoreboard slot <*>,2005-12-05 14:01:47,,,,2,False,False,False,INIT
1765,2005-12-05,14:01:48,Info,workerEnv.init,workerEnv.init() ok /etc/httpd/conf/workers2.properties,E1765,workerEnv.init() ok /etc/httpd/conf/workers2.properties,2005-12-05 14:01:48,,,,0,False,False,False,INIT
1766,2005-12-05,14:01:48,Error,mod_jk,mod_jk child workerEnv in error state 7,E1766,mod_jk child workerEnv in error state <*>,2005-12-05 14:01:48,,,,1,True,False,False,FAILURE
1767,2005-12-05,14:01:48,Info,workerEnv.init,workerEnv.init() ok /etc/httpd/conf/workers2.properties,E1767,workerEnv.init() ok /etc/httpd/conf/workers2.properties,2005-12-05 14:01:48,,,,0,False,False,False,INIT
1768,2005-12-05,14:01:48,Error,mod_jk,mod_jk child workerEnv in error state 9,E1768,mod_jk child workerEnv in error state <*>,2005-12-05 14:01:48,,,,1,True,False,False,FAILURE
1769,2005-12-05,14:01:48,Info,workerEnv.init,workerEnv.init() ok /etc/httpd/conf/workers2.properties,E1769,workerEnv.init() ok /etc/httpd/conf/workers2.properties,2005-12-05 14:01:48,,,,0,False,False,False,INIT
1770,2005-12-05,14:01:48,Error,mod_jk,mod_jk child workerEnv in error state 8,E1770,mod_jk child workerEnv in error state <*>,2005-12-05 14:01:48,,,,1,True,False,False,FAILURE
1771,2005-12-05,14:11:40,Info,jk2_init,jk2_init() Found child 6115 in scoreboard slot 10,E1771,jk2_init() Found child <*> in scoreboard slot <*>,2005-12-05 14:11:40,,,,2,False,False,False,INIT
1772,2005-12-05,14:11:43,Error,client,[client 141.154.18.244] Directory index forbidden by rule: /var/www/html/,E1772,[client <*>.<*>.<*>.<*>] Directory index forbidden by rule: /var/www/html/,2005-12-05 14:11:43,,,,4,True,False,False,FAILURE
1773,2005-12-05,14:11:45,Info,workerEnv.init,workerEnv.init() ok /etc/httpd/conf/workers2.properties,E1773,workerEnv.init() ok /etc/httpd/conf/workers2.properties,2005-12-05 14:11:45,,,,0,False,False,False,INIT
1774,2005-12-05,14:11:45,Error,mod_jk,mod_jk child workerEnv in error state 7,E1774,mod_jk child workerEnv in error state <*>,2005-12-05 14:11:45,,,,1,True,False,False,FAILURE
1775,2005-12-05,15:31:06,Info,jk2_init,jk2_init() Found child 6259 in scoreboard slot 6,E1775,jk2_init() Found child <*> in scoreboard slot <*>,2005-12-05 15:31:06,,,,2,False,False,False,INIT
1776,2005-12-05,15:31:06,Info,jk2_init,jk2_init() Found child 6260 in scoreboard slot 7,E1776,jk2_init() Found child <*> in scoreboard slot <*>,2005-12-05 15:31:06,,,,2,False,False,False,INIT
1777,2005-12-05,15:31:09,Info,jk2_init,jk2_init() Found child 6261 in scoreboard slot 8,E1777,jk2_init() Found child <*> in scoreboard slot <*>,2005-12-05 15:31:09,,,,2,False,False,False,INIT
1778,2005-12-05,15:31:10,Info,workerEnv.init,workerEnv.init() ok /etc/httpd/conf/workers2.properties,E1778,workerEnv.init() ok /etc/httpd/conf/workers2.properties,2005-12-05 15:31:10,,,,0,False,False,False,INIT
1779,2005-12-05,15:31:10,Error,mod_jk,mod_jk child workerEnv in error state 6,E1779,mod_jk child workerEnv in error state <*>,2005-12-05 15:31:10,,,,1,True,False,False,FAILURE
1780,2005-12-05,15:31:10,Info,workerEnv.init,workerEnv.init() ok /etc/httpd/conf/workers2.properties,E1780,workerEnv.init() ok /etc/httpd/conf/workers2.properties,2005-12-05 15:31:10,,,,0,False,False,False,INIT
1781,2005-12-05,15:31:10,Error,mod_jk,mod_jk child workerEnv in error state 6,E1781,mod_jk child workerEnv in error state <*>,2005-12-05 15:31:10,,,,1,True,False,False,FAILURE
1782,2005-12-05,15:31:10,Info,workerEnv.init,workerEnv.init() ok /etc/httpd/conf/workers2.properties,E1782,workerEnv.init() ok /etc/httpd/conf/workers2.properties,2005-12-05 15:31:10,,,,0,False,False,False,INIT
1783,2005-12-05,15:31:10,Error,mod_jk,mod_jk child workerEnv in error state 6,E1783,mod_jk child workerEnv in error state <*>,2005-12-05 15:31:10,,,,1,True,False,False,FAILURE
1784,2005-12-05,15:40:59,Info,jk2_init,jk2_init() Found child 6277 in scoreboard slot 7,E1784,jk2_init() Found child <*> in scoreboard slot <*>,2005-12-05 15:40:59,,,,2,False,False,False,INIT
1785,2005-12-05,15:40:59,Info,jk2_init,jk2_init() Found child 6276 in scoreboard slot 6,E1785,jk2_init() Found child <*> in scoreboard slot <*>,2005-12-05 15:40:59,,,,2,False,False,False,INIT
1786,2005-12-05,15:41:32,Info,jk2_init,jk2_init() Found child 6280 in scoreboard slot 7,E1786,jk2_init() Found child <*> in scoreboard slot <*>,2005-12-05 15:41:32,,,,2,False,False,False,INIT
1787,2005-12-05,15:41:32,Info,jk2_init,jk2_init() Found child 6278 in scoreboard slot 8,E1787,jk2_init() Found child <*> in scoreboard slot <*>,2005-12-05 15:41:32,,,,2,False,False,False,INIT
1788,2005-12-05,15:41:32,Info,jk2_init,jk2_init() Found child 6279 in scoreboard slot 6,E1788,jk2_init() Found child <*> in scoreboard slot <*>,2005-12-05 15:41:32,,,,2,False,False,False,INIT
1789,2005-12-05,15:41:32,Info,workerEnv.init,workerEnv.init() ok /etc/httpd/conf/workers2.properties,E1789,workerEnv.init() ok /etc/httpd/conf/workers2.properties,2005-12-05 15:41:32,,,,0,False,False,False,INIT
1790,2005-12-05,15:41:32,Error,mod_jk,mod_jk child workerEnv in error state 7,E1790,mod_jk child workerEnv in error state <*>,2005-12-05 15:41:32,,,,1,True,False,False,FAILURE
1791,2005-12-05,15:41:32,Info,workerEnv.init,workerEnv.init() ok /etc/httpd/conf/workers2.properties,E1791,workerEnv.init() ok /etc/httpd/conf/workers2.properties,2005-12-05 15:41:32,,,,0,False,False,False,INIT
1792,2005-12-05,15:41:32,Error,mod_jk,mod_jk child workerEnv in error state 6,E1792,mod_jk child workerEnv in error state <*>,2005-12-05 15:41:32,,,,1,True,False,False,FAILURE
1793,2005-12-05,15:41:32,Info,workerEnv.init,workerEnv.init() ok /etc/httpd/conf/workers2.properties,E1793,workerEnv.init() ok /etc/httpd/conf/workers2.properties,2005-12-05 15:41:32,,,,0,False,False,False,INIT
1794,2005-12-05,15:41:32,Error,mod_jk,mod_jk child workerEnv in error state 7,E1794,mod_jk child workerEnv in error state <*>,2005-12-05 15:41:32,,,,1,True,False,False,FAILURE
1795,2005-12-05,15:45:42,Info,jk2_init,jk2_init() Found child 6285 in scoreboard slot 8,E1795,jk2_init() Found child <*> in scoreboard slot <*>,2005-12-05 15:45:42,,,,2,False,False,False,INIT
1796,2005-12-05,15:45:44,Info,workerEnv.init,workerEnv.init() ok /etc/httpd/conf/workers2.properties,E1796,workerEnv.init() ok /etc/httpd/conf/workers2.properties,2005-12-05 15:45:44,,,,0,False,False,False,INIT
1797,2005-12-05,15:45:44,Error,mod_jk,mod_jk child workerEnv in error state 6,E1797,mod_jk child workerEnv in error state <*>,2005-12-05 15:45:44,,,,1,True,False,False,FAILURE
1798,2005-12-05,15:50:53,Info,jk2_init,jk2_init() Found child 6293 in scoreboard slot 6,E1798,jk2_init() Found child <*> in scoreboard slot <*>,2005-12-05 15:50:53,,,,2,False,False,False,INIT
1799,2005-12-05,15:50:53,Info,jk2_init,jk2_init() Found child 6294 in scoreboard slot 7,E1799,jk2_init() Found child <*> in scoreboard slot <*>,2005-12-05 15:50:53,,,,2,False,False,False,INIT
1800,2005-12-05,15:51:18,Info,jk2_init,jk2_init() Found child 6297 in scoreboard slot 7,E1800,jk2_init() Found child <*> in scoreboard slot <*>,2005-12-05 15:51:18,,,,2,False,False,False,INIT
1801,2005-12-05,15:51:18,Info,jk2_init,jk2_init() Found child 6295 in scoreboard slot 8,E1801,jk2_init() Found child <*> in scoreboard slot <*>,2005-12-05 15:51:18,,,,2,False,False,False,INIT
1802,2005-12-05,15:51:18,Info,jk2_init,jk2_init() Found child 6296 in scoreboard slot 6,E1802,jk2_init() Found child <*> in scoreboard slot <*>,2005-12-05 15:51:18,,,,2,False,False,False,INIT
1803,2005-12-05,15:51:20,Info,workerEnv.init,workerEnv.init() ok /etc/httpd/conf/workers2.properties,E1803,workerEnv.init() ok /etc/httpd/conf/workers2.properties,2005-12-05 15:51:20,,,,0,False,False,False,INIT
1804,2005-12-05,15:51:20,Error,mod_jk,mod_jk child workerEnv in error state 7,E1804,mod_jk child workerEnv in error state <*>,2005-12-05 15:51:20,,,,1,True,False,False,FAILURE
1805,2005-12-05,15:51:20,Info,workerEnv.init,workerEnv.init() ok /etc/httpd/conf/workers2.properties,E1805,workerEnv.init() ok /etc/httpd/conf/workers2.properties,2005-12-05 15:51:20,,,,0,False,False,False,INIT
1806,2005-12-05,15:51:20,Error,mod_jk,mod_jk child workerEnv in error state 7,E1806,mod_jk child workerEnv in error state <*>,2005-12-05 15:51:20,,,,1,True,False,False,FAILURE
1807,2005-12-05,15:51:20,Info,workerEnv.init,workerEnv.init() ok /etc/httpd/conf/workers2.properties,E1807,workerEnv.init() ok /etc/httpd/conf/workers2.properties,2005-12-05 15:51:20,,,,0,False,False,False,INIT
1808,2005-12-05,15:51:20,Error,mod_jk,mod_jk child workerEnv in error state 6,E1808,mod_jk child workerEnv in error state <*>,2005-12-05 15:51:20,,,,1,True,False,False,FAILURE
1809,2005-12-05,15:55:31,Info,jk2_init,jk2_init() Found child 6302 in scoreboard slot 8,E1809,jk2_init() Found child <*> in scoreboard slot <*>,2005-12-05 15:55:31,,,,2,False,False,False,INIT
1810,2005-12-05,15:55:32,Info,workerEnv.init,workerEnv.init() ok /etc/httpd/conf/workers2.properties,E1810,workerEnv.init() ok /etc/httpd/conf/workers2.properties,2005-12-05 15:55:32,,,,0,False,False,False,INIT
1811,2005-12-05,15:55:32,Error,mod_jk,mod_jk child workerEnv in error state 6,E1811,mod_jk child workerEnv in error state <*>,2005-12-05 15:55:32,,,,1,True,False,False,FAILURE
1812,2005-12-05,16:01:17,Info,jk2_init,jk2_init() Found child 6310 in scoreboard slot 6,E1812,jk2_init() Found child <*> in scoreboard slot <*>,2005-12-05 16:01:17,,,,2,False,False,False,INIT
1813,2005-12-05,16:02:00,Info,jk2_init,jk2_init() Found child 6315 in scoreboard slot 6,E1813,jk2_init() Found child <*> in scoreboard slot <*>,2005-12-05 16:02:00,,,,2,False,False,False,INIT
1814,2005-12-05,16:02:00,Info,jk2_init,jk2_init() Found child 6316 in scoreboard slot 7,E1814,jk2_init() Found child <*> in scoreboard slot <*>,2005-12-05 16:02:00,,,,2,False,False,False,INIT
1815,2005-12-05,16:02:00,Info,jk2_init,jk2_init() Found child 6314 in scoreboard slot 8,E1815,jk2_init() Found child <*> in scoreboard slot <*>,2005-12-05 16:02:00,,,,2,False,False,False,INIT
1816,2005-12-05,16:02:02,Info,workerEnv.init,workerEnv.init() ok /etc/httpd/conf/workers2.properties,E1816,workerEnv.init() ok /etc/httpd/conf/workers2.properties,2005-12-05 16:02:02,,,,0,False,False,False,INIT
1817,2005-12-05,16:02:02,Info,workerEnv.init,workerEnv.init() ok /etc/httpd/conf/workers2.properties,E1817,workerEnv.init() ok /etc/httpd/conf/workers2.properties,2005-12-05 16:02:02,,,,0,False,False,False,INIT
1818,2005-12-05,16:02:02,Info,workerEnv.init,workerEnv.init() ok /etc/httpd/conf/workers2.properties,E1818,workerEnv.init() ok /etc/httpd/conf/workers2.properties,2005-12-05 16:02:02,,,,0,False,False,False,INIT
1819,2005-12-05,16:02:02,Error,mod_jk,mod_jk child workerEnv in error state 6,E1819,mod_jk child workerEnv in error state <*>,2005-12-05 16:02:02,,,,1,True,False,False,FAILURE
1820,2005-12-05,16:02:02,Error,mod_jk,mod_jk child workerEnv in error state 7,E1820,mod_jk child workerEnv in error state <*>,2005-12-05 16:02:02,,,,1,True,False,False,FAILURE
1821,2005-12-05,16:02:02,Error,mod_jk,mod_jk child workerEnv in error state 6,E1821,mod_jk child workerEnv in error state <*>,2005-12-05 16:02:02,,,,1,True,False,False,FAILURE
1822,2005-12-05,16:06:07,Info,jk2_init,jk2_init() Found child 6333 in scoreboard slot 8,E1822,jk2_init() Found child <*> in scoreboard slot <*>,2005-12-05 16:06:07,,,,2,False,False,False,INIT
1823,2005-12-05,16:06:21,Info,jk2_init,jk2_init() Found child 6335 in scoreboard slot 7,E1823,jk2_init() Found child <*> in scoreboard slot <*>,2005-12-05 16:06:21,,,,2,False,False,False,INIT
1824,2005-12-05,16:07:08,Info,jk2_init,jk2_init() Found child 6339 in scoreboard slot 8,E1824,jk2_init() Found child <*> in scoreboard slot <*>,2005-12-05 16:07:08,,,,2,False,False,False,INIT
1825,2005-12-05,16:07:08,Info,jk2_init,jk2_init() Found child 6340 in scoreboard slot 6,E1825,jk2_init() Found child <*> in scoreboard slot <*>,2005-12-05 16:07:08,,,,2,False,False,False,INIT
1826,2005-12-05,16:07:08,Info,jk2_init,jk2_init() Found child 6338 in scoreboard slot 7,E1826,jk2_init() Found child <*> in scoreboard slot <*>,2005-12-05 16:07:08,,,,2,False,False,False,INIT
1827,2005-12-05,16:07:09,Info,workerEnv.init,workerEnv.init() ok /etc/httpd/conf/workers2.properties,E1827,workerEnv.init() ok /etc/httpd/conf/workers2.properties,2005-12-05 16:07:09,,,,0,False,False,False,INIT
1828,2005-12-05,16:07:09,Error,mod_jk,mod_jk child workerEnv in error state 7,E1828,mod_jk child workerEnv in error state <*>,2005-12-05 16:07:09,,,,1,True,False,False,FAILURE
1829,2005-12-05,16:07:09,Info,workerEnv.init,workerEnv.init() ok /etc/httpd/conf/workers2.properties,E1829,workerEnv.init() ok /etc/httpd/conf/workers2.properties,2005-12-05 16:07:09,,,,0,False,False,False,INIT
1830,2005-12-05,16:07:09,Error,mod_jk,mod_jk child workerEnv in error state 6,E1830,mod_jk child workerEnv in error state <*>,2005-12-05 16:07:09,,,,1,True,False,False,FAILURE
1831,2005-12-05,16:07:09,Info,workerEnv.init,workerEnv.init() ok /etc/httpd/conf/workers2.properties,E1831,workerEnv.init() ok /etc/httpd/conf/workers2.properties,2005-12-05 16:07:09,,,,0,False,False,False,INIT
1832,2005-12-05,16:07:09,Error,mod_jk,mod_jk child workerEnv in error state 7,E1832,mod_jk child workerEnv in error state <*>,2005-12-05 16:07:09,,,,1,True,False,False,FAILURE
1833,2005-12-05,16:10:43,Info,jk2_init,jk2_init() Found child 6351 in scoreboard slot 8,E1833,jk2_init() Found child <*> in scoreboard slot <*>,2005-12-05 16:10:43,,,,2,False,False,False,INIT
1834,2005-12-05,16:10:43,Info,jk2_init,jk2_init() Found child 6350 in scoreboard slot 7,E1834,jk2_init() Found child <*> in scoreboard slot <*>,2005-12-05 16:10:43,,,,2,False,False,False,INIT
1835,2005-12-05,16:10:44,Info,workerEnv.init,workerEnv.init() ok /etc/httpd/conf/workers2.properties,E1835,workerEnv.init() ok /etc/httpd/conf/workers2.properties,2005-12-05 16:10:44,,,,0,False,False,False,INIT
1836,2005-12-05,16:10:44,Error,mod_jk,mod_jk child workerEnv in error state 6,E1836,mod_jk child workerEnv in error state <*>,2005-12-05 16:10:44,,,,1,True,False,False,FAILURE
1837,2005-12-05,16:10:44,Info,workerEnv.init,workerEnv.init() ok /etc/httpd/conf/workers2.properties,E1837,workerEnv.init() ok /etc/httpd/conf/workers2.properties,2005-12-05 16:10:44,,,,0,False,False,False,INIT
1838,2005-12-05,16:10:44,Error,mod_jk,mod_jk child workerEnv in error state 6,E1838,mod_jk child workerEnv in error state <*>,2005-12-05 16:10:44,,,,1,True,False,False,FAILURE
1839,2005-12-05,16:16:34,Info,jk2_init,jk2_init() Found child 6368 in scoreboard slot 8,E1839,jk2_init() Found child <*> in scoreboard slot <*>,2005-12-05 16:16:34,,,,2,False,False,False,INIT
1840,2005-12-05,16:16:34,Info,jk2_init,jk2_init() Found child 6367 in scoreboard slot 7,E1840,jk2_init() Found child <*> in scoreboard slot <*>,2005-12-05 16:16:34,,,,2,False,False,False,INIT
1841,2005-12-05,16:16:34,Info,jk2_init,jk2_init() Found child 6366 in scoreboard slot 6,E1841,jk2_init() Found child <*> in scoreboard slot <*>,2005-12-05 16:16:34,,,,2,False,False,False,INIT
1842,2005-12-05,16:16:36,Info,workerEnv.init,workerEnv.init() ok /etc/httpd/conf/workers2.properties,E1842,workerEnv.init() ok /etc/httpd/conf/workers2.properties,2005-12-05 16:16:36,,,,0,False,False,False,INIT
1843,2005-12-05,16:16:36,Error,mod_jk,mod_jk child workerEnv in error state 6,E1843,mod_jk child workerEnv in error state <*>,2005-12-05 16:16:36,,,,1,True,False,False,FAILURE
1844,2005-12-05,16:16:36,Info,workerEnv.init,workerEnv.init() ok /etc/httpd/conf/workers2.properties,E1844,workerEnv.init() ok /etc/httpd/conf/workers2.properties,2005-12-05 16:16:36,,,,0,False,False,False,INIT
1845,2005-12-05,16:16:36,Error,mod_jk,mod_jk child workerEnv in error state 6,E1845,mod_jk child workerEnv in error state <*>,2005-12-05 16:16:36,,,,1,True,False,False,FAILURE
1846,2005-12-05,16:16:36,Info,workerEnv.init,workerEnv.init() ok /etc/httpd/conf/workers2.properties,E1846,workerEnv.init() ok /etc/httpd/conf/workers2.properties,2005-12-05 16:16:36,,,,0,False,False,False,INIT
1847,2005-12-05,16:16:36,Error,mod_jk,mod_jk child workerEnv in error state 6,E1847,mod_jk child workerEnv in error state <*>,2005-12-05 16:16:36,,,,1,True,False,False,FAILURE
1848,2005-12-05,16:21:25,Info,jk2_init,jk2_init() Found child 6387 in scoreboard slot 7,E1848,jk2_init() Found child <*> in scoreboard slot <*>,2005-12-05 16:21:25,,,,2,False,False,False,INIT
1849,2005-12-05,16:21:25,Info,jk2_init,jk2_init() Found child 6386 in scoreboard slot 6,E1849,jk2_init() Found child <*> in scoreboard slot <*>,2005-12-05 16:21:25,,,,2,False,False,False,INIT
1850,2005-12-05,16:21:25,Info,jk2_init,jk2_init() Found child 6385 in scoreboard slot 8,E1850,jk2_init() Found child <*> in scoreboard slot <*>,2005-12-05 16:21:25,,,,2,False,False,False,INIT
1851,2005-12-05,16:21:29,Info,workerEnv.init,workerEnv.init() ok /etc/httpd/conf/workers2.properties,E1851,workerEnv.init() ok /etc/httpd/conf/workers2.properties,2005-12-05 16:21:29,,,,0,False,False,False,INIT
1852,2005-12-05,16:21:29,Error,mod_jk,mod_jk child workerEnv in error state 6,E1852,mod_jk child workerEnv in error state <*>,2005-12-05 16:21:29,,,,1,True,False,False,FAILURE
1853,2005-12-05,16:21:29,Info,workerEnv.init,workerEnv.init() ok /etc/httpd/conf/workers2.properties,E1853,workerEnv.init() ok /etc/httpd/conf/workers2.properties,2005-12-05 16:21:29,,,,0,False,False,False,INIT
1854,2005-12-05,16:21:29,Error,mod_jk,mod_jk child workerEnv in error state 6,E1854,mod_jk child workerEnv in error state <*>,2005-12-05 16:21:29,,,,1,True,False,False,FAILURE
1855,2005-12-05,16:21:29,Info,workerEnv.init,workerEnv.init() ok /etc/httpd/conf/workers2.properties,E1855,workerEnv.init() ok /etc/httpd/conf/workers2.properties,2005-12-05 16:21:29,,,,0,False,False,False,INIT
1856,2005-12-05,16:21:29,Error,mod_jk,mod_jk child workerEnv in error state 6,E1856,mod_jk child workerEnv in error state <*>,2005-12-05 16:21:29,,,,1,True,False,False,FAILURE
1857,2005-12-05,16:26:00,Info,jk2_init,jk2_init() Found child 6400 in scoreboard slot 7,E1857,jk2_init() Found child <*> in scoreboard slot <*>,2005-12-05 16:26:00,,,,2,False,False,False,INIT
1858,2005-12-05,16:26:00,Info,jk2_init,jk2_init() Found child 6399 in scoreboard slot 6,E1858,jk2_init() Found child <*> in scoreboard slot <*>,2005-12-05 16:26:00,,,,2,False,False,False,INIT
1859,2005-12-05,16:26:00,Info,jk2_init,jk2_init() Found child 6398 in scoreboard slot 8,E1859,jk2_init() Found child <*> in scoreboard slot <*>,2005-12-05 16:26:00,,,,2,False,False,False,INIT
1860,2005-12-05,16:26:05,Info,workerEnv.init,workerEnv.init() ok /etc/httpd/conf/workers2.properties,E1860,workerEnv.init() ok /etc/httpd/conf/workers2.properties,2005-12-05 16:26:05,,,,0,False,False,False,INIT
1861,2005-12-05,16:26:05,Error,mod_jk,mod_jk child workerEnv in error state 6,E1861,mod_jk child workerEnv in error state <*>,2005-12-05 16:26:05,,,,1,True,False,False,FAILURE
1862,2005-12-05,16:26:05,Info,workerEnv.init,workerEnv.init() ok /etc/httpd/conf/workers2.properties,E1862,workerEnv.init() ok /etc/httpd/conf/workers2.properties,2005-12-05 16:26:05,,,,0,False,False,False,INIT
1863,2005-12-05,16:26:05,Error,mod_jk,mod_jk child workerEnv in error state 6,E1863,mod_jk child workerEnv in error state <*>,2005-12-05 16:26:05,,,,1,True,False,False,FAILURE
1864,2005-12-05,16:26:05,Info,workerEnv.init,workerEnv.init() ok /etc/httpd/conf/workers2.properties,E1864,workerEnv.init() ok /etc/httpd/conf/workers2.properties,2005-12-05 16:26:05,,,,0,False,False,False,INIT
1865,2005-12-05,16:26:05,Error,mod_jk,mod_jk child workerEnv in error state 6,E1865,mod_jk child workerEnv in error state <*>,2005-12-05 16:26:05,,,,1,True,False,False,FAILURE
1866,2005-12-05,16:31:48,Info,jk2_init,jk2_init() Found child 6420 in scoreboard slot 6,E1866,jk2_init() Found child <*> in scoreboard slot <*>,2005-12-05 16:31:48,,,,2,False,False,False,INIT
1867,2005-12-05,16:31:49,Info,jk2_init,jk2_init() Found child 6421 in scoreboard slot 7,E1867,jk2_init() Found child <*> in scoreboard slot <*>,2005-12-05 16:31:49,,,,2,False,False,False,INIT
1868,2005-12-05,16:31:49,Info,jk2_init,jk2_init() Found child 6422 in scoreboard slot 8,E1868,jk2_init() Found child <*> in scoreboard slot <*>,2005-12-05 16:31:49,,,,2,False,False,False,INIT
1869,2005-12-05,16:31:52,Info,workerEnv.init,workerEnv.init() ok /etc/httpd/conf/workers2.properties,E1869,workerEnv.init() ok /etc/httpd/conf/workers2.properties,2005-12-05 16:31:52,,,,0,False,False,False,INIT
1870,2005-12-05,16:31:52,Info,workerEnv.init,workerEnv.init() ok /etc/httpd/conf/workers2.properties,E1870,workerEnv.init() ok /etc/httpd/conf/workers2.properties,2005-12-05 16:31:52,,,,0,False,False,False,INIT
1871,2005-12-05,16:31:52,Info,workerEnv.init,workerEnv.init() ok /etc/httpd/conf/workers2.properties,E1871,workerEnv.init() ok /etc/httpd/conf/workers2.properties,2005-12-05 16:31:52,,,,0,False,False,False,INIT
1872,2005-12-05,16:31:52,Error,mod_jk,mod_jk child workerEnv in error state 6,E1872,mod_jk child workerEnv in error state <*>,2005-12-05 16:31:52,,,,1,True,False,False,FAILURE
1873,2005-12-05,16:31:52,Error,mod_jk,mod_jk child workerEnv in error state 6,E1873,mod_jk child workerEnv in error state <*>,2005-12-05 16:31:52,,,,1,True,False,False,FAILURE
1874,2005-12-05,16:31:52,Error,mod_jk,mod_jk child workerEnv in error state 6,E1874,mod_jk child workerEnv in error state <*>,2005-12-05 16:31:52,,,,1,True,False,False,FAILURE
1875,2005-12-05,16:36:06,Info,jk2_init,jk2_init() Found child 6434 in scoreboard slot 7,E1875,jk2_init() Found child <*> in scoreboard slot <*>,2005-12-05 16:36:06,,,,2,False,False,False,INIT
1876,2005-12-05,16:36:06,Info,jk2_init,jk2_init() Found child 6433 in scoreboard slot 6,E1876,jk2_init() Found child <*> in scoreboard slot <*>,2005-12-05 16:36:06,,,,2,False,False,False,INIT
1877,2005-12-05,16:36:42,Info,jk2_init,jk2_init() Found child 6435 in scoreboard slot 8,E1877,jk2_init() Found child <*> in scoreboard slot <*>,2005-12-05 16:36:42,,,,2,False,False,False,INIT
1878,2005-12-05,16:37:03,Info,jk2_init,jk2_init() Found child 6437 in scoreboard slot 7,E1878,jk2_init() Found child <*> in scoreboard slot <*>,2005-12-05 16:37:03,,,,2,False,False,False,INIT
1879,2005-12-05,16:38:17,Info,jk2_init,jk2_init() Found child 6443 in scoreboard slot 7,E1879,jk2_init() Found child <*> in scoreboard slot <*>,2005-12-05 16:38:17,,,,2,False,False,False,INIT
1880,2005-12-05,16:38:17,Info,jk2_init,jk2_init() Found child 6442 in scoreboard slot 6,E1880,jk2_init() Found child <*> in scoreboard slot <*>,2005-12-05 16:38:17,,,,2,False,False,False,INIT
1881,2005-12-05,16:39:59,Info,jk2_init,jk2_init() Found child 6453 in scoreboard slot 10,E1881,jk2_init() Found child <*> in scoreboard slot <*>,2005-12-05 16:39:59,,,,2,False,False,False,INIT
1882,2005-12-05,16:39:59,Info,jk2_init,jk2_init() Found child 6451 in scoreboard slot 7,E1882,jk2_init() Found child <*> in scoreboard slot <*>,2005-12-05 16:39:59,,,,2,False,False,False,INIT
1883,2005-12-05,16:39:59,Info,jk2_init,jk2_init() Found child 6452 in scoreboard slot 8,E1883,jk2_init() Found child <*> in scoreboard slot <*>,2005-12-05 16:39:59,,,,2,False,False,False,INIT
1884,2005-12-05,16:40:06,Info,workerEnv.init,workerEnv.init() ok /etc/httpd/conf/workers2.properties,E1884,workerEnv.init() ok /etc/httpd/conf/workers2.properties,2005-12-05 16:40:06,,,,0,False,False,False,INIT
1885,2005-12-05,16:40:06,Info,workerEnv.init,workerEnv.init() ok /etc/httpd/conf/workers2.properties,E1885,workerEnv.init() ok /etc/httpd/conf/workers2.properties,2005-12-05 16:40:06,,,,0,False,False,False,INIT
1886,2005-12-05,16:40:06,Info,workerEnv.init,workerEnv.init() ok /etc/httpd/conf/workers2.properties,E1886,workerEnv.init() ok /etc/httpd/conf/workers2.properties,2005-12-05 16:40:06,,,,0,False,False,False,INIT
1887,2005-12-05,16:40:06,Error,mod_jk,mod_jk child workerEnv in error state 9,E1887,mod_jk child workerEnv in error state <*>,2005-12-05 16:40:06,,,,1,True,False,False,FAILURE
1888,2005-12-05,16:40:06,Error,mod_jk,mod_jk child workerEnv in error state 6,E1888,mod_jk child workerEnv in error state <*>,2005-12-05 16:40:06,,,,1,True,False,False,FAILURE
1889,2005-12-05,16:40:06,Error,mod_jk,mod_jk child workerEnv in error state 6,E1889,mod_jk child workerEnv in error state <*>,2005-12-05 16:40:06,,,,1,True,False,False,FAILURE
1890,2005-12-05,16:45:04,Error,client,[client 216.216.185.130] Directory index forbidden by rule: /var/www/html/,E1890,[client <*>.<*>.<*>.<*>] Directory index forbidden by rule: /var/www/html/,2005-12-05 16:45:04,,,,4,True,False,False,FAILURE
1891,2005-12-05,17:31:37,Info,jk2_init,jk2_init() Found child 6561 in scoreboard slot 10,E1891,jk2_init() Found child <*> in scoreboard slot <*>,2005-12-05 17:31:37,,,,2,False,False,False,INIT
1892,2005-12-05,17:31:39,Error,client,[client 218.75.106.250] Directory index forbidden by rule: /var/www/html/,E1892,[client <*>.<*>.<*>.<*>] Directory index forbidden by rule: /var/www/html/,2005-12-05 17:31:39,,,,4,True,False,False,FAILURE
1893,2005-12-05,17:31:41,Info,workerEnv.init,workerEnv.init() ok /etc/httpd/conf/workers2.properties,E1893,workerEnv.init() ok /etc/httpd/conf/workers2.properties,2005-12-05 17:31:41,,,,0,False,False,False,INIT
1894,2005-12-05,17:31:41,Error,mod_jk,mod_jk child workerEnv in error state 6,E1894,mod_jk child workerEnv in error state <*>,2005-12-05 17:31:41,,,,1,True,False,False,FAILURE
1895,2005-12-05,17:35:57,Info,jk2_init,jk2_init() Found child 6569 in scoreboard slot 8,E1895,jk2_init() Found child <*> in scoreboard slot <*>,2005-12-05 17:35:57,,,,2,False,False,False,INIT
1896,2005-12-05,17:35:57,Info,jk2_init,jk2_init() Found child 6568 in scoreboard slot 7,E1896,jk2_init() Found child <*> in scoreboard slot <*>,2005-12-05 17:35:57,,,,2,False,False,False,INIT
1897,2005-12-05,17:35:58,Info,workerEnv.init,workerEnv.init() ok /etc/httpd/conf/workers2.properties,E1897,workerEnv.init() ok /etc/httpd/conf/workers2.properties,2005-12-05 17:35:58,,,,0,False,False,False,INIT
1898,2005-12-05,17:35:58,Error,mod_jk,mod_jk child workerEnv in error state 6,E1898,mod_jk child workerEnv in error state <*>,2005-12-05 17:35:58,,,,1,True,False,False,FAILURE
1899,2005-12-05,17:35:58,Info,workerEnv.init,workerEnv.init() ok /etc/httpd/conf/workers2.properties,E1899,workerEnv.init() ok /etc/httpd/conf/workers2.properties,2005-12-05 17:35:58,,,,0,False,False,False,INIT
1900,2005-12-05,17:35:58,Error,mod_jk,mod_jk child workerEnv in error state 6,E1900,mod_jk child workerEnv in error state <*>,2005-12-05 17:35:58,,,,1,True,False,False,FAILURE
1901,2005-12-05,17:40:38,Info,jk2_init,jk2_init() Found child 6577 in scoreboard slot 7,E1901,jk2_init() Found child <*> in scoreboard slot <*>,2005-12-05 17:40:38,,,,2,False,False,False,INIT
1902,2005-12-05,17:40:38,Info,jk2_init,jk2_init() Found child 6578 in scoreboard slot 8,E1902,jk2_init() Found child <*> in scoreboard slot <*>,2005-12-05 17:40:38,,,,2,False,False,False,INIT
1903,2005-12-05,17:40:39,Info,workerEnv.init,workerEnv.init() ok /etc/httpd/conf/workers2.properties,E1903,workerEnv.init() ok /etc/httpd/conf/workers2.properties,2005-12-05 17:40:39,,,,0,False,False,False,INIT
1904,2005-12-05,17:40:39,Error,mod_jk,mod_jk child workerEnv in error state 6,E1904,mod_jk child workerEnv in error state <*>,2005-12-05 17:40:39,,,,1,True,False,False,FAILURE
1905,2005-12-05,17:40:39,Info,workerEnv.init,workerEnv.init() ok /etc/httpd/conf/workers2.properties,E1905,workerEnv.init() ok /etc/httpd/conf/workers2.properties,2005-12-05 17:40:39,,,,0,False,False,False,INIT
1906,2005-12-05,17:40:39,Error,mod_jk,mod_jk child workerEnv in error state 6,E1906,mod_jk child workerEnv in error state <*>,2005-12-05 17:40:39,,,,1,True,False,False,FAILURE
1907,2005-12-05,17:46:02,Info,jk2_init,jk2_init() Found child 6585 in scoreboard slot 7,E1907,jk2_init() Found child <*> in scoreboard slot <*>,2005-12-05 17:46:02,,,,2,False,False,False,INIT
1908,2005-12-05,17:46:02,Info,jk2_init,jk2_init() Found child 6586 in scoreboard slot 8,E1908,jk2_init() Found child <*> in scoreboard slot <*>,2005-12-05 17:46:02,,,,2,False,False,False,INIT
1909,2005-12-05,17:46:06,Info,workerEnv.init,workerEnv.init() ok /etc/httpd/conf/workers2.properties,E1909,workerEnv.init() ok /etc/httpd/conf/workers2.properties,2005-12-05 17:46:06,,,,0,False,False,False,INIT
1910,2005-12-05,17:46:06,Info,workerEnv.init,workerEnv.init() ok /etc/httpd/conf/workers2.properties,E1910,workerEnv.init() ok /etc/httpd/conf/workers2.properties,2005-12-05 17:46:06,,,,0,False,False,False,INIT
1911,2005-12-05,17:46:06,Error,mod_jk,mod_jk child workerEnv in error state 6,E1911,mod_jk child workerEnv in error state <*>,2005-12-05 17:46:06,,,,1,True,False,False,FAILURE
1912,2005-12-05,17:46:06,Error,mod_jk,mod_jk child workerEnv in error state 6,E1912,mod_jk child workerEnv in error state <*>,2005-12-05 17:46:06,,,,1,True,False,False,FAILURE
1913,2005-12-05,17:50:40,Info,jk2_init,jk2_init() Found child 6595 in scoreboard slot 8,E1913,jk2_init() Found child <*> in scoreboard slot <*>,2005-12-05 17:50:40,,,,2,False,False,False,INIT
1914,2005-12-05,17:50:40,Info,jk2_init,jk2_init() Found child 6594 in scoreboard slot 7,E1914,jk2_init() Found child <*> in scoreboard slot <*>,2005-12-05 17:50:40,,,,2,False,False,False,INIT
1915,2005-12-05,17:50:41,Info,workerEnv.init,workerEnv.init() ok /etc/httpd/conf/workers2.properties,E1915,workerEnv.init() ok /etc/httpd/conf/workers2.properties,2005-12-05 17:50:41,,,,0,False,False,False,INIT
1916,2005-12-05,17:50:41,Error,mod_jk,mod_jk child workerEnv in error state 6,E1916,mod_jk child workerEnv in error state <*>,2005-12-05 17:50:41,,,,1,True,False,False,FAILURE
1917,2005-12-05,17:50:41,Info,workerEnv.init,workerEnv.init() ok /etc/httpd/conf/workers2.properties,E1917,workerEnv.init() ok /etc/httpd/conf/workers2.properties,2005-12-05 17:50:41,,,,0,False,False,False,INIT
1918,2005-12-05,17:50:41,Error,mod_jk,mod_jk child workerEnv in error state 6,E1918,mod_jk child workerEnv in error state <*>,2005-12-05 17:50:41,,,,1,True,False,False,FAILURE
1919,2005-12-05,17:55:35,Info,jk2_init,jk2_init() Found child 6601 in scoreboard slot 8,E1919,jk2_init() Found child <*> in scoreboard slot <*>,2005-12-05 17:55:35,,,,2,False,False,False,INIT
1920,2005-12-05,17:55:35,Info,jk2_init,jk2_init() Found child 6600 in scoreboard slot 7,E1920,jk2_init() Found child <*> in scoreboard slot <*>,2005-12-05 17:55:35,,,,2,False,False,False,INIT
1921,2005-12-05,17:55:35,Info,workerEnv.init,workerEnv.init() ok /etc/httpd/conf/workers2.properties,E1921,workerEnv.init() ok /etc/httpd/conf/workers2.properties,2005-12-05 17:55:35,,,,0,False,False,False,INIT
1922,2005-12-05,17:55:35,Info,workerEnv.init,workerEnv.init() ok /etc/httpd/conf/workers2.properties,E1922,workerEnv.init() ok /etc/httpd/conf/workers2.properties,2005-12-05 17:55:35,,,,0,False,False,False,INIT
1923,2005-12-05,17:55:35,Error,mod_jk,mod_jk child workerEnv in error state 6,E1923,mod_jk child workerEnv in error state <*>,2005-12-05 17:55:35,,,,1,True,False,False,FAILURE
1924,2005-12-05,17:55:35,Error,mod_jk,mod_jk child workerEnv in error state 6,E1924,mod_jk child workerEnv in error state <*>,2005-12-05 17:55:35,,,,1,True,False,False,FAILURE
1925,2005-12-05,18:00:24,Info,jk2_init,jk2_init() Found child 6609 in scoreboard slot 7,E1925,jk2_init() Found child <*> in scoreboard slot <*>,2005-12-05 18:00:24,,,,2,False,False,False,INIT
1926,2005-12-05,18:00:26,Info,workerEnv.init,workerEnv.init() ok /etc/httpd/conf/workers2.properties,E1926,workerEnv.init() ok /etc/httpd/conf/workers2.properties,2005-12-05 18:00:26,,,,0,False,False,False,INIT
1927,2005-12-05,18:00:26,Error,mod_jk,mod_jk child workerEnv in error state 6,E1927,mod_jk child workerEnv in error state <*>,2005-12-05 18:00:26,,,,1,True,False,False,FAILURE
1928,2005-12-05,18:10:56,Info,jk2_init,jk2_init() Found child 6639 in scoreboard slot 7,E1928,jk2_init() Found child <*> in scoreboard slot <*>,2005-12-05 18:10:56,,,,2,False,False,False,INIT
1929,2005-12-05,18:10:56,Info,jk2_init,jk2_init() Found child 6638 in scoreboard slot 8,E1929,jk2_init() Found child <*> in scoreboard slot <*>,2005-12-05 18:10:56,,,,2,False,False,False,INIT
1930,2005-12-05,18:10:58,Info,workerEnv.init,workerEnv.init() ok /etc/httpd/conf/workers2.properties,E1930,workerEnv.init() ok /etc/httpd/conf/workers2.properties,2005-12-05 18:10:58,,,,0,False,False,False,INIT
1931,2005-12-05,18:10:58,Error,mod_jk,mod_jk child workerEnv in error state 6,E1931,mod_jk child workerEnv in error state <*>,2005-12-05 18:10:58,,,,1,True,False,False,FAILURE
1932,2005-12-05,18:10:58,Info,workerEnv.init,workerEnv.init() ok /etc/httpd/conf/workers2.properties,E1932,workerEnv.init() ok /etc/httpd/conf/workers2.properties,2005-12-05 18:10:58,,,,0,False,False,False,INIT
1933,2005-12-05,18:10:58,Error,mod_jk,mod_jk child workerEnv in error state 6,E1933,mod_jk child workerEnv in error state <*>,2005-12-05 18:10:58,,,,1,True,False,False,FAILURE
1934,2005-12-05,18:15:45,Info,jk2_init,jk2_init() Found child 6652 in scoreboard slot 7,E1934,jk2_init() Found child <*> in scoreboard slot <*>,2005-12-05 18:15:45,,,,2,False,False,False,INIT
1935,2005-12-05,18:15:45,Info,jk2_init,jk2_init() Found child 6651 in scoreboard slot 8,E1935,jk2_init() Found child <*> in scoreboard slot <*>,2005-12-05 18:15:45,,,,2,False,False,False,INIT
1936,2005-12-05,18:15:47,Info,workerEnv.init,workerEnv.init() ok /etc/httpd/conf/workers2.properties,E1936,workerEnv.init() ok /etc/httpd/conf/workers2.properties,2005-12-05 18:15:47,,,,0,False,False,False,INIT
1937,2005-12-05,18:15:47,Info,workerEnv.init,workerEnv.init() ok /etc/httpd/conf/workers2.properties,E1937,workerEnv.init() ok /etc/httpd/conf/workers2.properties,2005-12-05 18:15:47,,,,0,False,False,False,INIT
1938,2005-12-05,18:15:47,Error,mod_jk,mod_jk child workerEnv in error state 6,E1938,mod_jk child workerEnv in error state <*>,2005-12-05 18:15:47,,,,1,True,False,False,FAILURE
1939,2005-12-05,18:15:47,Error,mod_jk,mod_jk child workerEnv in error state 6,E1939,mod_jk child workerEnv in error state <*>,2005-12-05 18:15:47,,,,1,True,False,False,FAILURE
1940,2005-12-05,18:20:51,Info,jk2_init,jk2_init() Found child 6670 in scoreboard slot 7,E1940,jk2_init() Found child <*> in scoreboard slot <*>,2005-12-05 18:20:51,,,,2,False,False,False,INIT
1941,2005-12-05,18:20:51,Info,jk2_init,jk2_init() Found child 6669 in scoreboard slot 8,E1941,jk2_init() Found child <*> in scoreboard slot <*>,2005-12-05 18:20:51,,,,2,False,False,False,INIT
1942,2005-12-05,18:20:53,Info,workerEnv.init,workerEnv.init() ok /etc/httpd/conf/workers2.properties,E1942,workerEnv.init() ok /etc/httpd/conf/workers2.properties,2005-12-05 18:20:53,,,,0,False,False,False,INIT
1943,2005-12-05,18:20:53,Error,mod_jk,mod_jk child workerEnv in error state 6,E1943,mod_jk child workerEnv in error state <*>,2005-12-05 18:20:53,,,,1,True,False,False,FAILURE
1944,2005-12-05,18:20:53,Info,workerEnv.init,workerEnv.init() ok /etc/httpd/conf/workers2.properties,E1944,workerEnv.init() ok /etc/httpd/conf/workers2.properties,2005-12-05 18:20:53,,,,0,False,False,False,INIT
1945,2005-12-05,18:20:53,Error,mod_jk,mod_jk child workerEnv in error state 6,E1945,mod_jk child workerEnv in error state <*>,2005-12-05 18:20:53,,,,1,True,False,False,FAILURE
1946,2005-12-05,18:26:06,Info,jk2_init,jk2_init() Found child 6684 in scoreboard slot 7,E1946,jk2_init() Found child <*> in scoreboard slot <*>,2005-12-05 18:26:06,,,,2,False,False,False,INIT
1947,2005-12-05,18:27:29,Info,jk2_init,jk2_init() Found child 6688 in scoreboard slot 8,E1947,jk2_init() Found child <*> in scoreboard slot <*>,2005-12-05 18:27:29,,,,2,False,False,False,INIT
1948,2005-12-05,18:27:33,Info,workerEnv.init,workerEnv.init() ok /etc/httpd/conf/workers2.properties,E1948,workerEnv.init() ok /etc/httpd/conf/workers2.properties,2005-12-05 18:27:33,,,,0,False,False,False,INIT
1949,2005-12-05,18:27:33,Error,mod_jk,mod_jk child workerEnv in error state 6,E1949,mod_jk child workerEnv in error state <*>,2005-12-05 18:27:33,,,,1,True,False,False,FAILURE
1950,2005-12-05,18:27:37,Info,jk2_init,jk2_init() Found child 6689 in scoreboard slot 7,E1950,jk2_init() Found child <*> in scoreboard slot <*>,2005-12-05 18:27:37,,,,2,False,False,False,INIT
1951,2005-12-05,18:27:37,Info,workerEnv.init,workerEnv.init() ok /etc/httpd/conf/workers2.properties,E1951,workerEnv.init() ok /etc/httpd/conf/workers2.properties,2005-12-05 18:27:37,,,,0,False,False,False,INIT
1952,2005-12-05,18:27:37,Error,mod_jk,mod_jk child workerEnv in error state 7,E1952,mod_jk child workerEnv in error state <*>,2005-12-05 18:27:37,,,,1,True,False,False,FAILURE
1953,2005-12-05,18:35:51,Info,jk2_init,jk2_init() Found child 6707 in scoreboard slot 8,E1953,jk2_init() Found child <*> in scoreboard slot <*>,2005-12-05 18:35:51,,,,2,False,False,False,INIT
1954,2005-12-05,18:35:51,Info,jk2_init,jk2_init() Found child 6708 in scoreboard slot 7,E1954,jk2_init() Found child <*> in scoreboard slot <*>,2005-12-05 18:35:51,,,,2,False,False,False,INIT
1955,2005-12-05,18:35:53,Info,workerEnv.init,workerEnv.init() ok /etc/httpd/conf/workers2.properties,E1955,workerEnv.init() ok /etc/httpd/conf/workers2.properties,2005-12-05 18:35:53,,,,0,False,False,False,INIT
1956,2005-12-05,18:35:53,Error,mod_jk,mod_jk child workerEnv in error state 6,E1956,mod_jk child workerEnv in error state <*>,2005-12-05 18:35:53,,,,1,True,False,False,FAILURE
1957,2005-12-05,18:35:53,Info,workerEnv.init,workerEnv.init() ok /etc/httpd/conf/workers2.properties,E1957,workerEnv.init() ok /etc/httpd/conf/workers2.properties,2005-12-05 18:35:53,,,,0,False,False,False,INIT
1958,2005-12-05,18:35:53,Error,mod_jk,mod_jk child workerEnv in error state 6,E1958,mod_jk child workerEnv in error state <*>,2005-12-05 18:35:53,,,,1,True,False,False,FAILURE
1959,2005-12-05,18:40:54,Info,jk2_init,jk2_init() Found child 6719 in scoreboard slot 7,E1959,jk2_init() Found child <*> in scoreboard slot <*>,2005-12-05 18:40:54,,,,2,False,False,False,INIT
1960,2005-12-05,18:40:54,Info,jk2_init,jk2_init() Found child 6718 in scoreboard slot 8,E1960,jk2_init() Found child <*> in scoreboard slot <*>,2005-12-05 18:40:54,,,,2,False,False,False,INIT
1961,2005-12-05,18:40:54,Info,workerEnv.init,workerEnv.init() ok /etc/httpd/conf/workers2.properties,E1961,workerEnv.init() ok /etc/httpd/conf/workers2.properties,2005-12-05 18:40:54,,,,0,False,False,False,INIT
1962,2005-12-05,18:40:54,Error,mod_jk,mod_jk child workerEnv in error state 6,E1962,mod_jk child workerEnv in error state <*>,2005-12-05 18:40:54,,,,1,True,False,False,FAILURE
1963,2005-12-05,18:40:54,Info,workerEnv.init,workerEnv.init() ok /etc/httpd/conf/workers2.properties,E1963,workerEnv.init() ok /etc/httpd/conf/workers2.properties,2005-12-05 18:40:54,,,,0,False,False,False,INIT
1964,2005-12-05,18:40:54,Error,mod_jk,mod_jk child workerEnv in error state 6,E1964,mod_jk child workerEnv in error state <*>,2005-12-05 18:40:54,,,,1,True,False,False,FAILURE
1965,2005-12-05,18:45:51,Info,jk2_init,jk2_init() Found child 6725 in scoreboard slot 7,E1965,jk2_init() Found child <*> in scoreboard slot <*>,2005-12-05 18:45:51,,,,2,False,False,False,INIT
1966,2005-12-05,18:45:51,Info,jk2_init,jk2_init() Found child 6724 in scoreboard slot 8,E1966,jk2_init() Found child <*> in scoreboard slot <*>,2005-12-05 18:45:51,,,,2,False,False,False,INIT
1967,2005-12-05,18:45:53,Info,workerEnv.init,workerEnv.init() ok /etc/httpd/conf/workers2.properties,E1967,workerEnv.init() ok /etc/httpd/conf/workers2.properties,2005-12-05 18:45:53,,,,0,False,False,False,INIT
1968,2005-12-05,18:45:53,Error,mod_jk,mod_jk child workerEnv in error state 6,E1968,mod_jk child workerEnv in error state <*>,2005-12-05 18:45:53,,,,1,True,False,False,FAILURE
1969,2005-12-05,18:45:53,Info,workerEnv.init,workerEnv.init() ok /etc/httpd/conf/workers2.properties,E1969,workerEnv.init() ok /etc/httpd/conf/workers2.properties,2005-12-05 18:45:53,,,,0,False,False,False,INIT
1970,2005-12-05,18:45:53,Error,mod_jk,mod_jk child workerEnv in error state 6,E1970,mod_jk child workerEnv in error state <*>,2005-12-05 18:45:53,,,,1,True,False,False,FAILURE
1971,2005-12-05,18:50:30,Info,jk2_init,jk2_init() Found child 6733 in scoreboard slot 8,E1971,jk2_init() Found child <*> in scoreboard slot <*>,2005-12-05 18:50:30,,,,2,False,False,False,INIT
1972,2005-12-05,18:50:31,Info,workerEnv.init,workerEnv.init() ok /etc/httpd/conf/workers2.properties,E1972,workerEnv.init() ok /etc/httpd/conf/workers2.properties,2005-12-05 18:50:31,,,,0,False,False,False,INIT
1973,2005-12-05,18:50:31,Error,mod_jk,mod_jk child workerEnv in error state 6,E1973,mod_jk child workerEnv in error state <*>,2005-12-05 18:50:31,,,,1,True,False,False,FAILURE
1974,2005-12-05,18:56:03,Info,jk2_init,jk2_init() Found child 6740 in scoreboard slot 7,E1974,jk2_init() Found child <*> in scoreboard slot <*>,2005-12-05 18:56:03,,,,2,False,False,False,INIT
1975,2005-12-05,18:56:03,Info,jk2_init,jk2_init() Found child 6741 in scoreboard slot 8,E1975,jk2_init() Found child <*> in scoreboard slot <*>,2005-12-05 18:56:03,,,,2,False,False,False,INIT
1976,2005-12-05,18:56:04,Info,workerEnv.init,workerEnv.init() ok /etc/httpd/conf/workers2.properties,E1976,workerEnv.init() ok /etc/httpd/conf/workers2.properties,2005-12-05 18:56:04,,,,0,False,False,False,INIT
1977,2005-12-05,18:56:04,Error,mod_jk,mod_jk child workerEnv in error state 6,E1977,mod_jk child workerEnv in error state <*>,2005-12-05 18:56:04,,,,1,True,False,False,FAILURE
1978,2005-12-05,18:56:04,Info,workerEnv.init,workerEnv.init() ok /etc/httpd/conf/workers2.properties,E1978,workerEnv.init() ok /etc/httpd/conf/workers2.properties,2005-12-05 18:56:04,,,,0,False,False,False,INIT
1979,2005-12-05,18:56:04,Error,mod_jk,mod_jk child workerEnv in error state 6,E1979,mod_jk child workerEnv in error state <*>,2005-12-05 18:56:04,,,,1,True,False,False,FAILURE
1980,2005-12-05,19:00:43,Info,jk2_init,jk2_init() Found child 6750 in scoreboard slot 8,E1980,jk2_init() Found child <*> in scoreboard slot <*>,2005-12-05 19:00:43,,,,2,False,False,False,INIT
1981,2005-12-05,19:00:43,Info,jk2_init,jk2_init() Found child 6749 in scoreboard slot 7,E1981,jk2_init() Found child <*> in scoreboard slot <*>,2005-12-05 19:00:43,,,,2,False,False,False,INIT
1982,2005-12-05,19:00:44,Info,workerEnv.init,workerEnv.init() ok /etc/httpd/conf/workers2.properties,E1982,workerEnv.init() ok /etc/httpd/conf/workers2.properties,2005-12-05 19:00:44,,,,0,False,False,False,INIT
1983,2005-12-05,19:00:44,Info,workerEnv.init,workerEnv.init() ok /etc/httpd/conf/workers2.properties,E1983,workerEnv.init() ok /etc/httpd/conf/workers2.properties,2005-12-05 19:00:44,,,,0,False,False,False,INIT
1984,2005-12-05,19:00:44,Error,mod_jk,mod_jk child workerEnv in error state 6,E1984,mod_jk child workerEnv in error state <*>,2005-12-05 19:00:44,,,,1,True,False,False,FAILURE
1985,2005-12-05,19:00:44,Error,mod_jk,mod_jk child workerEnv in error state 6,E1985,mod_jk child workerEnv in error state <*>,2005-12-05 19:00:44,,,,1,True,False,False,FAILURE
1986,2005-12-05,19:00:54,Info,jk2_init,jk2_init() Found child 6751 in scoreboard slot 10,E1986,jk2_init() Found child <*> in scoreboard slot <*>,2005-12-05 19:00:54,,,,2,False,False,False,INIT
1987,2005-12-05,19:00:54,Info,workerEnv.init,workerEnv.init() ok /etc/httpd/conf/workers2.properties,E1987,workerEnv.init() ok /etc/httpd/conf/workers2.properties,2005-12-05 19:00:54,,,,0,False,False,False,INIT
1988,2005-12-05,19:00:54,Error,mod_jk,mod_jk child workerEnv in error state 6,E1988,mod_jk child workerEnv in error state <*>,2005-12-05 19:00:54,,,,1,True,False,False,FAILURE
1989,2005-12-05,19:00:56,Error,client,[client 68.228.3.15] Directory index forbidden by rule: /var/www/html/,E1989,[client <*>.<*>.<*>.<*>] Directory index forbidden by rule: /var/www/html/,2005-12-05 19:00:56,,,,4,True,False,False,FAILURE
1990,2005-12-05,19:11:00,Info,jk2_init,jk2_init() Found child 6780 in scoreboard slot 7,E1990,jk2_init() Found child <*> in scoreboard slot <*>,2005-12-05 19:11:00,,,,2,False,False,False,INIT
1991,2005-12-05,19:11:04,Info,workerEnv.init,workerEnv.init() ok /etc/httpd/conf/workers2.properties,E1991,workerEnv.init() ok /etc/httpd/conf/workers2.properties,2005-12-05 19:11:04,,,,0,False,False,False,INIT
1992,2005-12-05,19:11:04,Error,mod_jk,mod_jk child workerEnv in error state 6,E1992,mod_jk child workerEnv in error state <*>,2005-12-05 19:11:04,,,,1,True,False,False,FAILURE
1993,2005-12-05,19:14:08,Info,jk2_init,jk2_init() Found child 6784 in scoreboard slot 8,E1993,jk2_init() Found child <*> in scoreboard slot <*>,2005-12-05 19:14:08,,,,2,False,False,False,INIT
1994,2005-12-05,19:14:09,Error,client,[client 61.220.139.68] Directory index forbidden by rule: /var/www/html/,E1994,[client <*>.<*>.<*>.<*>] Directory index forbidden by rule: /var/www/html/,2005-12-05 19:14:09,,,,4,True,False,False,FAILURE
1995,2005-12-05,19:14:11,Info,workerEnv.init,workerEnv.init() ok /etc/httpd/conf/workers2.properties,E1995,workerEnv.init() ok /etc/httpd/conf/workers2.properties,2005-12-05 19:14:11,,,,0,False,False,False,INIT
1996,2005-12-05,19:14:11,Error,mod_jk,mod_jk child workerEnv in error state 6,E1996,mod_jk child workerEnv in error state <*>,2005-12-05 19:14:11,,,,1,True,False,False,FAILURE
1997,2005-12-05,19:15:55,Info,jk2_init,jk2_init() Found child 6791 in scoreboard slot 8,E1997,jk2_init() Found child <*> in scoreboard slot <*>,2005-12-05 19:15:55,,,,2,False,False,False,INIT
1998,2005-12-05,19:15:55,Info,jk2_init,jk2_init() Found child 6790 in scoreboard slot 7,E1998,jk2_init() Found child <*> in scoreboard slot <*>,2005-12-05 19:15:55,,,,2,False,False,False,INIT
1999,2005-12-05,19:15:57,Info,workerEnv.init,workerEnv.init() ok /etc/httpd/conf/workers2.properties,E1999,workerEnv.init() ok /etc/httpd/conf/workers2.properties,2005-12-05 19:15:57,,,,0,False,False,False,INIT
2000,2005-12-05,19:15:57,Error,mod_jk,mod_jk child workerEnv in error state 6,E2000,mod_jk child workerEnv in error state <*>,2005-12-05 19:15:57,,,,1,True,False,False,FAILURE
